alias	alias_norm	target_id	target_type	kind
1st-Degree Droids	1st degree droid	droid:1st_degree_droid	droid	title
1st-Degree Droids	1st degree droid	wiki:1st-Degree_Droids	droid	title
1st-Degree Droid Talent Tree	1st degree droid talent tree	talent-tree:1st_degree_droid_talent_tree	talent-tree	title
1st-Degree Droid Talent Tree	1st degree droid talent tree	wiki:1st-Degree_Droid_Talent_Tree	talent-tree	title
2nd-Degree Droids	2nd degree droid	droid:2nd_degree_droid	droid	title
2nd-Degree Droids	2nd degree droid	wiki:2nd-Degree_Droids	droid	title
2nd-Degree Droid Talent Tree	2nd degree droid talent tree	talent-tree:2nd_degree_droid_talent_tree	talent-tree	title
2nd-Degree Droid Talent Tree	2nd degree droid talent tree	wiki:2nd-Degree_Droid_Talent_Tree	talent-tree	title
3rd-Degree Droids	3rd degree droid	droid:3rd_degree_droid	droid	title
3rd-Degree Droids	3rd degree droid	wiki:3rd-Degree_Droids	droid	title
3rd-Degree Droid Talent Tree	3rd degree droid talent tree	talent-tree:3rd_degree_droid_talent_tree	talent-tree	title
3rd-Degree Droid Talent Tree	3rd degree droid talent tree	wiki:3rd-Degree_Droid_Talent_Tree	talent-tree	title
4th-Degree Droids	4th degree droid	droid:4th_degree_droid	droid	title
4th-Degree Droids	4th degree droid	wiki:4th-Degree_Droids	droid	title
4th-Degree Droid Talent Tree	4th degree droid talent tree	talent-tree:4th_degree_droid_talent_tree	talent-tree	title
4th-Degree Droid Talent Tree	4th degree droid talent tree	wiki:4th-Degree_Droid_Talent_Tree	talent-tree	title
5th-Degree Droids	5th degree droid	droid:5th_degree_droid	droid	title
5th-Degree Droids	5th degree droid	wiki:5th-Degree_Droids	droid	title
5th-Degree Droid Talent Tree	5th degree droid talent tree	talent-tree:5th_degree_droid_talent_tree	talent-tree	title
5th-Degree Droid Talent Tree	5th degree droid talent tree	wiki:5th-Degree_Droid_Talent_Tree	talent-tree	title
Abilities	abilitie	rule:abilitie	rule	title
Abilities	abilitie	wiki:Abilities	rule	title
Ability	ability	wiki:Abilities	rule	redirect
Ability Scores	ability score	wiki:Abilities	rule	redirect
Accelerated Strike	accelerated strike	feat:accelerated_strike	feat	title
Accelerated Strike	accelerated strike	wiki:Accelerated_Strike	feat	title
Accurate Blow	accurate blow	talent:accurate_blow	talent	title
Ace Pilot	ace pilot	prestige-class:ace_pilot	prestige-class	title
Ace Pilot	ace pilot	wiki:Ace_Pilot	prestige-class	title
Acrobatics	acrobatic	wiki:Acrobatics	skill	slug
Acrobatic Ally	acrobatic ally	feat:acrobatic_ally	feat	title
Acrobatic Ally	acrobatic ally	wiki:Acrobatic_Ally	feat	title
Acrobatic Dodge	acrobatic dodge	feat:acrobatic_dodge	feat	title
Acrobatic Dodge	acrobatic dodge	wiki:Acrobatic_Dodge	feat	title
Acrobatic Recovery	acrobatic recovery	talent:acrobatic_recovery	talent	title
Acrobatic Strike	acrobatic strike	feat:acrobatic_strike	feat	title
Acrobatic Strike	acrobatic strike	wiki:Acrobatic_Strike	feat	title
Acrobatics (Dex)	acrobatics dex	skill:acrobatics_dex	skill	title
Acrobatics (Dex)	acrobatics dex	wiki:Acrobatics	skill	title
Actions	action	rule:action	rule	title
Actions	action	wiki:Actions	rule	title
Action Exchange	action exchange	talent:action_exchange	talent	title
Acurate Blow	acurate blow	talent:acurate_blow	talent	title
Acute Senses	acute sense	talent:acute_sense	talent	title
Adapt and Survive	adapt and survive	talent:adapt_and_survive	talent	title
Adaptable Talent	adaptable talent	feat:adaptable_talent	feat	title
Adaptable Talent	adaptable talent	wiki:Adaptable_Talent	feat	title
Adept Assistant	adept assistant	talent:adept_assistant	talent	title
Adept Negotiator	adept negotiator	talent:adept_negotiator	talent	title
Adept Spellcaster	adept spellcaster	talent:adept_spellcaster	talent	title
Adrenaline Implant	adrenaline implant	talent:adrenaline_implant	talent	title
Advance Patrol Talent Tree	advance patrol talent tree	talent-tree:advance_patrol_talent_tree	talent-tree	title
Advance Patrol Talent Tree	advance patrol talent tree	wiki:Advance_Patrol_Talent_Tree	talent-tree	title
Advanced Intel	advanced intel	talent:advanced_intel	talent	title
Advanced Medicine Talent Tree	advanced medicine talent tree	talent-tree:advanced_medicine_talent_tree	talent-tree	title
Advanced Medicine Talent Tree	advanced medicine talent tree	wiki:Advanced_Medicine_Talent_Tree	talent-tree	title
Advanced Planning	advanced planning	talent:advanced_planning	talent	title
Advanced Vital Transfer	advanced vital transfer	class-ability:advanced_vital_transfer	class-ability	title
Advantageous Attack	advantageous attack	feat:advantageous_attack	feat	title
Advantageous Attack	advantageous attack	wiki:Advantageous_Attack	feat	title
Advantageous Cover	advantageous cover	feat:advantageous_cover	feat	title
Advantageous Cover	advantageous cover	wiki:Advantageous_Cover	feat	title
Advantageous Opening	advantageous opening	talent:advantageous_opening	talent	title
Advantageous Positioning	advantageous positioning	talent:advantageous_positioning	talent	title
Advantageous Strike	advantageous strike	talent:advantageous_strike	talent	title
Adversary Lore	adversary lore	talent:adversary_lore	talent	title
Advozse	advozse	species:advozse	species	title
Advozse	advozse	wiki:Advozse	species	title
Affliction	affliction	talent:affliction	talent	title
Agent of Ossus Talent Tree	agent of ossus talent tree	talent-tree:agent_of_ossus_talent_tree	talent-tree	title
Agent of Ossus Talent Tree	agent of ossus talent tree	wiki:Agent_of_Ossus_Talent_Tree	talent-tree	title
The Agents of Ossus	agents of ossus	affiliation:agents_of_ossus	affiliation	title
The Agents of Ossus	agents of ossus	wiki:The_Agents_of_Ossus	affiliation	title
Aggressive Negotiator	aggressive negotiator	talent:aggressive_negotiator	talent	title
Aggressive Surge	aggressive surge	talent:aggressive_surge	talent	title
Aid Another	aid another	action:aid_another	action	title
Aid Another	aid another	wiki:Aid_Another	action	title
Aim	aim	action:aim	action	title
Aim	aim	wiki:Aim	action	title
Aiming Accuracy	aiming accuracy	feat:aiming_accuracy	feat	title
Aiming Accuracy	aiming accuracy	wiki:Aiming_Accuracy	feat	title
The Aing-Tii Monks	aing tii monk	affiliation:aing_tii_monk	affiliation	title
The Aing-Tii Monks	aing tii monk	wiki:The_Aing-Tii_Monks	affiliation	title
Aing-Tii Monk Talent Tree	aing tii monk talent tree	talent-tree:aing_tii_monk_talent_tree	talent-tree	title
Aing-Tii Monk Talent Tree	aing tii monk talent tree	wiki:Aing-Tii_Monk_Talent_Tree	talent-tree	title
Akk Dog Attack Training	akk dog attack training	talent:akk_dog_attack_training	talent	title
Akk Dog Master	akk dog master	talent:akk_dog_master	talent	title
Akk Dog Trainer's Actions	akk dog trainer's action	talent:akk_dog_trainer's_action	talent	title
Akk Dog Training	akk dog training	talent:akk_dog_training	talent	title
Aleena	aleena	species:aleena	species	title
Aleena	aleena	wiki:Aleena	species	title
Alter	alter	wiki:Alter_Talent_Tree	talent-tree	anchor
Alter Talents	alter talent	wiki:Alter_Talent_Tree	talent-tree	anchor
Alter Talent Tree	alter talent tree	talent-tree:alter_talent_tree	talent-tree	title
Alter Talent Tree	alter talent tree	wiki:Alter_Talent_Tree	talent-tree	title
Altiri	altiri	species:altiri	species	title
Altiri	altiri	wiki:Altiri	species	title
Always Ready	always ready	talent:always_ready	talent	title
Amani	amani	species:amani	species	title
Amani	amani	wiki:Amani	species	title
Ambush	ambush	talent:ambush	talent	title
Ambush Commando	ambush commando	talent:ambush_commando	talent	title
Ambush Specialist	ambush specialist	talent:ambush_specialist	talent	title
Ambusher Talent Tree	ambusher talent tree	talent-tree:ambusher_talent_tree	talent-tree	title
Ambusher Talent Tree	ambusher talent tree	wiki:Ambusher_Talent_Tree	talent-tree	title
Ample Foraging	ample foraging	feat:ample_foraging	feat	title
Ample Foraging	ample foraging	wiki:Ample_Foraging	feat	title
Anarrian	anarrian	species:anarrian	species	title
Anarrian	anarrian	wiki:Anarrian	species	title
Angled Throw	angled throw	feat:angled_throw	feat	title
Angled Throw	angled throw	wiki:Angled_Throw	feat	title
Anointed Hunter	anointed hunter	feat:anointed_hunter	feat	title
Anointed Hunter	anointed hunter	wiki:Anointed_Hunter	feat	title
Anticipate Movement	anticipate movement	talent:anticipate_movement	talent	title
Anticipation Talent Tree	anticipation talent tree	talent-tree:anticipation_talent_tree	talent-tree	title
Anticipation Talent Tree	anticipation talent tree	wiki:Anticipation_Talent_Tree	talent-tree	title
Anzati	anzati	species:anzati	species	title
Anzati	anzati	wiki:Anzati	species	title
Appendages	appendage	wiki:Category:Appendages	index	slug
Appendages (Category)	appendages category	index:appendages_category	index	title
Apprentice Boon	apprentice boon	talent:apprentice_boon	talent	title
Aqualish	aqualish	species:aqualish	species	title
Aqualish	aqualish	wiki:Aqualish	species	title
Aquatic Specialists	aquatic specialist	feat:aquatic_specialist	feat	title
Aquatic Specialists	aquatic specialist	wiki:Aquatic_Specialists	feat	title
Arcona	arcona	species:arcona	species	title
Arcona	arcona	wiki:Arcona	species	title
Area Attacks	area attack	wiki:Attacks	rule	redirect
Arkanian	arkanian	species:arkanian	species	title
Arkanian	arkanian	wiki:Arkanian	species	title
Arkanian Offshoot	arkanian offshoot	species:arkanian_offshoot	species	title
Arkanian Offshoot	arkanian offshoot	wiki:Arkanian_Offshoot	species	title
Armor	armor	wiki:Category:Armor	index	slug
Armor (Category)	armor category	index:armor_category	index	title
Armor Mastery	armor mastery	talent:armor_mastery	talent	title
Armor Proficiency (Heavy)	armor proficiency heavy	feat:armor_proficiency_heavy	feat	title
Armor Proficiency (Heavy)	armor proficiency heavy	wiki:Armor_Proficiency_(Heavy)	feat	title
Armor Proficiency (Light)	armor proficiency light	feat:armor_proficiency_light	feat	title
Armor Proficiency (Light)	armor proficiency light	wiki:Armor_Proficiency_(Light)	feat	title
Armor Proficiency (Medium)	armor proficiency medium	feat:armor_proficiency_medium	feat	title
Armor Proficiency (Medium)	armor proficiency medium	wiki:Armor_Proficiency_(Medium)	feat	title
Armor Specialist Talent Tree	armor specialist talent tree	talent-tree:armor_specialist_talent_tree	talent-tree	title
Armor Specialist Talent Tree	armor specialist talent tree	wiki:Armor_Specialist_Talent_Tree	talent-tree	title
Armored Augmentation I	armored augmentation i	talent:armored_augmentation_i	talent	title
Armored Augmentation II	armored augmentation ii	talent:armored_augmentation_ii	talent	title
Armored Defense	armored defense	talent:armored_defense	talent	title
Armored Guard	armored guard	talent:armored_guard	talent	title
Armored Mandalorian	armored mandalorian	talent:armored_mandalorian	talent	title
Armored Spacer	armored spacer	talent:armored_spacer	talent	title
Art of Concealment	art of concealment	talent:art_of_concealment	talent	title
Artillery Shot	artillery shot	feat:artillery_shot	feat	title
Artillery Shot	artillery shot	wiki:Artillery_Shot	feat	title
Ascension Specialists	ascension specialist	feat:ascension_specialist	feat	title
Ascension Specialists	ascension specialist	wiki:Ascension_Specialists	feat	title
Assassin	assassin	prestige-class:assassin	prestige-class	title
Assassin	assassin	wiki:Assassin	prestige-class	title
Assassin Talent Tree	assassin talent tree	talent-tree:assassin_talent_tree	talent-tree	title
Assassin Talent Tree	assassin talent tree	wiki:Assassin_Talent_Tree	talent-tree	title
Assault	assault	feat:assault	feat	title
Assault	assault	wiki:Assault	feat	title
Assault Gambit	assault gambit	talent:assault_gambit	talent	title
Assault Tactics	assault tactic	talent:assault_tactic	talent	title
Assured Attack	assured attack	feat:assured_attack	feat	title
Assured Attack	assured attack	wiki:Assured_Attack	feat	title
Assured Skill	assured skill	talent:assured_skill	talent	title
Assured Strike	assured strike	force-power:assured_strike	force-power	title
Assured Strike	assured strike	wiki:Assured_Strike	force-power	title
Astrogation	astrogation	wiki:Use_Computer	skill	redirect
At Peace	at peace	talent:at_peace	talent	title
Ataru	ataru	talent:ataru	talent	title
Ataru	ataru	wiki:Lightsaber_Forms_Talent_Tree	talent-tree	redirect
Atlatl	atlatl	weapon:atlatl	weapon	title
Atlatl	atlatl	wiki:Atlatl	weapon	title
Attacks	attack	rule:attack	rule	title
Attacks	attack	wiki:Attacks	rule	title
Attack Combo (Fire and Strike)	attack combo fire and strike	feat:attack_combo_fire_and_strike	feat	title
Attack Combo (Fire and Strike)	attack combo fire and strike	wiki:Attack_Combo_(Fire_and_Strike)	feat	title
Attack Combo (Melee)	attack combo melee	feat:attack_combo_melee	feat	title
Attack Combo (Melee)	attack combo melee	wiki:Attack_Combo_(Melee)	feat	title
Attack Combo (Ranged)	attack combo ranged	feat:attack_combo_ranged	feat	title
Attack Combo (Ranged)	attack combo ranged	wiki:Attack_Combo_(Ranged)	feat	title
Attacking into a Melee	attacking into a melee	wiki:Ranged_Attacks	action	redirect
Attacks of Opportunity	attacks of opportunity	rule:attacks_of_opportunity	rule	title
Attacks of Opportunity	attacks of opportunity	wiki:Attacks_of_Opportunity	rule	title
Attitude	attitude	wiki:Use_Computer	skill	anchor
Attract Minion	attract minion	talent:attract_minion	talent	title
Attract Privateer	attract privateer	talent:attract_privateer	talent	title
Attract Superior Minion	attract superior minion	talent:attract_superior_minion	talent	title
Attune Armor	attune armor	talent:attune_armor	talent	title
Attune Weapon	attune weapon	talent:attune_weapon	talent	title
Attuned	attuned	talent:attuned	talent	title
Aura of Freedom	aura of freedom	talent:aura_of_freedom	talent	title
Autofire	autofire	wiki:Attacks	rule	redirect
Autofire Assault	autofire assault	feat:autofire_assault	feat	title
Autofire Assault	autofire assault	talent:autofire_assault	talent	title
Autofire Barrage	autofire barrage	feat:autofire_barrage	feat	title
Autofire Barrage	autofire barrage	wiki:Autofire_Barrage	feat	title
Autofire Sweep	autofire sweep	feat:autofire_sweep	feat	title
Autofire Sweep	autofire sweep	wiki:Autofire_Sweep	feat	title
Automated Strike	automated strike	talent:automated_strike	talent	title
Autonomy Talent Tree	autonomy talent tree	talent-tree:autonomy_talent_tree	talent-tree	title
Autonomy Talent Tree	autonomy talent tree	wiki:Autonomy_Talent_Tree	talent-tree	title
Aversion	aversion	talent:aversion	talent	title
Avert Disaster	avert disaster	talent:avert_disaster	talent	title
Awareness Talent Tree	awareness talent tree	talent-tree:awareness_talent_tree	talent-tree	title
Awareness Talent Tree	awareness talent tree	wiki:Awareness_Talent_Tree	talent-tree	title
Backgrounds	background	rule:background	rule	title
Backgrounds	background	wiki:Backgrounds	rule	title
Backstabber	backstabber	talent:backstabber	talent	title
Bad Feeling	bad feeling	feat:bad_feeling	feat	title
Bad Feeling	bad feeling	wiki:Bad_Feeling	feat	title
Ballistakinesis	ballistakinesis	force-power:ballistakinesis	force-power	title
Ballistakinesis	ballistakinesis	wiki:Ballistakinesis	force-power	title
Balosar	balosar	species:balosar	species	title
Balosar	balosar	wiki:Balosar	species	title
The Bando Gora	bando gora	affiliation:bando_gora	affiliation	title
The Bando Gora	bando gora	wiki:The_Bando_Gora	affiliation	title
Bando Gora Captain Talent Tree	bando gora captain talent tree	talent-tree:bando_gora_captain_talent_tree	talent-tree	title
Bando Gora Captain Talent Tree	bando gora captain talent tree	wiki:Bando_Gora_Captain_Talent_Tree	talent-tree	title
Bando Gora Surge	bando gora surge	talent:bando_gora_surge	talent	title
Bando Goro Surge	bando goro surge	talent:bando_goro_surge	talent	title
Bantha Herder	bantha herder	feat:bantha_herder	feat	title
Bantha Herder	bantha herder	wiki:Bantha_Herder	feat	title
Bantha Rush	bantha rush	feat:bantha_rush	feat	title
Bantha Rush	bantha rush	wiki:Bantha_Rush	feat	title
Barabel	barabel	species:barabel	species	title
Barabel	barabel	wiki:Barabel	species	title
The Baran Do Sages	baran do sage	affiliation:baran_do_sage	affiliation	title
The Baran Do Sages	baran do sage	wiki:The_Baran_Do_Sages	affiliation	title
Baran Do Sage Talent Tree	baran do sage talent tree	talent-tree:baran_do_sage_talent_tree	talent-tree	title
Baran Do Sage Talent Tree	baran do sage talent tree	wiki:Baran_Do_Sage_Talent_Tree	talent-tree	title
Barrier of Blades	barrier of blade	force-power:barrier_of_blade	force-power	title
Barrier of Blades	barrier of blade	wiki:Barrier_of_Blades	force-power	title
Barter	barter	talent:barter	talent	title
Basic Processor	basic processor	droid-system:basic_processor	droid-system	title
Basic Processor	basic processor	wiki:Basic_Processor	droid-system	title
Battering Attack	battering attack	feat:battering_attack	feat	title
Battering Attack	battering attack	wiki:Battering_Attack	feat	title
Battle Analysis	battle analysis	talent:battle_analysis	talent	title
Battle Meditation	battle meditation	talent:battle_meditation	talent	title
Battle Mount	battle mount	talent:battle_mount	talent	title
Battle Strike	battle strike	force-power:battle_strike	force-power	title
Battle Strike	battle strike	wiki:Battle_Strike	force-power	title
Battlefield Medic	battlefield medic	talent:battlefield_medic	talent	title
Battlefield Remedy	battlefield remedy	talent:battlefield_remedy	talent	title
Bayonet Master	bayonet master	talent:bayonet_master	talent	title
Beast	beast	creature:beast	creature	title
Beast	beast	wiki:Beast	creature	title
Beast Trick	beast trick	talent:beast_trick	talent	title
Beastwarden Charm Beast	beastwarden charm beast	talent:beastwarden_charm_beast	talent	title
Beastwarden Talent Tree	beastwarden talent tree	talent-tree:beastwarden_talent_tree	talent-tree	title
Beastwarden Talent Tree	beastwarden talent tree	wiki:Beastwarden_Talent_Tree	talent-tree	title
Befuddle	befuddle	talent:befuddle	talent	title
Begin Attack Run	begin attack run	talent:begin_attack_run	talent	title
The Believers	believer	affiliation:believer	affiliation	title
The Believers	believer	wiki:The_Believers	affiliation	title
Believer Disciple Talent Tree	believer disciple talent tree	talent-tree:believer_disciple_talent_tree	talent-tree	title
Believer Disciple Talent Tree	believer disciple talent tree	wiki:Believer_Disciple_Talent_Tree	talent-tree	title
Believer Intuition	believer intuition	talent:believer_intuition	talent	title
Bellow	bellow	wiki:Category:Bellow	index	slug
Bellow (Category)	bellow category	index:bellow_category	index	title
Beloved	beloved	talent:beloved	talent	title
Better Lucky than Dead	better lucky than dead	talent:better_lucky_than_dead	talent	title
Bigger Bang	bigger bang	talent:bigger_bang	talent	title
Binary Mind	binary mind	feat:binary_mind	feat	title
Binary Mind	binary mind	wiki:Binary_Mind	feat	title
Bio-Implants	bio implant	wiki:Category:Bio-Implants	index	slug
Bio-Implants (Category)	bio implants category	index:bio_implants_category	index	title
Biotech Adept	biotech adept	talent:biotech_adept	talent	title
Biotech General Template	biotech general template	creature:biotech_general_template	creature	title
Biotech General Template	biotech general template	wiki:Biotech_General_Template	creature	title
Biotech Mastery	biotech mastery	talent:biotech_mastery	talent	title
Biotech Specialist	biotech specialist	feat:biotech_specialist	feat	title
Biotech Specialist	biotech specialist	wiki:Biotech_Specialist	feat	title
Biotech Surgery	biotech surgery	feat:biotech_surgery	feat	title
Biotech Surgery	biotech surgery	wiki:Biotech_Surgery	feat	title
Bith	bith	species:bith	species	title
Bith	bith	wiki:Bith	species	title
Black Market Buyer	black market buyer	talent:black_market_buyer	talent	title
Blast Back	blast back	talent:blast_back	talent	title
Blaster and Blade I	blaster and blade i	talent:blaster_and_blade_i	talent	title
Blaster and Blade II	blaster and blade ii	talent:blaster_and_blade_ii	talent	title
Blaster and Blade III	blaster and blade iii	talent:blaster_and_blade_iii	talent	title
Blaster Barrage	blaster barrage	feat:blaster_barrage	feat	title
Blaster Barrage	blaster barrage	wiki:Blaster_Barrage	feat	title
Blaster Carbine	blaster carbine	weapon:blaster_carbine	weapon	title
Blaster Carbine	blaster carbine	wiki:Blaster_Carbine	weapon	title
Blaster Turret I	blaster turret i	talent:blaster_turret_i	talent	title
Blaster Turret II	blaster turret ii	talent:blaster_turret_ii	talent	title
Blaster Turret III	blaster turret iii	talent:blaster_turret_iii	talent	title
The Blazing Chain	blazing chain	affiliation:blazing_chain	affiliation	title
The Blazing Chain	blazing chain	wiki:The_Blazing_Chain	affiliation	title
Blazing Chain Talent Tree	blazing chain talent tree	talent-tree:blazing_chain_talent_tree	talent-tree	title
Blazing Chain Talent Tree	blazing chain talent tree	wiki:Blazing_Chain_Talent_Tree	talent-tree	title
Blend In	blend in	talent:blend_in	talent	title
Blending In	blending in	talent:blending_in	talent	title
Blind	blind	force-power:blind	force-power	title
Blind Shot	blind shot	talent:blind_shot	talent	title
Blind Spot	blind spot	talent:blind_spot	talent	title
Block	block	talent:block	talent	title
Blockade Runner Talent Tree	blockade runner talent tree	talent-tree:blockade_runner_talent_tree	talent-tree	title
Blockade Runner Talent Tree	blockade runner talent tree	wiki:Blockade_Runner_Talent_Tree	talent-tree	title
Blood Carver	blood carver	species:blood_carver	species	title
Blood Carver	blood carver	wiki:Blood_Carver	species	title
Bloodthirsty	bloodthirsty	talent:bloodthirsty	talent	title
Blowback	blowback	talent:blowback	talent	title
Boarder	boarder	talent:boarder	talent	title
Body Control	body control	talent:body_control	talent	title
Bodyguard I	bodyguard i	talent:bodyguard_i	talent	title
Bodyguard II	bodyguard ii	talent:bodyguard_ii	talent	title
Bodyguard III	bodyguard iii	talent:bodyguard_iii	talent	title
Bodyguard's Sacrifice	bodyguard's sacrifice	talent:bodyguard's_sacrifice	talent	title
Bolster Ally	bolster ally	talent:bolster_ally	talent	title
Bolstered Numbers	bolstered number	talent:bolstered_number	talent	title
Bomb Thrower	bomb thrower	talent:bomb_thrower	talent	title
Bonded Mount	bonded mount	talent:bonded_mount	talent	title
Bone Crusher	bone crusher	feat:bone_crusher	feat	title
Bone Crusher	bone crusher	wiki:Bone_Crusher	feat	title
Bonus Feat List	bonus feat list	wiki:Jedi_Bonus_Feats	feat	anchor
Born Leader	born leader	talent:born_leader	talent	title
Bothan	bothan	species:bothan	species	title
Bothan	bothan	wiki:Bothan	species	title
Bothan Resources	bothan resource	talent:bothan_resource	talent	title
Bothan SpyNet Talent Tree	bothan spynet talent tree	talent-tree:bothan_spynet_talent_tree	talent-tree	title
Bothan SpyNet Talent Tree	bothan spynet talent tree	wiki:Bothan_SpyNet_Talent_Tree	talent-tree	title
Bothan Will	bothan will	feat:bothan_will	feat	title
Bothan Will	bothan will	wiki:Bothan_Will	feat	title
Bounty Hunter	bounty hunter	prestige-class:bounty_hunter	prestige-class	title
Bounty Hunter	bounty hunter	wiki:Bounty_Hunter	prestige-class	title
Bounty Hunter Talent Tree	bounty hunter talent tree	talent-tree:bounty_hunter_talent_tree	talent-tree	title
Bounty Hunter Talent Tree	bounty hunter talent tree	wiki:Bounty_Hunter_Talent_Tree	talent-tree	title
Bowcaster	bowcaster	weapon:bowcaster	weapon	title
Bowcaster	bowcaster	wiki:Bowcaster	weapon	title
Bowcaster Marksman	bowcaster marksman	feat:bowcaster_marksman	feat	title
Bowcaster Marksman	bowcaster marksman	wiki:Bowcaster_Marksman	feat	title
Brawler Talent Tree	brawler talent tree	talent-tree:brawler_talent_tree	talent-tree	title
Brawler Talent Tree	brawler talent tree	wiki:Brawler_Talent_Tree	talent-tree	title
Breach Cover	breach cover	talent:breach_cover	talent	title
Breaching Explosive	breaching explosive	talent:breaching_explosive	talent	title
Break Program	break program	talent:break_program	talent	title
Brigand Talent Tree	brigand talent tree	talent-tree:brigand_talent_tree	talent-tree	title
Brigand Talent Tree	brigand talent tree	wiki:Brigand_Talent_Tree	talent-tree	title
Brilliant Defense	brilliant defense	feat:brilliant_defense	feat	title
Brilliant Defense	brilliant defense	wiki:Brilliant_Defense	feat	title
Bring Them Back	bring them back	talent:bring_them_back	talent	title
Brink of Death	brink of death	feat:brink_of_death	feat	title
Brink of Death	brink of death	wiki:Brink_of_Death	feat	title
Brutal Attack	brutal attack	talent:brutal_attack	talent	title
Brutal Unarmed Strike	brutal unarmed strike	talent:brutal_unarmed_strike	talent	title
Brute Squad Talent Tree	brute squad talent tree	talent-tree:brute_squad_talent_tree	talent-tree	title
Brute Squad Talent Tree	brute squad talent tree	wiki:Brute_Squad_Talent_Tree	talent-tree	title
Bugbite	bugbite	talent:bugbite	talent	title
Bullseye	bullseye	talent:bullseye	talent	title
Bunker Blaster	bunker blaster	talent:bunker_blaster	talent	title
Bunker Buster	bunker buster	talent:bunker_buster	talent	title
Buried Presence	buried presence	talent:buried_presence	talent	title
Burning Assault	burning assault	talent:burning_assault	talent	title
Burst	burst	wiki:Attacks	rule	redirect
Burst Fire	burst fire	feat:burst_fire	feat	title
Burst Fire	burst fire	wiki:Burst_Fire	feat	title
Burst of Speed	burst of speed	feat:burst_of_speed	feat	title
Burst of Speed	burst of speed	wiki:Burst_of_Speed	feat	title
Burst Transfer	burst transfer	talent:burst_transfer	talent	title
Caamasi	caamasi	species:caamasi	species	title
Caamasi	caamasi	wiki:Caamasi	species	title
Call Out	call out	talent:call_out	talent	title
Call Weapon	call weapon	talent:call_weapon	talent	title
Camouflage Talent Tree	camouflage talent tree	talent-tree:camouflage_talent_tree	talent-tree	title
Camouflage Talent Tree	camouflage talent tree	wiki:Camouflage_Talent_Tree	talent-tree	title
Cantina Brawler	cantina brawler	talent:cantina_brawler	talent	title
Capture Droid	capture droid	talent:capture_droid	talent	title
Carbineer Talent Tree	carbineer talent tree	talent-tree:carbineer_talent_tree	talent-tree	title
Carbineer Talent Tree	carbineer talent tree	wiki:Carbineer_Talent_Tree	talent-tree	title
Careful Shot	careful shot	feat:careful_shot	feat	title
Careful Shot	careful shot	wiki:Careful_Shot	feat	title
Cargo Hauler	cargo hauler	talent:cargo_hauler	talent	title
Cast Suspicion	cast suspicion	talent:cast_suspicion	talent	title
Castigate	castigate	talent:castigate	talent	title
Catastrophic Failure	catastrophic failure	challenge:catastrophic_failure	challenge	title
Catastrophic Failure	catastrophic failure	wiki:Catastrophic_Failure	challenge	title
Catch a Second Wind	catch a second wind	action:catch_a_second_wind	action	title
Catch a Second Wind	catch a second wind	wiki:Catch_a_Second_Wind	action	title
Category : Appendages	category appendage	wiki:Category:Appendages	index	title
Category : Armor	category armor	wiki:Category:Armor	index	title
Category : Bellow	category bellow	wiki:Category:Bellow	index	title
Category : Bio-Implants	category bio implant	wiki:Category:Bio-Implants	index	title
Category : Clone Wars Campaign Guide	category clone wars campaign guide	wiki:Category:Clone_Wars_Campaign_Guide	compilation	title
Category : Core Rulebook	category core rulebook	wiki:Category:Core_Rulebook	compilation	title
Category : Double Weapons	category double weapon	wiki:Category:Double_Weapons	index	title
Category : Droid Talent Trees	category droid talent tree	wiki:Category:Droid_Talent_Trees	index	title
Category : Exotic Weapons	category exotic weapon	wiki:Category:Exotic_Weapons	index	title
Category : Explosives	category explosive	wiki:Category:Explosives	index	title
Category : Force Powers	category force power	wiki:Category:Force_Powers	index	title
Category : Force Spirits	category force spirit	wiki:Category:Force_Spirits	index	title
Category : Force Unleashed Campaign Guide	category force unleashed campaign guide	wiki:Category:Force_Unleashed_Campaign_Guide	compilation	title
Category : Full-Round Actions	category full round action	wiki:Category:Full-Round_Actions	index	title
Category : Galaxy at War	category galaxy at war	wiki:Category:Galaxy_at_War	compilation	title
Category : Galaxy of Intrigue	category galaxy of intrigue	wiki:Category:Galaxy_of_Intrigue	compilation	title
Category : Implants	category implant	wiki:Category:Implants	index	title
Category : Jedi Academy Training Manual	category jedi academy training manual	wiki:Category:Jedi_Academy_Training_Manual	compilation	title
Category : Knights of the Old Republic Campaign Guide	category knights of the old republic campaign guide	wiki:Category:Knights_of_the_Old_Republic_Campaign_Guide	compilation	title
Category : Legacy Era Campaign Guide	category legacy era campaign guide	wiki:Category:Legacy_Era_Campaign_Guide	compilation	title
Category : Move Actions	category move action	wiki:Category:Move_Actions	index	title
Category : Natural	category natural	wiki:Category:Natural	index	title
Category : Poison	category poison	wiki:Category:Poison	index	title
Category : Rage	category rage	wiki:Category:Rage	index	title
Category : Ranged Weapons	category ranged weapon	wiki:Category:Ranged_Weapons	index	title
Category : Rebellion Era Campaign Guide	category rebellion era campaign guide	wiki:Category:Rebellion_Era_Campaign_Guide	compilation	title
Category : Scavenger's Guide to Droids	category scavenger's guide to droid	wiki:Category:Scavenger's_Guide_to_Droids	compilation	title
Category : Scent	category scent	wiki:Category:Scent	index	title
Category : Scum and Villainy	category scum and villainy	wiki:Category:Scum_and_Villainy	compilation	title
Category : Shapeshift	category shapeshift	wiki:Category:Shapeshift	index	title
Category : Simple Weapons	category simple weapon	wiki:Category:Simple_Weapons	index	title
Category : Standard Actions	category standard action	wiki:Category:Standard_Actions	index	title
Category : Starships	category starship	wiki:Category:Starships	index	title
Category : Starships of the Galaxy	category starships of the galaxy	wiki:Category:Starships_of_the_Galaxy	compilation	title
Category : Swift Actions	category swift action	wiki:Category:Swift_Actions	index	title
Category : The Clone Wars	category the clone wars	wiki:Category:The_Clone_Wars	index	title
Category : The Legacy Era	category the legacy era	wiki:Category:The_Legacy_Era	index	title
Category : The New Jedi Order Era	category the new jedi order era	wiki:Category:The_New_Jedi_Order_Era	index	title
Category : The Old Republic Era	category the old republic era	wiki:Category:The_Old_Republic_Era	compilation	title
Category : The Rebellion Era	category the rebellion era	wiki:Category:The_Rebellion_Era	index	title
Category : The Rise of the Empire Era	category the rise of the empire era	wiki:Category:The_Rise_of_the_Empire_Era	index	title
Category : Threats of the Galaxy	category threats of the galaxy	wiki:Category:Threats_of_the_Galaxy	compilation	title
Category : Tradition Talent Trees	category tradition talent tree	wiki:Category:Tradition_Talent_Trees	index	title
Category : Unknown Regions Campaign Guide	category unknown regions campaign guide	wiki:Category:Unknown_Regions_Campaign_Guide	compilation	title
Category : Vehicles	category vehicle	wiki:Category:Vehicles	index	title
Category : Weapons	category weapon	wiki:Category:Weapons	index	title
Category : Weapon Systems	category weapon system	wiki:Category:Weapon_Systems	index	title
Category : Web Enhancements	category web enhancement	wiki:Category:Web_Enhancements	compilation	title
Cathar	cathar	species:cathar	species	title
Cathar	cathar	wiki:Cathar	species	title
Cause Mutation	cause mutation	talent:cause_mutation	talent	title
Celegian	celegian	species:celegian	species	title
Celegian	celegian	wiki:Celegian	species	title
Cerean	cerean	species:cerean	species	title
Cerean	cerean	wiki:Cerean	species	title
Cesta	cesta	weapon:cesta	weapon	title
Cesta	cesta	wiki:Cesta	weapon	title
Chadra-Fan	chadra fan	species:chadra_fan	species	title
Chadra-Fan	chadra fan	wiki:Chadra-Fan	species	title
Chagrian	chagrian	species:chagrian	species	title
Chagrian	chagrian	wiki:Chagrian	species	title
Champion Warrior	champion warrior	talent:champion_warrior	talent	title
Channel Aggression	channel aggression	talent:channel_aggression	talent	title
Channel Anger	channel anger	talent:channel_anger	talent	title
Channel Energy	channel energy	talent:channel_energy	talent	title
Channel Rage	channel rage	feat:channel_rage	feat	title
Channel Rage	channel rage	wiki:Channel_Rage	feat	title
Channel Vitality	channel vitality	talent:channel_vitality	talent	title
Character Creation	character creation	rule:character_creation	rule	title
Character Creation	character creation	wiki:Character_Creation	rule	title
Character Sheet	character sheet	rule:character_sheet	rule	title
Character Sheet	character sheet	wiki:Character_Sheet	rule	title
Charge	charge	action:charge	action	title
Charge	charge	wiki:Charge	action	title
Charging Fire	charging fire	feat:charging_fire	feat	title
Charging Fire	charging fire	wiki:Charging_Fire	feat	title
Charlatan	charlatan	prestige-class:charlatan	prestige-class	title
Charlatan	charlatan	wiki:Charlatan	prestige-class	title
Charm Beast	charm beast	talent:charm_beast	talent	title
Cheap Shot	cheap shot	talent:cheap_shot	talent	title
Cheap Trick	cheap trick	talent:cheap_trick	talent	title
Chiss	chiss	species:chiss	species	title
Chiss	chiss	wiki:Chiss	species	title
Chistori	chistori	species:chistori	species	title
Chistori	chistori	wiki:Chistori	species	title
Circle of Shelter	circle of shelter	force-power:circle_of_shelter	force-power	title
Circle of Shelter	circle of shelter	wiki:Circle_of_Shelter	force-power	title
Class Skills	class skill	rule:class_skill	rule	title
Class Skills	class skill	wiki:Class_Skills	rule	title
Claw	claw	droid-system:claw	droid-system	title
Claw	claw	wiki:Claw	droid-system	title
Clawdite	clawdite	species:clawdite	species	title
Clawdite	clawdite	wiki:Clawdite	species	title
Clawed Subspecies	clawed subspecie	feat:clawed_subspecie	feat	title
Clawed Subspecies	clawed subspecie	wiki:Clawed_Subspecies	feat	title
Cleanse Mind	cleanse mind	talent:cleanse_mind	talent	title
Clear Mind	clear mind	talent:clear_mind	talent	title
Cleave	cleave	feat:cleave	feat	title
Cleave	cleave	wiki:Cleave	feat	title
Climb	climb	wiki:Climb	skill	slug
Climb (Str)	climb str	skill:climb_str	skill	title
Climb (Str)	climb str	wiki:Climb	skill	title
Cloak	cloak	force-power:cloak	force-power	title
Cloak	cloak	wiki:Cloak	force-power	title
Cloak of Shadow	cloak of shadow	talent:cloak_of_shadow	talent	title
The Clone Wars	clone wars	wiki:Category:The_Clone_Wars	index	slug
Clone Wars Campaign Guide	clone wars campaign guide	wiki:Category:Clone_Wars_Campaign_Guide	compilation	slug
Clone Wars Campaign Guide (Compilation)	clone wars campaign guide compilation	compilation:clone_wars_campaign_guide_compilation	compilation	title
The Clone Wars (Category)	clone wars category	index:clone_wars_category	index	title
Close-Combat Assault	close combat assault	talent:close_combat_assault	talent	title
Close Combat Escape	close combat escape	feat:close_combat_escape	feat	title
Close Combat Escape	close combat escape	wiki:Close_Combat_Escape	feat	title
Close Contact	close contact	talent:close_contact	talent	title
Close Cover	close cover	talent:close_cover	talent	title
Close Maneuvering	close maneuvering	talent:close_maneuvering	talent	title
Close-Quarters Fighter	close quarters fighter	talent:close_quarters_fighter	talent	title
Close Scrape	close scrape	talent:close_scrape	talent	title
Closed Mind	closed mind	talent:closed_mind	talent	title
Codru-Ji	codru ji	species:codru_ji	species	title
Codru-Ji	codru ji	wiki:Codru-Ji	species	title
Collaborator Talent Tree	collaborator talent tree	talent-tree:collaborator_talent_tree	talent-tree	title
Collaborator Talent Tree	collaborator talent tree	wiki:Collaborator_Talent_Tree	talent-tree	title
Collateral Damage	collateral damage	feat:collateral_damage	feat	title
Collateral Damage	collateral damage	wiki:Collateral_Damage	feat	title
Collective Visions	collective vision	talent:collective_vision	talent	title
Combat	combat	rule:combat	rule	title
Combat	combat	wiki:Combat	rule	title
Combat Reflexes	combat reflexe	feat:combat_reflexe	feat	title
Combat Reflexes	combat reflexe	wiki:Combat_Reflexes	feat	title
Combat Repairs	combat repair	talent:combat_repair	talent	title
Combat Sequence	combat sequence	rule:combat_sequence	rule	title
Combat Sequence	combat sequence	wiki:Combat_Sequence	rule	title
Combat Trance	combat trance	talent:combat_trance	talent	title
Combat Trickery	combat trickery	feat:combat_trickery	feat	title
Combat Trickery	combat trickery	wiki:Combat_Trickery	feat	title
Combined Fire	combined fire	talent:combined_fire	talent	title
Combined Mercenary Fire	combined mercenary fire	talent:combined_mercenary_fire	talent	title
Combustion	combustion	force-power:combustion	force-power	title
Combustion	combustion	talent:combustion	talent	title
Combustion	combustion	wiki:Combustion	force-power	title
Combustive Force	combustive force	talent:combustive_force	talent	title
Command Beast	command beast	talent:command_beast	talent	title
Command Cover	command cover	class-ability:command_cover	class-ability	title
Commander's Prerogative	commander's prerogative	talent:commander's_prerogative	talent	title
Commanding Noble	commanding noble	talent:commanding_noble	talent	title
Commanding Officer	commanding officer	talent:commanding_officer	talent	title
Commanding Presence	commanding presence	talent:commanding_presence	talent	title
Commando Talent Tree	commando talent tree	talent-tree:commando_talent_tree	talent-tree	title
Commando Talent Tree	commando talent tree	wiki:Commando_Talent_Tree	talent-tree	title
Competitive Drive	competitive drive	talent:competitive_drive	talent	title
Competitive Edge	competitive edge	talent:competitive_edge	talent	title
Computer Language	computer language	talent:computer_language	talent	title
Computer Master	computer master	talent:computer_master	talent	title
Comrades in Arms	comrades in arms	talent:comrades_in_arms	talent	title
Conceal Force Use	conceal force use	talent:conceal_force_use	talent	title
Conceal Other	conceal other	talent:conceal_other	talent	title
Concealed Weapon Expert	concealed weapon expert	talent:concealed_weapon_expert	talent	title
Concentrate All Fire	concentrate all fire	talent:concentrate_all_fire	talent	title
Conditions	condition	rule:condition	rule	title
Conditions	condition	wiki:Conditions	rule	title
Condition Track	condition track	wiki:Conditions	rule	redirect
Conditioning	conditioning	feat:conditioning	feat	title
Conditioning	conditioning	wiki:Conditioning	feat	title
Confident Success	confident success	feat:confident_success	feat	title
Confident Success	confident success	wiki:Confident_Success	feat	title
Confounding Attack	confounding attack	talent:confounding_attack	talent	title
Connections	connection	talent:connection	talent	title
Constitution	constitution	wiki:Abilities	rule	redirect
Consular's Vitality	consular's vitality	talent:consular's_vitality	talent	title
Consular's Wisdom	consular's wisdom	talent:consular's_wisdom	talent	title
Consumed by Darkness	consumed by darkness	talent:consumed_by_darkness	talent	title
Contentious Opportunity	contentious opportunity	force-power:contentious_opportunity	force-power	title
Contentious Opportunity	contentious opportunity	wiki:Contentious_Opportunity	force-power	title
Contingency Plan	contingency plan	talent:contingency_plan	talent	title
Control	control	wiki:Control_Talent_Tree	talent-tree	anchor
Control Talent Tree	control talent tree	talent-tree:control_talent_tree	talent-tree	title
Control Talent Tree	control talent tree	wiki:Control_Talent_Tree	talent-tree	title
Controlled Burst	controlled burst	talent:controlled_burst	talent	title
Controlled Rage	controlled rage	feat:controlled_rage	feat	title
Controlled Rage	controlled rage	wiki:Controlled_Rage	feat	title
Convection	convection	force-power:convection	force-power	title
Convection	convection	wiki:Convection	force-power	title
Coordinate	coordinate	talent:coordinate	talent	title
Coordinated Attack	coordinated attack	feat:coordinated_attack	feat	title
Coordinated Attack	coordinated attack	wiki:Coordinated_Attack	feat	title
Coordinated Barrage	coordinated barrage	feat:coordinated_barrage	feat	title
Coordinated Barrage	coordinated barrage	wiki:Coordinated_Barrage	feat	title
Coordinated Effort	coordinated effort	talent:coordinated_effort	talent	title
Coordinated Leadership	coordinated leadership	talent:coordinated_leadership	talent	title
Coordinated Tactics	coordinated tactic	talent:coordinated_tactic	talent	title
Core Rulebook	core rulebook	wiki:Category:Core_Rulebook	compilation	slug
Core Rulebook (Compilation)	core rulebook compilation	compilation:core_rulebook_compilation	compilation	title
Cornered	cornered	feat:cornered	feat	title
Cornered	cornered	wiki:Cornered	feat	title
Corporate Agent	corporate agent	prestige-class:corporate_agent	prestige-class	title
Corporate Agent	corporate agent	wiki:Corporate_Agent	prestige-class	title
Corporate Clout	corporate clout	talent:corporate_clout	talent	title
Corporate Power Talent Tree	corporate power talent tree	talent-tree:corporate_power_talent_tree	talent-tree	title
Corporate Power Talent Tree	corporate power talent tree	wiki:Corporate_Power_Talent_Tree	talent-tree	title
Corrupted Power	corrupted power	class-ability:corrupted_power	class-ability	title
Corruption	corruption	force-power:corruption	force-power	title
Corruption	corruption	wiki:Corruption	force-power	title
Cortosis Defense	cortosis defense	talent:cortosis_defense	talent	title
Cortosis Gauntlet Block	cortosis gauntlet block	talent:cortosis_gauntlet_block	talent	title
Cortosis Retaliation	cortosis retaliation	talent:cortosis_retaliation	talent	title
Counterpunch	counterpunch	talent:counterpunch	talent	title
Coup de Grace	coup de grace	action:coup_de_grace	action	title
Coup de Grace	coup de grace	wiki:Coup_de_Grace	action	title
Cover	cover	wiki:Line_of_Sight	rule	redirect
Cover Bracing	cover bracing	talent:cover_bracing	talent	title
Cover Escape	cover escape	talent:cover_escape	talent	title
Cover Fire	cover fire	talent:cover_fire	talent	title
Cover Your Tracks	cover your track	talent:cover_your_track	talent	title
Covert Operatives	covert operative	feat:covert_operative	feat	title
Covert Operatives	covert operative	wiki:Covert_Operatives	feat	title
Cower Enemies	cower enemie	talent:cower_enemie	talent	title
Cramped Quarters Fighting	cramped quarters fighting	talent:cramped_quarters_fighting	talent	title
Creeping Approach	creeping approach	talent:creeping_approach	talent	title
Crime Lord	crime lord	prestige-class:crime_lord	prestige-class	title
Crime Lord	crime lord	wiki:Crime_Lord	prestige-class	title
Crippling Hit	crippling hit	talent:crippling_hit	talent	title
Crippling Strike	crippling strike	talent:crippling_strike	talent	title
Critical Hits	critical hits	wiki:Attacks	rule	redirect
Critical Master Talent Tree	critical master talent tree	talent-tree:critical_master_talent_tree	talent-tree	title
Critical Master Talent Tree	critical master talent tree	wiki:Critical_Master_Talent_Tree	talent-tree	title
Critical Skill Success	critical skill success	talent:critical_skill_success	talent	title
Critical Strike	critical strike	feat:critical_strike	feat	title
Critical Strike	critical strike	wiki:Critical_Strike	feat	title
Crossfire	crossfire	feat:crossfire	feat	title
Crossfire	crossfire	wiki:Crossfire	feat	title
Crowd Control	crowd control	talent:crowd_control	talent	title
Crucial Advice	crucial advice	talent:crucial_advice	talent	title
Crucitorn	crucitorn	force-power:crucitorn	force-power	title
Crucitorn	crucitorn	wiki:Crucitorn	force-power	title
Crush	crush	feat:crush	feat	title
Crush	crush	wiki:Crush	feat	title
Crushing Assault	crushing assault	talent:crushing_assault	talent	title
Cryokinesis	cryokinesis	force-power:cryokinesis	force-power	title
Cryokinesis	cryokinesis	wiki:Cryokinesis	force-power	title
Cunning Attack	cunning attack	feat:cunning_attack	feat	title
Cunning Attack	cunning attack	wiki:Cunning_Attack	feat	title
Cunning Distraction	cunning distraction	talent:cunning_distraction	talent	title
Cunning Strategist	cunning strategist	talent:cunning_strategist	talent	title
Cure Disease	cure disease	class-ability:cure_disease	class-ability	title
Curved Throw	curved throw	talent:curved_throw	talent	title
Custom Model	custom model	talent:custom_model	talent	title
Cut the Red Tape	cut the red tape	feat:cut_the_red_tape	feat	title
Cut the Red Tape	cut the red tape	wiki:Cut_the_Red_Tape	feat	title
Cybernetic Prosthesis	cybernetic prosthesis	equipment:cybernetic_prosthesis	equipment	title
Cybernetic Prosthesis	cybernetic prosthesis	wiki:Cybernetic_Prosthesis	equipment	title
Cybernetic Surgery	cybernetic surgery	feat:cybernetic_surgery	feat	title
Cybernetic Surgery	cybernetic surgery	wiki:Cybernetic_Surgery	feat	title
Cyborg Hybrid	cyborg hybrid	rule:cyborg_hybrid	rule	title
Cyborg Hybrid	cyborg hybrid	wiki:Cyborg_Hybrid	rule	title
Cycle of Harmony	cycle of harmony	talent:cycle_of_harmony	talent	title
Damage Conversion	damage conversion	feat:damage_conversion	feat	title
Damage Conversion	damage conversion	wiki:Damage_Conversion	feat	title
Damage Reduction 10	damage reduction 10	talent:damage_reduction_10	talent	title
Damage Threshold	damage threshold	wiki:Conditions	rule	redirect
Damaging Deception	damaging deception	talent:damaging_deception	talent	title
Damaging Disarm	damaging disarm	talent:damaging_disarm	talent	title
Dampen Presence	dampen presence	talent:dampen_presence	talent	title
Dark Deception	dark deception	talent:dark_deception	talent	title
Dark Healing	dark healing	talent:dark_healing	talent	title
Dark Healing Field	dark healing field	talent:dark_healing_field	talent	title
Dark Presence	dark presence	talent:dark_presence	talent	title
Dark Preservation	dark preservation	talent:dark_preservation	talent	title
Dark Rage	dark rage	force-power:dark_rage	force-power	title
Dark Rage	dark rage	wiki:Dark_Rage	force-power	title
Dark Retaliation	dark retaliation	talent:dark_retaliation	talent	title
Dark Scourge	dark scourge	talent:dark_scourge	talent	title
Dark Side	dark side	wiki:Dark_Side_Talent_Tree	talent-tree	anchor
The Dark Side	dark side	wiki:The_Force	rule	redirect
Dark Side Adept	dark side adept	talent:dark_side_adept	talent	title
Dark Side Bane	dark side bane	talent:dark_side_bane	talent	title
Dark Side Devotee Talent Tree	dark side devotee talent tree	talent-tree:dark_side_devotee_talent_tree	talent-tree	title
Dark Side Devotee Talent Tree	dark side devotee talent tree	wiki:Dark_Side_Devotee_Talent_Tree	talent-tree	title
Dark Side Manipulation	dark side manipulation	talent:dark_side_manipulation	talent	title
Dark Side Master	dark side master	talent:dark_side_master	talent	title
Dark Side Savant	dark side savant	talent:dark_side_savant	talent	title
Dark Side Scourge	dark side scourge	talent:dark_side_scourge	talent	title
Dark Side Sense	dark side sense	talent:dark_side_sense	talent	title
Dark Side Talents	dark side talent	wiki:Dark_Side_Talent_Tree	talent-tree	anchor
Dark Side Talent Tree	dark side talent tree	talent-tree:dark_side_talent_tree	talent-tree	title
Dark Side Talent Tree	dark side talent tree	wiki:Dark_Side_Talent_Tree	talent-tree	title
Dark Side Talisman	dark side talisman	talent:dark_side_talisman	talent	title
Dark Transfer	dark transfer	force-power:dark_transfer	force-power	title
Dark Transfer	dark transfer	wiki:Dark_Transfer	force-power	title
Darkness Dweller	darkness dweller	feat:darkness_dweller	feat	title
Darkness Dweller	darkness dweller	wiki:Darkness_Dweller	feat	title
Darth Krayt	darth krayt	npc:darth_krayt	npc	title
Darth Krayt	darth krayt	wiki:Darth_Krayt	npc	title
Dash and Blast	dash and blast	talent:dash_and_blast	talent	title
Dashade	dashade	species:dashade	species	title
Dashade	dashade	wiki:Dashade	species	title
Dastardly Strike	dastardly strike	talent:dastardly_strike	talent	title
Dathomiri Charm Beast	dathomiri charm beast	talent:dathomiri_charm_beast	talent	title
Dathomiri Command Beast	dathomiri command beast	talent:dathomiri_command_beast	talent	title
Dathomiri Witch Talent Tree	dathomiri witch talent tree	talent-tree:dathomiri_witch_talent_tree	talent-tree	title
Dathomiri Witch Talent Tree	dathomiri witch talent tree	wiki:Dathomiri_Witch_Talent_Tree	talent-tree	title
Deadeye	deadeye	feat:deadeye	feat	title
Deadeye	deadeye	wiki:Deadeye	feat	title
Deadly Repercussions	deadly repercussion	talent:deadly_repercussion	talent	title
Deadly Sniper	deadly sniper	feat:deadly_sniper	feat	title
Deadly Sniper	deadly sniper	wiki:Deadly_Sniper	feat	title
Debilitating Power	debilitating power	class-ability:debilitating_power	class-ability	title
Debilitating Shot	debilitating shot	talent:debilitating_shot	talent	title
Deception	deception	wiki:Deception	skill	slug
Deception Awareness	deception awareness	talent:deception_awareness	talent	title
Deception (Cha)	deception cha	skill:deception_cha	skill	title
Deception (Cha)	deception cha	wiki:Deception	skill	title
Deceptive Drop	deceptive drop	feat:deceptive_drop	feat	title
Deceptive Drop	deceptive drop	wiki:Deceptive_Drop	feat	title
Deceptive Shot	deceptive shot	talent:deceptive_shot	talent	title
Dedicated Guardian	dedicated guardian	talent:dedicated_guardian	talent	title
Dedicated Protector	dedicated protector	talent:dedicated_protector	talent	title
Deep Sight	deep sight	feat:deep_sight	feat	title
Deep Sight	deep sight	wiki:Deep_Sight	feat	title
Deep-Space Gambit	deep space gambit	talent:deep_space_gambit	talent	title
Deep Space Raider	deep space raider	talent:deep_space_raider	talent	title
Defel	defel	species:defel	species	title
Defel	defel	wiki:Defel	species	title
Defenses	defense	rule:defense	rule	title
Defenses	defense	wiki:Defenses	rule	title
Defense Boost	defense boost	talent:defense_boost	talent	title
Defensive Acuity	defensive acuity	talent:defensive_acuity	talent	title
Defensive Circle	defensive circle	talent:defensive_circle	talent	title
Defensive Electronics	defensive electronic	talent:defensive_electronic	talent	title
Defensive Jab	defensive jab	talent:defensive_jab	talent	title
Defensive Measures	defensive measure	talent:defensive_measure	talent	title
Defensive Position	defensive position	talent:defensive_position	talent	title
Defensive Protection	defensive protection	talent:defensive_protection	talent	title
Deflect	deflect	talent:deflect	talent	title
Deflecting Slash	deflecting slash	force-power:deflecting_slash	force-power	title
Deflecting Slash	deflecting slash	wiki:Deflecting_Slash	force-power	title
Deft Charge	deft charge	feat:deft_charge	feat	title
Deft Charge	deft charge	wiki:Deft_Charge	feat	title
Delay Damage	delay damage	class-ability:delay_damage	class-ability	title
Demand Surrender	demand surrender	talent:demand_surrender	talent	title
Demolitionist	demolitionist	talent:demolitionist	talent	title
Demoralizing Defense	demoralizing defense	talent:demoralizing_defense	talent	title
Demoralizing Strike	demoralizing strike	feat:demoralizing_strike	feat	title
Demoralizing Strike	demoralizing strike	wiki:Demoralizing_Strike	feat	title
Deny Move	deny move	talent:deny_move	talent	title
Deployment Tactics	deployment tactic	talent:deployment_tactic	talent	title
Desperate Gambit	desperate gambit	feat:desperate_gambit	feat	title
Desperate Gambit	desperate gambit	wiki:Desperate_Gambit	feat	title
Desperate Measures	desperate measure	talent:desperate_measure	talent	title
Destiny	destiny	rule:destiny	rule	title
Destiny	destiny	wiki:Destiny	rule	title
Destructive Ambusher	destructive ambusher	talent:destructive_ambusher	talent	title
Destructive Force	destructive force	feat:destructive_force	feat	title
Destructive Force	destructive force	wiki:Destructive_Force	feat	title
Detective	detective	talent:detective	talent	title
Detonate	detonate	force-power:detonate	force-power	title
Detonate	detonate	talent:detonate	talent	title
Detonate	detonate	wiki:Detonate	force-power	title
Detoxify Poison	detoxify poison	class-ability:detoxify_poison	class-ability	title
Devaronian	devaronian	species:devaronian	species	title
Devaronian	devaronian	wiki:Devaronian	species	title
Devastating Attack	devastating attack	talent:devastating_attack	talent	title
Devastating Bellow	devastating bellow	feat:devastating_bellow	feat	title
Devastating Bellow	devastating bellow	wiki:Devastating_Bellow	feat	title
Devastating Melee Smash	devastating melee smash	talent:devastating_melee_smash	talent	title
Devastating Power	devastating power	class-ability:devastating_power	class-ability	title
Device Jammer	device jammer	talent:device_jammer	talent	title
Dexterity	dexterity	wiki:Abilities	rule	redirect
Difficult to Sense	difficult to sense	talent:difficult_to_sense	talent	title
Dig In	dig in	talent:dig_in	talent	title
Direct	direct	talent:direct	talent	title
Direct Fire	direct fire	talent:direct_fire	talent	title
Directed Action	directed action	talent:directed_action	talent	title
Directed Movement	directed movement	talent:directed_movement	talent	title
Dirty Fighting	dirty fighting	talent:dirty_fighting	talent	title
Dirty Tactics	dirty tactic	talent:dirty_tactic	talent	title
Dirty Tricks	dirty trick	talent:dirty_trick	talent	title
Disabler	disabler	feat:disabler	feat	title
Disabler	disabler	wiki:Disabler	feat	title
Disarm	disarm	action:disarm	action	title
Disarm	disarm	wiki:Disarm	action	title
Disarm and Engage	disarm and engage	talent:disarm_and_engage	talent	title
Disarming Attack	disarming attack	talent:disarming_attack	talent	title
Disarming Charm	disarming charm	feat:disarming_charm	feat	title
Disarming Charm	disarming charm	wiki:Disarming_Charm	feat	title
Disarming Slash	disarming slash	force-power:disarming_slash	force-power	title
Disarming Slash	disarming slash	wiki:Disarming_Slash	force-power	title
Discblade	discblade	weapon:discblade	weapon	title
Discblade	discblade	wiki:Discblade	weapon	title
Discblade Arc	discblade arc	talent:discblade_arc	talent	title
Discblade Mastery	discblade mastery	talent:discblade_mastery	talent	title
Disciple of Twilight Talent Tree	disciple of twilight talent tree	talent-tree:disciple_of_twilight_talent_tree	talent-tree	title
The Disciples of Twilight	disciples of twilight	affiliation:disciples_of_twilight	affiliation	title
The Disciples of Twilight	disciples of twilight	wiki:The_Disciples_of_Twilight	affiliation	title
Disciplined Strike	disciplined strike	talent:disciplined_strike	talent	title
Disciplined Trickery	disciplined trickery	talent:disciplined_trickery	talent	title
Disgrace Talent Tree	disgrace talent tree	talent-tree:disgrace_talent_tree	talent-tree	title
Disruptive	disruptive	talent:disruptive	talent	title
Distant Command	distant command	talent:distant_command	talent	title
Distant Discblade Throw	distant discblade throw	talent:distant_discblade_throw	talent	title
Distant Power	distant power	class-ability:distant_power	class-ability	title
Distracting Apparition	distracting apparition	talent:distracting_apparition	talent	title
Distracting Attack	distracting attack	talent:distracting_attack	talent	title
Distracting Droid	distracting droid	feat:distracting_droid	feat	title
Distracting Shout	distracting shout	talent:distracting_shout	talent	title
Distress to Discord	distress to discord	talent:distress_to_discord	talent	title
Disturbing Presence	disturbing presence	feat:disturbing_presence	feat	title
Dive for Cover	dive for cover	feat:dive_for_cover	feat	title
Djem So	djem so	talent:djem_so	talent	title
Djem So	djem so	wiki:Lightsaber_Forms_Talent_Tree	talent-tree	redirect
Dodge	dodge	feat:dodge	feat	title
Dogfight Gunner	dogfight gunner	talent:dogfight_gunner	talent	title
Dominate Mind	dominate mind	class-ability:dominate_mind	class-ability	title
Done It All	done it all	talent:done_it_all	talent	title
Double Agent	double agent	talent:double_agent	talent	title
Double Attack	double attack	feat:double_attack	feat	title
Double Up	double up	talent:double_up	talent	title
Double Weapons	double weapon	wiki:Category:Double_Weapons	index	slug
Double Weapons (Category)	double weapons category	index:double_weapons_category	index	title
Drain Energy	drain energy	force-power:drain_energy	force-power	title
Drain Force	drain force	talent:drain_force	talent	title
Drain Knowledge	drain knowledge	talent:drain_knowledge	talent	title
Draw a Bead	draw a bead	talent:draw_a_bead	talent	title
Draw Closer	draw closer	force-power:draw_closer	force-power	title
Draw Fire	draw fire	talent:draw_fire	talent	title
Dread	dread	talent:dread	talent	title
Dreadful Countenance	dreadful countenance	feat:dreadful_countenance	feat	title
Dreadful Rage	dreadful rage	feat:dreadful_rage	feat	title
Droid Commander	droid commander	prestige-class:droid_commander	prestige-class	title
Droid Commander Talent Tree	droid commander talent tree	talent-tree:droid_commander_talent_tree	talent-tree	title
Droid Defense	droid defense	talent:droid_defense	talent	title
Droid Duelist	droid duelist	talent:droid_duelist	talent	title
Droid Expert	droid expert	talent:droid_expert	talent	title
Droid Focus	droid focus	feat:droid_focus	feat	title
Droid Hunter	droid hunter	feat:droid_hunter	feat	title
Droid Jammer	droid jammer	talent:droid_jammer	talent	title
Droid Mettle	droid mettle	talent:droid_mettle	talent	title
Droid Shield Mastery	droid shield mastery	feat:droid_shield_mastery	feat	title
Droid Smash	droid smash	talent:droid_smash	talent	title
Droid Talent Trees	droid talent tree	wiki:Category:Droid_Talent_Trees	index	slug
Droid Talent Trees (Category)	droid talent trees category	index:droid_talent_trees_category	index	title
Droid Traits	droid trait	species:droid_trait	species	title
Droidcraft	droidcraft	feat:droidcraft	feat	title
Dual Weapon Flourish I	dual weapon flourish i	talent:dual_weapon_flourish_i	talent	title
Dual Weapon Flourish II	dual weapon flourish ii	talent:dual_weapon_flourish_ii	talent	title
Dual Weapon Mastery I	dual weapon mastery i	feat:dual_weapon_mastery_i	feat	title
Dual Weapon Mastery II	dual weapon mastery ii	feat:dual_weapon_mastery_ii	feat	title
Dual Weapon Mastery III	dual weapon mastery iii	feat:dual_weapon_mastery_iii	feat	title
Duck and Cover	duck and cover	feat:duck_and_cover	feat	title
Duelist Talent Tree	duelist talent tree	talent-tree:duelist_talent_tree	talent-tree	title
Dull the Pain	dull the pain	talent:dull_the_pain	talent	title
Dumb Luck	dumb luck	talent:dumb_luck	talent	title
Durable	durable	talent:durable	talent	title
Earth Buckle	earth buckle	talent:earth_buckle	talent	title
Easy Prey	easy prey	talent:easy_prey	talent	title
Echani Expertise	echani expertise	talent:echani_expertise	talent	title
Echani Training	echani training	feat:echani_training	feat	title
Echoes in the Force	echoes in the force	talent:echoes_in_the_force	talent	title
Echoes of the Force	echoes of the force	talent:echoes_of_the_force	talent	title
Educated	educated	talent:educated	talent	title
Elder's Knowledge	elder's knowledge	feat:elder's_knowledge	feat	title
Electronic Forgery	electronic forgery	talent:electronic_forgery	talent	title
Electronic Sabotage	electronic sabotage	talent:electronic_sabotage	talent	title
Electronic Trail	electronic trail	talent:electronic_trail	talent	title
Elite Droid Talent Tree	elite droid talent tree	talent-tree:elite_droid_talent_tree	talent-tree	title
Elite Trooper	elite trooper	prestige-class:elite_trooper	prestige-class	title
Elusive Dogfighter	elusive dogfighter	talent:elusive_dogfighter	talent	title
Elusive Target	elusive target	talent:elusive_target	talent	title
The Ember of Vahl	ember of vahl	affiliation:ember_of_vahl	affiliation	title
The Ember of Vahl	ember of vahl	wiki:The_Ember_of_Vahl	affiliation	title
Ember of Vahl Talent Tree	ember of vahl talent tree	talent-tree:ember_of_vahl_talent_tree	talent-tree	title
Embrace the Dark Side	embrace the dark side	talent:embrace_the_dark_side	talent	title
Emergency Team	emergency team	talent:emergency_team	talent	title
Empower Siang Lance	empower siang lance	talent:empower_siang_lance	talent	title
Empower Weapon	empower weapon	talent:empower_weapon	talent	title
Endor, Forest Moon of	endor forest moon of	wiki:The_Forest_Moon_of_Endor	planet	anchor
Enemy Tactics	enemy tactic	talent:enemy_tactic	talent	title
Energy Resistance	energy resistance	force-power:energy_resistance	force-power	title
Enforcement Talent Tree	enforcement talent tree	talent-tree:enforcement_talent_tree	talent-tree	title
Enforcer	enforcer	prestige-class:enforcer	prestige-class	title
Engineer	engineer	talent:engineer	talent	title
Engineer Lineage	engineer lineage	talent:engineer_lineage	talent	title
Enhance Cover	enhance cover	talent:enhance_cover	talent	title
Enhanced Danger Sense	enhanced danger sense	talent:enhanced_danger_sense	talent	title
Enhanced Manipulation	enhanced manipulation	talent:enhanced_manipulation	talent	title
Enhanced Vision	enhanced vision	talent:enhanced_vision	talent	title
Enlarged Power	enlarged power	class-ability:enlarged_power	class-ability	title
Enlighten	enlighten	force-power:enlighten	force-power	title
Entangler	entangler	talent:entangler	talent	title
Entreat Aid	entreat aid	talent:entreat_aid	talent	title
Entreat Beast	entreat beast	talent:entreat_beast	talent	title
Environmentally Shielded	environmentally shielded	talent:environmentally_shielded	talent	title
Equilibrium	equilibrium	talent:equilibrium	talent	title
Erratic Target	erratic target	feat:erratic_target	feat	title
Escort Fighter	escort fighter	talent:escort_fighter	talent	title
Escort Pilot	escort pilot	talent:escort_pilot	talent	title
Esoteric Technique	esoteric technique	talent:esoteric_technique	talent	title
Espionage Talent Tree	espionage talent tree	talent-tree:espionage_talent_tree	talent-tree	title
Etiquette	etiquette	talent:etiquette	talent	title
Evasion	evasion	talent:evasion	talent	title
Excellent Kit	excellent kit	talent:excellent_kit	talent	title
Exceptional Skill	exceptional skill	talent:exceptional_skill	talent	title
Exile Talent Tree	exile talent tree	talent-tree:exile_talent_tree	talent-tree	title
Exotic Weapons	exotic weapon	wiki:Category:Exotic_Weapons	index	slug
Exotic Weapon Mastery	exotic weapon mastery	talent:exotic_weapon_mastery	talent	title
Exotic Weapon Proficiency	exotic weapon proficiency	feat:exotic_weapon_proficiency	feat	title
Exotic Weapons (Category)	exotic weapons category	index:exotic_weapons_category	index	title
Exotic Weapons Master	exotic weapons master	talent:exotic_weapons_master	talent	title
Expanded Horizon	expanded horizon	talent:expanded_horizon	talent	title
Expanded Sensors	expanded sensor	talent:expanded_sensor	talent	title
Expedient Mending	expedient mending	talent:expedient_mending	talent	title
Experienced Brawler	experienced brawler	talent:experienced_brawler	talent	title
Experienced Medic	experienced medic	feat:experienced_medic	feat	title
Expert Briber	expert briber	feat:expert_briber	feat	title
Expert Droid Repair	expert droid repair	feat:expert_droid_repair	feat	title
Expert Grappler	expert grappler	talent:expert_grappler	talent	title
Expert Gunner	expert gunner	talent:expert_gunner	talent	title
Expert Pilot Talent Tree	expert pilot talent tree	talent-tree:expert_pilot_talent_tree	talent-tree	title
Expert Rider	expert rider	talent:expert_rider	talent	title
Expert Shaper	expert shaper	talent:expert_shaper	talent	title
Expert Tracker	expert tracker	talent:expert_tracker	talent	title
Exploit Weakness	exploit weakness	talent:exploit_weakness	talent	title
Explosives	explosive	wiki:Category:Explosives	index	slug
Explosives (Category)	explosives category	index:explosives_category	index	title
Exposing Strike	exposing strike	talent:exposing_strike	talent	title
Extend Power	extend power	class-ability:extend_power	class-ability	title
Extended Ambush	extended ambush	talent:extended_ambush	talent	title
Extended Blind	extended blind	class-ability:extended_blind	class-ability	title
Extended Critical Range (Heavy Weapons)	extended critical range heavy weapon	talent:extended_critical_range_heavy_weapon	talent	title
Extended Critical Range (Rifles)	extended critical range rifle	talent:extended_critical_range_rifle	talent	title
Extended Critical Range (Simple Weapons)	extended critical range simple weapon	talent:extended_critical_range_simple_weapon	talent	title
Extended Force Disarm	extended force disarm	class-ability:extended_force_disarm	class-ability	title
Extended Force Grip	extended force grip	class-ability:extended_force_grip	class-ability	title
Extended Force Thrust	extended force thrust	class-ability:extended_force_thrust	class-ability	title
Extended Move Object	extended move object	class-ability:extended_move_object	class-ability	title
Extended Threat	extended threat	talent:extended_threat	talent	title
Extra First Aid	extra first aid	talent:extra_first_aid	talent	title
Extra Rage	extra rage	feat:extra_rage	feat	title
Extra Second Wind	extra second wind	feat:extra_second_wind	feat	title
Extreme Effort	extreme effort	talent:extreme_effort	talent	title
Extreme Explosion	extreme explosion	talent:extreme_explosion	talent	title
Face the Foe	face the foe	talent:face_the_foe	talent	title
Fade Away	fade away	talent:fade_away	talent	title
Fall Back	fall back	talent:fall_back	talent	title
The Fallanassi	fallanassi	affiliation:fallanassi	affiliation	title
The Fallanassi	fallanassi	wiki:The_Fallanassi	affiliation	title
Falling Avalanche	falling avalanche	force-power:falling_avalanche	force-power	title
Familiar Enemies	familiar enemie	talent:familiar_enemie	talent	title
Familiar Foe	familiar foe	class-ability:familiar_foe	class-ability	title
Familiar Situation	familiar situation	talent:familiar_situation	talent	title
Far Shot	far shot	feat:far_shot	feat	title
Farseeing	farseeing	force-power:farseeing	force-power	title
Fast Attack Specialist	fast attack specialist	talent:fast_attack_specialist	talent	title
Fast Repairs	fast repair	talent:fast_repair	talent	title
Fast Surge	fast surge	feat:fast_surge	feat	title
Fast Swimmer	fast swimmer	feat:fast_swimmer	feat	title
Fast Talker	fast talker	talent:fast_talker	talent	title
Fatal Hit	fatal hit	feat:fatal_hit	feat	title
Fear	fear	force-power:fear	force-power	title
Fear Me	fear me	talent:fear_me	talent	title
Feared Warrior	feared warrior	talent:feared_warrior	talent	title
Fearless Leader	fearless leader	talent:fearless_leader	talent	title
Fearsome	fearsome	talent:fearsome	talent	title
Feat of Strength	feat of strength	feat:feat_of_strength	feat	title
Feed Information	feed information	talent:feed_information	talent	title
Feel the Force	feel the force	talent:feel_the_force	talent	title
The Felucian Shamans	felucian shaman	affiliation:felucian_shaman	affiliation	title
The Felucian Shamans	felucian shaman	wiki:The_Felucian_Shamans	affiliation	title
Felucian Shaman Talent Tree	felucian shaman talent tree	talent-tree:felucian_shaman_talent_tree	talent-tree	title
Fencing Talent Tree	fencing talent tree	talent-tree:fencing_talent_tree	talent-tree	title
Ferocious Assault	ferocious assault	talent:ferocious_assault	talent	title
A Few Maneuvers	few maneuver	feat:few_maneuver	feat	title
A Few Maneuvers	few maneuver	wiki:A_Few_Maneuvers	feat	title
Field Detection	field detection	talent:field_detection	talent	title
Field Tactics	field tactic	talent:field_tactic	talent	title
Fight Through Pain	fight through pain	feat:fight_through_pain	feat	title
Fight to the Death	fight to the death	talent:fight_to_the_death	talent	title
Find an Opening	find an opening	talent:find_an_opening	talent	title
Find Openings	find opening	talent:find_opening	talent	title
Findsman Ceremonies	findsman ceremonie	talent:findsman_ceremonie	talent	title
Findsman's Foresight	findsman's foresight	talent:findsman's_foresight	talent	title
Fira Mastery	fira mastery	talent:fira_mastery	talent	title
Fire at Will	fire at will	talent:fire_at_will	talent	title
Flanking Fire	flanking fire	talent:flanking_fire	talent	title
Flash and Clear	flash and clear	feat:flash_and_clear	feat	title
Flat-Footed	flat footed	wiki:Defenses	rule	redirect
Flawless Pilot	flawless pilot	feat:flawless_pilot	feat	title
Flèche	fle che	feat:fle_che	feat	title
Fleche	fleche	feat:fleche	feat	title
Flee	flee	talent:flee	talent	title
Fleet Deployment	fleet deployment	talent:fleet_deployment	talent	title
Fleet-Footed	fleet footed	feat:fleet_footed	feat	title
Fleet Tactics	fleet tactic	talent:fleet_tactic	talent	title
Flight	flight	talent:flight	talent	title
Flood of Fire	flood of fire	feat:flood_of_fire	feat	title
Fluid Riposte	fluid riposte	force-power:fluid_riposte	force-power	title
Fluidity	fluidity	talent:fluidity	talent	title
Flurry	flurry	feat:flurry	feat	title
Flurry Attack	flurry attack	talent:flurry_attack	talent	title
Flurry of Blows	flurry of blow	talent:flurry_of_blow	talent	title
Fluster	fluster	talent:fluster	talent	title
Focus Terror	focus terror	talent:focus_terror	talent	title
Focused Attack	focused attack	talent:focused_attack	talent	title
Focused Force Talisman	focused force talisman	talent:focused_force_talisman	talent	title
Focused Rage	focused rage	feat:focused_rage	feat	title
Focused Targeting	focused targeting	talent:focused_targeting	talent	title
Focused Warrior	focused warrior	talent:focused_warrior	talent	title
Fold Space	fold space	force-power:fold_space	force-power	title
Folded Space Mastery	folded space mastery	talent:folded_space_mastery	talent	title
Follow Through	follow through	feat:follow_through	feat	title
Fool's Luck	fool's luck	talent:fool's_luck	talent	title
For the Cause	for the cause	talent:for_the_cause	talent	title
The Force	force	rule:force	rule	title
The Force	force	wiki:The_Force	rule	title
Force Adept	force adept	prestige-class:force_adept	prestige-class	title
Force Adept Talent Tree	force adept talent tree	talent-tree:force_adept_talent_tree	talent-tree	title
Force Blank	force blank	talent:force_blank	talent	title
Force Blast	force blast	force-power:force_blast	force-power	title
Force Boon	force boon	feat:force_boon	feat	title
Force Cloak	force cloak	talent:force_cloak	talent	title
Force Cloak Mastery	force cloak mastery	talent:force_cloak_mastery	talent	title
Force Deception	force deception	talent:force_deception	talent	title
Force Delay	force delay	talent:force_delay	talent	title
Force Directed Shot	force directed shot	talent:force_directed_shot	talent	title
Force Direction	force direction	talent:force_direction	talent	title
Force Disarm	force disarm	force-power:force_disarm	force-power	title
Force Disarm	force disarm	wiki:Force_Disarm	force-power	title
Force Disciple	force disciple	prestige-class:force_disciple	prestige-class	title
Force Disciple	force disciple	wiki:Force_Disciple	prestige-class	title
Force Exertion	force exertion	talent:force_exertion	talent	title
Force Fighter	force fighter	talent:force_fighter	talent	title
Force Flow	force flow	talent:force_flow	talent	title
Force Focus	force focus	talent:force_focus	talent	title
Force Fortification	force fortification	talent:force_fortification	talent	title
Force Grip	force grip	force-power:force_grip	force-power	title
Force Grip	force grip	wiki:Force_Grip	force-power	title
Force Harmony	force harmony	talent:force_harmony	talent	title
Force Haze	force haze	talent:force_haze	talent	title
Force Hunter Talent Tree	force hunter talent tree	talent-tree:force_hunter_talent_tree	talent-tree	title
Force Hunter Talent Tree	force hunter talent tree	wiki:Force_Hunter_Talent_Tree	talent-tree	title
Force Immersion	force immersion	talent:force_immersion	talent	title
Force Interrogation	force interrogation	talent:force_interrogation	talent	title
Force Intuition	force intuition	talent:force_intuition	talent	title
Force Item Talent Tree	force item talent tree	talent-tree:force_item_talent_tree	talent-tree	title
Force Item Talent Tree	force item talent tree	wiki:Force_Item_Talent_Tree	talent-tree	title
Force Light	force light	force-power:force_light	force-power	title
Force Light	force light	wiki:Force_Light	force-power	title
Force Lightning	force lightning	force-power:force_lightning	force-power	title
Force Lightning	force lightning	wiki:Force_Lightning	force-power	title
Force Momentum	force momentum	talent:force_momentum	talent	title
Force of Personality	force of personality	feat:force_of_personality	feat	title
Force of Personality	force of personality	wiki:Force_of_Personality	feat	title
Force of Will	force of will	talent:force_of_will	talent	title
Force Perception	force perception	talent:force_perception	talent	title
Force Persuasion	force persuasion	talent:force_persuasion	talent	title
Force Pilot	force pilot	talent:force_pilot	talent	title
Force Points	force point	wiki:The_Force	rule	anchor
Force Point Recovery	force point recovery	class-ability:force_point_recovery	class-ability	title
Force Powers	force power	rule:force_power	rule	title
Force Powers	force power	wiki:Category:Force_Powers	index	slug
Force Powers	force power	wiki:Force_Powers	rule	title
Force Powers	force power	wiki:The_Force	rule	anchor
Force Power Adept	force power adept	talent:force_power_adept	talent	title
Force Power Mastery	force power mastery	class-ability:force_power_mastery	class-ability	title
Force Powers (Category)	force powers category	index:force_powers_category	index	title
Force Prodigy	force prodigy	heroic-class:force_prodigy	heroic-class	title
Force Readiness	force readiness	feat:force_readiness	feat	title
Force Readiness	force readiness	wiki:Force_Readiness	feat	title
Force Recovery	force recovery	talent:force_recovery	talent	title
Force Reflexes	force reflexe	talent:force_reflexe	talent	title
Force Regimens	force regimen	wiki:The_Force	rule	redirect
Force Regimen Mastery	force regimen mastery	feat:force_regimen_mastery	feat	title
Force Regimen Mastery	force regimen mastery	wiki:Force_Regimen_Mastery	feat	title
Force Repair	force repair	talent:force_repair	talent	title
Force Revive	force revive	talent:force_revive	talent	title
Force Scream	force scream	force-power:force_scream	force-power	title
Force Scream	force scream	wiki:Force_Scream	force-power	title
Force Sensitivity	force sensitivity	feat:force_sensitivity	feat	title
Force Sensitivity	force sensitivity	wiki:Force_Sensitivity	feat	title
Force Shield	force shield	force-power:force_shield	force-power	title
Force Shield	force shield	wiki:Force_Shield	force-power	title
Force Slam	force slam	force-power:force_slam	force-power	title
Force Slam	force slam	wiki:Force_Slam	force-power	title
Force Spirits	force spirit	wiki:Category:Force_Spirits	index	slug
Force Spirits (Category)	force spirits category	index:force_spirits_category	index	title
Force Stabilize	force stabilize	talent:force_stabilize	talent	title
Force Storm	force storm	force-power:force_storm	force-power	title
Force Storm	force storm	wiki:Force_Storm	force-power	title
Force Storm (JATM)	force storm jatm	force-power:force_storm_jatm	force-power	title
Force Stun	force stun	force-power:force_stun	force-power	title
Force Stun	force stun	wiki:Force_Stun	force-power	title
Force Suppression	force suppression	talent:force_suppression	talent	title
Force Talents	force talent	wiki:The_Force	rule	redirect
Force Talent Tree	force talent tree	wiki:The_Force	rule	redirect
Force Talisman	force talisman	talent:force_talisman	talent	title
Force Throw	force throw	talent:force_throw	talent	title
Force Thrust	force thrust	force-power:force_thrust	force-power	title
Force Thrust	force thrust	wiki:Force_Thrust	force-power	title
Force Track	force track	force-power:force_track	force-power	title
Force Track	force track	wiki:Force_Track	force-power	title
Force Traditions	force tradition	rule:force_tradition	rule	title
Force Traditions	force tradition	wiki:Force_Traditions	rule	title
Force Training	force training	feat:force_training	feat	title
Force Training	force training	wiki:Force_Training	feat	title
Force Treatment	force treatment	talent:force_treatment	talent	title
Force Unleashed Campaign Guide	force unleashed campaign guide	wiki:Category:Force_Unleashed_Campaign_Guide	compilation	slug
Force Unleashed Campaign Guide (Compilation)	force unleashed campaign guide compilation	compilation:force_unleashed_campaign_guide_compilation	compilation	title
Force Veil	force veil	talent:force_veil	talent	title
Force Warning	force warning	talent:force_warning	talent	title
Force Whirlwind	force whirlwind	force-power:force_whirlwind	force-power	title
Force Whirlwind	force whirlwind	wiki:Force_Whirlwind	force-power	title
Forceful Blast	forceful blast	feat:forceful_blast	feat	title
Forceful Blast	forceful blast	wiki:Forceful_Blast	feat	title
Forceful Recovery	forceful recovery	feat:forceful_recovery	feat	title
Forceful Recovery	forceful recovery	wiki:Forceful_Recovery	feat	title
Forceful Warrior	forceful warrior	talent:forceful_warrior	talent	title
Foresight	foresight	talent:foresight	talent	title
The Forest Moon of Endor	forest moon of endor	planet:forest_moon_of_endor	planet	title
The Forest Moon of Endor	forest moon of endor	wiki:The_Forest_Moon_of_Endor	planet	title
Forest Stalker	forest stalker	feat:forest_stalker	feat	title
Forest Stalker	forest stalker	wiki:Forest_Stalker	feat	title
Forewarn Allies	forewarn allie	talent:forewarn_allie	talent	title
FORM POWER	form power	force-power:form_power	force-power	title
Form Up	form up	talent:form_up	talent	title
Fortified Body	fortified body	talent:fortified_body	talent	title
Fortifying Recovery	fortifying recovery	feat:fortifying_recovery	feat	title
Fortifying Recovery	fortifying recovery	wiki:Fortifying_Recovery	feat	title
Fortune Talent Tree	fortune talent tree	talent-tree:fortune_talent_tree	talent-tree	title
Fortune Talent Tree	fortune talent tree	wiki:Fortune_Talent_Tree	talent-tree	title
Fortune's Favor	fortune's favor	talent:fortune's_favor	talent	title
Forward Patrol	forward patrol	talent:forward_patrol	talent	title
Fosh	fosh	species:fosh	species	title
Fosh	fosh	wiki:Fosh	species	title
Free Actions	free action	wiki:Actions	rule	redirect
Friend or Foe	friend or foe	talent:friend_or_foe	talent	title
Friendly Fire	friendly fire	talent:friendly_fire	talent	title
Friends in Low Places	friends in low place	feat:friends_in_low_place	feat	title
Friends in Low Places	friends in low place	wiki:Friends_in_Low_Places	feat	title
Frighten	frighten	talent:frighten	talent	title
Frightening Cleave	frightening cleave	feat:frightening_cleave	feat	title
Frightening Cleave	frightening cleave	wiki:Frightening_Cleave	feat	title
Fringe Benefits	fringe benefit	feat:fringe_benefit	feat	title
Fringe Benefits	fringe benefit	wiki:Fringe_Benefits	feat	title
Fringe Savant	fringe savant	talent:fringe_savant	talent	title
Fringer Surge	fringer surge	talent:fringer_surge	talent	title
Fringer Talent Tree	fringer talent tree	talent-tree:fringer_talent_tree	talent-tree	title
Fringer Talent Tree	fringer talent tree	wiki:Fringer_Talent_Tree	talent-tree	title
Fugitive Commander Talent Tree	fugitive commander talent tree	talent-tree:fugitive_commander_talent_tree	talent-tree	title
Fugitive Commander Talent Tree	fugitive commander talent tree	wiki:Fugitive_Commander_Talent_Tree	talent-tree	title
Full Advance	full advance	talent:full_advance	talent	title
Full Attacks	full attack	action:full_attack	action	title
Full Attacks	full attack	wiki:Full_Attacks	action	title
Full Control	full control	talent:full_control	talent	title
Full-Round Actions	full round action	wiki:Category:Full-Round_Actions	index	slug
Full-Round Actions (Category)	full round actions category	index:full_round_actions_category	index	title
Full Throttle	full throttle	talent:full_throttle	talent	title
Galactic Alliance Military Training	galactic alliance military training	feat:galactic_alliance_military_training	feat	title
Galactic Alliance Military Training	galactic alliance military training	wiki:Galactic_Alliance_Military_Training	feat	title
Galactic Gazetteer	galactic gazetteer	rule:galactic_gazetteer	rule	title
Galactic Gazetteer	galactic gazetteer	wiki:Galactic_Gazetteer	rule	title
Galaxy at War	galaxy at war	wiki:Category:Galaxy_at_War	compilation	slug
Galaxy at War (Compilation)	galaxy at war compilation	compilation:galaxy_at_war_compilation	compilation	title
Galaxy of Intrigue	galaxy of intrigue	wiki:Category:Galaxy_of_Intrigue	compilation	slug
Galaxy of Intrigue (Compilation)	galaxy of intrigue compilation	compilation:galaxy_of_intrigue_compilation	compilation	title
Gambler	gambler	talent:gambler	talent	title
Gambling Leader Talent Tree	gambling leader talent tree	talent-tree:gambling_leader_talent_tree	talent-tree	title
Gambling Leader Talent Tree	gambling leader talent tree	wiki:Gambling_Leader_Talent_Tree	talent-tree	title
Gamemastering	gamemastering	rule:gamemastering	rule	title
Gamemastering	gamemastering	wiki:Gamemastering	rule	title
Gamorrean	gamorrean	species:gamorrean	species	title
Gamorrean	gamorrean	wiki:Gamorrean	species	title
Gand	gand	species:gand	species	title
Gand	gand	wiki:Gand	species	title
Gand Findsman Talent Tree	gand findsman talent tree	talent-tree:gand_findsman_talent_tree	talent-tree	title
Gand Findsman Talent Tree	gand findsman talent tree	wiki:Gand_Findsman_Talent_Tree	talent-tree	title
The Gand Findsmen	gand findsmen	affiliation:gand_findsmen	affiliation	title
The Gand Findsmen	gand findsmen	wiki:The_Gand_Findsmen	affiliation	title
Gang Leader	gang leader	talent:gang_leader	talent	title
Gather Information	gather information	wiki:Gather_Information	skill	slug
Gather Information (Cha)	gather information cha	skill:gather_information_cha	skill	title
Gather Information (Cha)	gather information cha	wiki:Gather_Information	skill	title
Gauge Force Potential	gauge force potential	talent:gauge_force_potential	talent	title
Gear Templates	gear template	creature:gear_template	creature	title
Gear Templates	gear template	wiki:Gear_Templates	creature	title
Gearhead	gearhead	feat:gearhead	feat	title
Gearhead	gearhead	wiki:Gearhead	feat	title
Gen'Dai	gen'dai	species:gen'dai	species	title
Gen'Dai	gen'dai	wiki:Gen'Dai	species	title
General Equipment	general equipment	rule:general_equipment	rule	title
General Equipment	general equipment	wiki:General_Equipment	rule	title
The GenoHaradan	genoharadan	affiliation:genoharadan	affiliation	title
The GenoHaradan	genoharadan	wiki:The_GenoHaradan	affiliation	title
GenoHaradan Talent Tree	genoharadan talent tree	talent-tree:genoharadan_talent_tree	talent-tree	title
GenoHaradan Talent Tree	genoharadan talent tree	wiki:GenoHaradan_Talent_Tree	talent-tree	title
Geonosian	geonosian	species:geonosian	species	title
Geonosian	geonosian	wiki:Geonosian	species	title
Get Down	get down	talent:get_down	talent	title
Get Into Position	get into position	talent:get_into_position	talent	title
Get Into Their Positions	get into their position	talent:get_into_their_position	talent	title
Get Some Distance	get some distance	talent:get_some_distance	talent	title
Ghost Assailant	ghost assailant	talent:ghost_assailant	talent	title
Gimmick	gimmick	talent:gimmick	talent	title
Givin	givin	species:givin	species	title
Givin	givin	wiki:Givin	species	title
Gladiator	gladiator	prestige-class:gladiator	prestige-class	title
Gladiator	gladiator	wiki:Gladiator	prestige-class	title
Gladiatorial Combat Talent Tree	gladiatorial combat talent tree	talent-tree:gladiatorial_combat_talent_tree	talent-tree	title
Gladiatorial Combat Talent Tree	gladiatorial combat talent tree	wiki:Gladiatorial_Combat_Talent_Tree	talent-tree	title
Gotal	gotal	species:gotal	species	title
Gotal	gotal	wiki:Gotal	species	title
Grab	grab	action:grab	action	title
Grab	grab	wiki:Grab	action	title
Grab Back	grab back	feat:grab_back	feat	title
Grab Back	grab back	wiki:Grab_Back	feat	title
Grabber	grabber	talent:grabber	talent	title
Gradual Resistance	gradual resistance	talent:gradual_resistance	talent	title
Gran	gran	species:gran	species	title
Gran	gran	wiki:Gran	species	title
Grand Army of the Republic Training	grand army of the republic training	feat:grand_army_of_the_republic_training	feat	title
Grand Army of the Republic Training	grand army of the republic training	wiki:Grand_Army_of_the_Republic_Training	feat	title
Grand Leader	grand leader	talent:grand_leader	talent	title
Grapple	grapple	action:grapple	action	title
Grapple	grapple	wiki:Grapple	action	title
Grapple Resistance	grapple resistance	feat:grapple_resistance	feat	title
Grapple Resistance	grapple resistance	wiki:Grapple_Resistance	feat	title
Grappled	grappled	wiki:Grapple	action	redirect
Grazing Shot	grazing shot	feat:grazing_shot	feat	title
Grazing Shot	grazing shot	wiki:Grazing_Shot	feat	title
Great Cleave	great cleave	feat:great_cleave	feat	title
Great Cleave	great cleave	wiki:Great_Cleave	feat	title
Great Shot	great shot	talent:great_shot	talent	title
Greater Dark Side Talisman	greater dark side talisman	talent:greater_dark_side_talisman	talent	title
Greater Devastating Attack	greater devastating attack	talent:greater_devastating_attack	talent	title
Greater Focused Force Talisman	greater focused force talisman	talent:greater_focused_force_talisman	talent	title
Greater Force Talisman	greater force talisman	talent:greater_force_talisman	talent	title
Greater Penetrating Attack	greater penetrating attack	talent:greater_penetrating_attack	talent	title
Greater Weapon Focus	greater weapon focus	talent:greater_weapon_focus	talent	title
Greater Weapon Focus (Fira)	greater weapon focus fira	talent:greater_weapon_focus_fira	talent	title
Greater Weapon Focus (lightsabers)	greater weapon focus lightsaber	talent:greater_weapon_focus_lightsaber	talent	title
Greater Weapon Specialization	greater weapon specialization	talent:greater_weapon_specialization	talent	title
Greater Weapon Specialization (lightsabers)	greater weapon specialization lightsaber	talent:greater_weapon_specialization_lightsaber	talent	title
Grenades	grenade	weapon-group:grenade	weapon-group	title
Grenades	grenade	wiki:Grenades	weapon-group	title
Grenade Defense	grenade defense	talent:grenade_defense	talent	title
Grizzled Warrior	grizzled warrior	talent:grizzled_warrior	talent	title
Grizzled Warrlor	grizzled warrlor	talent:grizzled_warrlor	talent	title
Group Perception	group perception	talent:group_perception	talent	title
Guaranteed Boon	guaranteed boon	talent:guaranteed_boon	talent	title
Guaranteed Shot	guaranteed shot	talent:guaranteed_shot	talent	title
Guard's Endurance	guard's endurance	talent:guard's_endurance	talent	title
Guard's Entrance	guard's entrance	talent:guard's_entrance	talent	title
Guardian Spirit	guardian spirit	talent:guardian_spirit	talent	title
Guardian Spirit Talent Tree	guardian spirit talent tree	talent-tree:guardian_spirit_talent_tree	talent-tree	title
Guardian Spirit Talent Tree	guardian spirit talent tree	wiki:Guardian_Spirit_Talent_Tree	talent-tree	title
Guardian Strike	guardian strike	talent:guardian_strike	talent	title
Guidance	guidance	talent:guidance	talent	title
Guiding Strikes	guiding strike	talent:guiding_strike	talent	title
Gun Club	gun club	talent:gun_club	talent	title
Gungan	gungan	species:gungan	species	title
Gungan	gungan	wiki:Gungan	species	title
Gungan Weapon Master	gungan weapon master	feat:gungan_weapon_master	feat	title
Gungan Weapon Master	gungan weapon master	wiki:Gungan_Weapon_Master	feat	title
Gunner	gunner	crew-position:gunner	crew-position	title
Gunner	gunner	wiki:Gunner	crew-position	title
Gunner Talent Tree	gunner talent tree	talent-tree:gunner_talent_tree	talent-tree	title
Gunner Talent Tree	gunner talent tree	wiki:Gunner_Talent_Tree	talent-tree	title
Gunnery Specialist	gunnery specialist	feat:gunnery_specialist	feat	title
Gunnery Specialist	gunnery specialist	wiki:Gunnery_Specialist	feat	title
Gunslinger	gunslinger	prestige-class:gunslinger	prestige-class	title
Gunslinger	gunslinger	wiki:Gunslinger	prestige-class	title
Gunslinger Talent Tree	gunslinger talent tree	talent-tree:gunslinger_talent_tree	talent-tree	title
Gunslinger Talent Tree	gunslinger talent tree	wiki:Gunslinger_Talent_Tree	talent-tree	title
Hailfire	hailfire	talent:hailfire	talent	title
Halt	halt	feat:halt	feat	title
Halt	halt	wiki:Halt	feat	title
Hammerblow	hammerblow	talent:hammerblow	talent	title
Hand	hand	droid-system:hand	droid-system	title
Hand	hand	wiki:Hand	droid-system	title
Hard Target	hard target	talent:hard_target	talent	title
Hardened Strike	hardened strike	talent:hardened_strike	talent	title
Hardiness	hardiness	talent:hardiness	talent	title
Harm's Way	harm's way	talent:harm's_way	talent	title
Harrying Shot	harrying shot	talent:harrying_shot	talent	title
Hasty Modification	hasty modification	feat:hasty_modification	feat	title
Hasty Modification	hasty modification	wiki:Hasty_Modification	feat	title
Hasty Withdrawal	hasty withdrawal	talent:hasty_withdrawal	talent	title
Hasty Withdrawl	hasty withdrawl	talent:hasty_withdrawl	talent	title
Hatred	hatred	force-power:hatred	force-power	title
Hatred	hatred	wiki:Hatred	force-power	title
Hawk-Bat Swoop	hawk bat swoop	force-power:hawk_bat_swoop	force-power	title
Hawk-Bat Swoop	hawk bat swoop	wiki:Hawk-Bat_Swoop	force-power	title
Heal Droid	heal droid	talent:heal_droid	talent	title
Healing Boost	healing boost	talent:healing_boost	talent	title
Heavy Armor	heavy armor	rule:heavy_armor	rule	title
Heavy Armor	heavy armor	wiki:Heavy_Armor	rule	title
Heavy-Duty Actuators	heavy duty actuator	talent:heavy_duty_actuator	talent	title
Heavy Fire Zone	heavy fire zone	talent:heavy_fire_zone	talent	title
Heavy Hitter	heavy hitter	feat:heavy_hitter	feat	title
Heavy Hitter	heavy hitter	wiki:Heavy_Hitter	feat	title
Heavy Weapons	heavy weapon	weapon-group:heavy_weapon	weapon-group	title
Heavy Weapons	heavy weapon	wiki:Heavy_Weapons	weapon-group	title
Heightened Awareness	heightened awareness	talent:heightened_awareness	talent	title
Helpful	helpful	talent:helpful	talent	title
Helpful Droid	helpful droid	talent:helpful_droid	talent	title
Herglic	herglic	species:herglic	species	title
Herglic	herglic	wiki:Herglic	species	title
Heroic Class	heroic class	wiki:Heroic_Classes	rule	redirect
Heroic Classes	heroic classe	rule:heroic_classe	rule	title
Heroic Classes	heroic classe	wiki:Heroic_Classes	rule	title
Heroic Traits	heroic trait	rule:heroic_trait	rule	title
Heroic Traits	heroic trait	wiki:Heroic_Traits	rule	title
Hesitate	hesitate	talent:hesitate	talent	title
Heuristic Mastery	heuristic mastery	talent:heuristic_mastery	talent	title
Hidden Attacker	hidden attacker	talent:hidden_attacker	talent	title
Hidden Eyes	hidden eyes	talent:hidden_eyes	talent	title
Hidden Movement	hidden movement	talent:hidden_movement	talent	title
Hidden Weapons	hidden weapon	talent:hidden_weapon	talent	title
Hide in Plain Sight	hide in plain sight	talent:hide_in_plain_sight	talent	title
Hideous Visage	hideous visage	feat:hideous_visage	feat	title
Hideous Visage	hideous visage	wiki:Hideous_Visage	feat	title
Hidious Visage	hidious visage	feat:hidious_visage	feat	title
High Ground Defense	high ground defense	force-power:high_ground_defense	force-power	title
High Ground Defense	high ground defense	wiki:High_Ground_Defense	force-power	title
High Impact	high impact	talent:high_impact	talent	title
Higher Yield	higher yield	talent:higher_yield	talent	title
Hijkata Expertise	hijkata expertise	talent:hijkata_expertise	talent	title
Hijkata Training	hijkata training	feat:hijkata_training	feat	title
Hijkata Training	hijkata training	wiki:Hijkata_Training	feat	title
Hit Points	hit point	rule:hit_point	rule	title
Hit Points	hit point	wiki:Hit_Points	rule	title
Hit the Deck	hit the deck	talent:hit_the_deck	talent	title
Hive Mind	hive mind	talent:hive_mind	talent	title
Hobbling Strike	hobbling strike	feat:hobbling_strike	feat	title
Hobbling Strike	hobbling strike	wiki:Hobbling_Strike	feat	title
Hold it Together	hold it together	talent:hold_it_together	talent	title
Hold Steady	hold steady	talent:hold_steady	talent	title
Hold the Line	hold the line	talent:hold_the_line	talent	title
Hold Together	hold together	feat:hold_together	feat	title
Hold Together	hold together	wiki:Hold_Together	feat	title
Holocron Loremaster	holocron loremaster	class-ability:holocron_loremaster	class-ability	title
Homebrew	homebrew	heroic-class:homebrew	heroic-class	title
Hot Wire	hot wire	talent:hot_wire	talent	title
Hotwire	hotwire	talent:hotwire	talent	title
Hotwired Processor	hotwired processor	talent:hotwired_processor	talent	title
Houk	houk	species:houk	species	title
Houk	houk	wiki:Houk	species	title
Hovering	hovering	droid-system:hovering	droid-system	title
Hovering	hovering	wiki:Hovering	droid-system	title
https://swse.miraheze.org/wiki/1st-DegreeDroids	https swse miraheze org wiki 1st degreedroid	wiki:1st-Degree_Droids	droid	anchor
https://swse.miraheze.org/wiki/1st-DegreeDroidTalentTree	https swse miraheze org wiki 1st degreedroidtalenttree	wiki:1st-Degree_Droid_Talent_Tree	talent-tree	anchor
https://swse.miraheze.org/wiki/2nd-DegreeDroids	https swse miraheze org wiki 2nd degreedroid	wiki:2nd-Degree_Droids	droid	anchor
https://swse.miraheze.org/wiki/2nd-DegreeDroidTalentTree	https swse miraheze org wiki 2nd degreedroidtalenttree	wiki:2nd-Degree_Droid_Talent_Tree	talent-tree	anchor
https://swse.miraheze.org/wiki/3rd-DegreeDroids	https swse miraheze org wiki 3rd degreedroid	wiki:3rd-Degree_Droids	droid	anchor
https://swse.miraheze.org/wiki/3rd-DegreeDroidTalentTree	https swse miraheze org wiki 3rd degreedroidtalenttree	wiki:3rd-Degree_Droid_Talent_Tree	talent-tree	anchor
https://swse.miraheze.org/wiki/4th-DegreeDroids	https swse miraheze org wiki 4th degreedroid	wiki:4th-Degree_Droids	droid	anchor
https://swse.miraheze.org/wiki/4th-DegreeDroidTalentTree	https swse miraheze org wiki 4th degreedroidtalenttree	wiki:4th-Degree_Droid_Talent_Tree	talent-tree	anchor
https://swse.miraheze.org/wiki/5th-DegreeDroids	https swse miraheze org wiki 5th degreedroid	wiki:5th-Degree_Droids	droid	anchor
https://swse.miraheze.org/wiki/5th-DegreeDroidTalentTree	https swse miraheze org wiki 5th degreedroidtalenttree	wiki:5th-Degree_Droid_Talent_Tree	talent-tree	anchor
https://swse.miraheze.org/wiki/Abilities	https swse miraheze org wiki abilitie	wiki:Abilities	rule	anchor
https://swse.miraheze.org/wiki/AcceleratedStrike	https swse miraheze org wiki acceleratedstrike	wiki:Accelerated_Strike	feat	anchor
https://swse.miraheze.org/wiki/AcePilot	https swse miraheze org wiki acepilot	wiki:Ace_Pilot	prestige-class	anchor
https://swse.miraheze.org/wiki/Acrobatics	https swse miraheze org wiki acrobatic	wiki:Acrobatics	skill	anchor
https://swse.miraheze.org/wiki/AcrobaticAlly	https swse miraheze org wiki acrobatically	wiki:Acrobatic_Ally	feat	anchor
https://swse.miraheze.org/wiki/AcrobaticDodge	https swse miraheze org wiki acrobaticdodge	wiki:Acrobatic_Dodge	feat	anchor
https://swse.miraheze.org/wiki/AcrobaticStrike	https swse miraheze org wiki acrobaticstrike	wiki:Acrobatic_Strike	feat	anchor
https://swse.miraheze.org/wiki/Actions	https swse miraheze org wiki action	wiki:Actions	rule	anchor
https://swse.miraheze.org/wiki/AdaptableTalent	https swse miraheze org wiki adaptabletalent	wiki:Adaptable_Talent	feat	anchor
https://swse.miraheze.org/wiki/AdvancedMedicineTalentTree	https swse miraheze org wiki advancedmedicinetalenttree	wiki:Advanced_Medicine_Talent_Tree	talent-tree	anchor
https://swse.miraheze.org/wiki/AdvancePatrolTalentTree	https swse miraheze org wiki advancepatroltalenttree	wiki:Advance_Patrol_Talent_Tree	talent-tree	anchor
https://swse.miraheze.org/wiki/AdvantageousAttack	https swse miraheze org wiki advantageousattack	wiki:Advantageous_Attack	feat	anchor
https://swse.miraheze.org/wiki/AdvantageousCover	https swse miraheze org wiki advantageouscover	wiki:Advantageous_Cover	feat	anchor
https://swse.miraheze.org/wiki/Advozse	https swse miraheze org wiki advozse	wiki:Advozse	species	anchor
https://swse.miraheze.org/wiki/AFewManeuvers	https swse miraheze org wiki afewmaneuver	wiki:A_Few_Maneuvers	feat	anchor
https://swse.miraheze.org/wiki/AgentofOssusTalentTree	https swse miraheze org wiki agentofossustalenttree	wiki:Agent_of_Ossus_Talent_Tree	talent-tree	anchor
https://swse.miraheze.org/wiki/AidAnother	https swse miraheze org wiki aidanother	wiki:Aid_Another	action	anchor
https://swse.miraheze.org/wiki/Aim	https swse miraheze org wiki aim	wiki:Aim	action	anchor
https://swse.miraheze.org/wiki/AimingAccuracy	https swse miraheze org wiki aimingaccuracy	wiki:Aiming_Accuracy	feat	anchor
https://swse.miraheze.org/wiki/Aing-TiiMonkTalentTree	https swse miraheze org wiki aing tiimonktalenttree	wiki:Aing-Tii_Monk_Talent_Tree	talent-tree	anchor
https://swse.miraheze.org/wiki/Aleena	https swse miraheze org wiki aleena	wiki:Aleena	species	anchor
https://swse.miraheze.org/wiki/AlterTalentTree	https swse miraheze org wiki altertalenttree	wiki:Alter_Talent_Tree	talent-tree	anchor
https://swse.miraheze.org/wiki/Altiri	https swse miraheze org wiki altiri	wiki:Altiri	species	anchor
https://swse.miraheze.org/wiki/Amani	https swse miraheze org wiki amani	wiki:Amani	species	anchor
https://swse.miraheze.org/wiki/AmbusherTalentTree	https swse miraheze org wiki ambushertalenttree	wiki:Ambusher_Talent_Tree	talent-tree	anchor
https://swse.miraheze.org/wiki/AmpleForaging	https swse miraheze org wiki ampleforaging	wiki:Ample_Foraging	feat	anchor
https://swse.miraheze.org/wiki/Anarrian	https swse miraheze org wiki anarrian	wiki:Anarrian	species	anchor
https://swse.miraheze.org/wiki/AngledThrow	https swse miraheze org wiki angledthrow	wiki:Angled_Throw	feat	anchor
https://swse.miraheze.org/wiki/AnointedHunter	https swse miraheze org wiki anointedhunter	wiki:Anointed_Hunter	feat	anchor
https://swse.miraheze.org/wiki/AnticipationTalentTree	https swse miraheze org wiki anticipationtalenttree	wiki:Anticipation_Talent_Tree	talent-tree	anchor
https://swse.miraheze.org/wiki/Anzati	https swse miraheze org wiki anzati	wiki:Anzati	species	anchor
https://swse.miraheze.org/wiki/Aqualish	https swse miraheze org wiki aqualish	wiki:Aqualish	species	anchor
https://swse.miraheze.org/wiki/AquaticSpecialists	https swse miraheze org wiki aquaticspecialist	wiki:Aquatic_Specialists	feat	anchor
https://swse.miraheze.org/wiki/Arcona	https swse miraheze org wiki arcona	wiki:Arcona	species	anchor
https://swse.miraheze.org/wiki/Arkanian	https swse miraheze org wiki arkanian	wiki:Arkanian	species	anchor
https://swse.miraheze.org/wiki/ArkanianOffshoot	https swse miraheze org wiki arkanianoffshoot	wiki:Arkanian_Offshoot	species	anchor
https://swse.miraheze.org/wiki/ArmorProficiencyHeavy	https swse miraheze org wiki armorproficiencyheavy	wiki:Armor_Proficiency_(Heavy)	feat	anchor
https://swse.miraheze.org/wiki/ArmorProficiencyLight	https swse miraheze org wiki armorproficiencylight	wiki:Armor_Proficiency_(Light)	feat	anchor
https://swse.miraheze.org/wiki/ArmorProficiencyMedium	https swse miraheze org wiki armorproficiencymedium	wiki:Armor_Proficiency_(Medium)	feat	anchor
https://swse.miraheze.org/wiki/ArmorSpecialistTalentTree	https swse miraheze org wiki armorspecialisttalenttree	wiki:Armor_Specialist_Talent_Tree	talent-tree	anchor
https://swse.miraheze.org/wiki/ArtilleryShot	https swse miraheze org wiki artilleryshot	wiki:Artillery_Shot	feat	anchor
https://swse.miraheze.org/wiki/AscensionSpecialists	https swse miraheze org wiki ascensionspecialist	wiki:Ascension_Specialists	feat	anchor
https://swse.miraheze.org/wiki/Assassin	https swse miraheze org wiki assassin	wiki:Assassin	prestige-class	anchor
https://swse.miraheze.org/wiki/AssassinTalentTree	https swse miraheze org wiki assassintalenttree	wiki:Assassin_Talent_Tree	talent-tree	anchor
https://swse.miraheze.org/wiki/Assault	https swse miraheze org wiki assault	wiki:Assault	feat	anchor
https://swse.miraheze.org/wiki/AssuredAttack	https swse miraheze org wiki assuredattack	wiki:Assured_Attack	feat	anchor
https://swse.miraheze.org/wiki/AssuredStrike	https swse miraheze org wiki assuredstrike	wiki:Assured_Strike	force-power	anchor
https://swse.miraheze.org/wiki/Atlatl	https swse miraheze org wiki atlatl	wiki:Atlatl	weapon	anchor
https://swse.miraheze.org/wiki/Attacks	https swse miraheze org wiki attack	wiki:Attacks	rule	anchor
https://swse.miraheze.org/wiki/AttackComboFireandStrike	https swse miraheze org wiki attackcombofireandstrike	wiki:Attack_Combo_(Fire_and_Strike)	feat	anchor
https://swse.miraheze.org/wiki/AttackComboMelee	https swse miraheze org wiki attackcombomelee	wiki:Attack_Combo_(Melee)	feat	anchor
https://swse.miraheze.org/wiki/AttackComboRanged	https swse miraheze org wiki attackcomboranged	wiki:Attack_Combo_(Ranged)	feat	anchor
https://swse.miraheze.org/wiki/AttacksofOpportunity	https swse miraheze org wiki attacksofopportunity	wiki:Attacks_of_Opportunity	rule	anchor
https://swse.miraheze.org/wiki/AutofireBarrage	https swse miraheze org wiki autofirebarrage	wiki:Autofire_Barrage	feat	anchor
https://swse.miraheze.org/wiki/AutofireSweep	https swse miraheze org wiki autofiresweep	wiki:Autofire_Sweep	feat	anchor
https://swse.miraheze.org/wiki/AutonomyTalentTree	https swse miraheze org wiki autonomytalenttree	wiki:Autonomy_Talent_Tree	talent-tree	anchor
https://swse.miraheze.org/wiki/AwarenessTalentTree	https swse miraheze org wiki awarenesstalenttree	wiki:Awareness_Talent_Tree	talent-tree	anchor
https://swse.miraheze.org/wiki/Backgrounds	https swse miraheze org wiki background	wiki:Backgrounds	rule	anchor
https://swse.miraheze.org/wiki/BadFeeling	https swse miraheze org wiki badfeeling	wiki:Bad_Feeling	feat	anchor
https://swse.miraheze.org/wiki/Ballistakinesis	https swse miraheze org wiki ballistakinesis	wiki:Ballistakinesis	force-power	anchor
https://swse.miraheze.org/wiki/Balosar	https swse miraheze org wiki balosar	wiki:Balosar	species	anchor
https://swse.miraheze.org/wiki/BandoGoraCaptainTalentTree	https swse miraheze org wiki bandogoracaptaintalenttree	wiki:Bando_Gora_Captain_Talent_Tree	talent-tree	anchor
https://swse.miraheze.org/wiki/BanthaHerder	https swse miraheze org wiki banthaherder	wiki:Bantha_Herder	feat	anchor
https://swse.miraheze.org/wiki/BanthaRush	https swse miraheze org wiki bantharush	wiki:Bantha_Rush	feat	anchor
https://swse.miraheze.org/wiki/Barabel	https swse miraheze org wiki barabel	wiki:Barabel	species	anchor
https://swse.miraheze.org/wiki/BaranDoSageTalentTree	https swse miraheze org wiki barandosagetalenttree	wiki:Baran_Do_Sage_Talent_Tree	talent-tree	anchor
https://swse.miraheze.org/wiki/BarrierofBlades	https swse miraheze org wiki barrierofblade	wiki:Barrier_of_Blades	force-power	anchor
https://swse.miraheze.org/wiki/BasicProcessor	https swse miraheze org wiki basicprocessor	wiki:Basic_Processor	droid-system	anchor
https://swse.miraheze.org/wiki/BatteringAttack	https swse miraheze org wiki batteringattack	wiki:Battering_Attack	feat	anchor
https://swse.miraheze.org/wiki/BattleStrike	https swse miraheze org wiki battlestrike	wiki:Battle_Strike	force-power	anchor
https://swse.miraheze.org/wiki/Beast	https swse miraheze org wiki beast	wiki:Beast	creature	anchor
https://swse.miraheze.org/wiki/BeastwardenTalentTree	https swse miraheze org wiki beastwardentalenttree	wiki:Beastwarden_Talent_Tree	talent-tree	anchor
https://swse.miraheze.org/wiki/BelieverDiscipleTalentTree	https swse miraheze org wiki believerdiscipletalenttree	wiki:Believer_Disciple_Talent_Tree	talent-tree	anchor
https://swse.miraheze.org/wiki/BinaryMind	https swse miraheze org wiki binarymind	wiki:Binary_Mind	feat	anchor
https://swse.miraheze.org/wiki/BiotechGeneralTemplate	https swse miraheze org wiki biotechgeneraltemplate	wiki:Biotech_General_Template	creature	anchor
https://swse.miraheze.org/wiki/BiotechSpecialist	https swse miraheze org wiki biotechspecialist	wiki:Biotech_Specialist	feat	anchor
https://swse.miraheze.org/wiki/BiotechSurgery	https swse miraheze org wiki biotechsurgery	wiki:Biotech_Surgery	feat	anchor
https://swse.miraheze.org/wiki/Bith	https swse miraheze org wiki bith	wiki:Bith	species	anchor
https://swse.miraheze.org/wiki/BlasterBarrage	https swse miraheze org wiki blasterbarrage	wiki:Blaster_Barrage	feat	anchor
https://swse.miraheze.org/wiki/BlasterCarbine	https swse miraheze org wiki blastercarbine	wiki:Blaster_Carbine	weapon	anchor
https://swse.miraheze.org/wiki/BlazingChainTalentTree	https swse miraheze org wiki blazingchaintalenttree	wiki:Blazing_Chain_Talent_Tree	talent-tree	anchor
https://swse.miraheze.org/wiki/BlockadeRunnerTalentTree	https swse miraheze org wiki blockaderunnertalenttree	wiki:Blockade_Runner_Talent_Tree	talent-tree	anchor
https://swse.miraheze.org/wiki/BloodCarver	https swse miraheze org wiki bloodcarver	wiki:Blood_Carver	species	anchor
https://swse.miraheze.org/wiki/BoneCrusher	https swse miraheze org wiki bonecrusher	wiki:Bone_Crusher	feat	anchor
https://swse.miraheze.org/wiki/Bothan	https swse miraheze org wiki bothan	wiki:Bothan	species	anchor
https://swse.miraheze.org/wiki/BothanSpyNetTalentTree	https swse miraheze org wiki bothanspynettalenttree	wiki:Bothan_SpyNet_Talent_Tree	talent-tree	anchor
https://swse.miraheze.org/wiki/BothanWill	https swse miraheze org wiki bothanwill	wiki:Bothan_Will	feat	anchor
https://swse.miraheze.org/wiki/BountyHunter	https swse miraheze org wiki bountyhunter	wiki:Bounty_Hunter	prestige-class	anchor
https://swse.miraheze.org/wiki/BountyHunterTalentTree	https swse miraheze org wiki bountyhuntertalenttree	wiki:Bounty_Hunter_Talent_Tree	talent-tree	anchor
https://swse.miraheze.org/wiki/Bowcaster	https swse miraheze org wiki bowcaster	wiki:Bowcaster	weapon	anchor
https://swse.miraheze.org/wiki/BowcasterMarksman	https swse miraheze org wiki bowcastermarksman	wiki:Bowcaster_Marksman	feat	anchor
https://swse.miraheze.org/wiki/BrawlerTalentTree	https swse miraheze org wiki brawlertalenttree	wiki:Brawler_Talent_Tree	talent-tree	anchor
https://swse.miraheze.org/wiki/BrigandTalentTree	https swse miraheze org wiki brigandtalenttree	wiki:Brigand_Talent_Tree	talent-tree	anchor
https://swse.miraheze.org/wiki/BrilliantDefense	https swse miraheze org wiki brilliantdefense	wiki:Brilliant_Defense	feat	anchor
https://swse.miraheze.org/wiki/BrinkofDeath	https swse miraheze org wiki brinkofdeath	wiki:Brink_of_Death	feat	anchor
https://swse.miraheze.org/wiki/BruteSquadTalentTree	https swse miraheze org wiki brutesquadtalenttree	wiki:Brute_Squad_Talent_Tree	talent-tree	anchor
https://swse.miraheze.org/wiki/BurstFire	https swse miraheze org wiki burstfire	wiki:Burst_Fire	feat	anchor
https://swse.miraheze.org/wiki/BurstofSpeed	https swse miraheze org wiki burstofspeed	wiki:Burst_of_Speed	feat	anchor
https://swse.miraheze.org/wiki/Caamasi	https swse miraheze org wiki caamasi	wiki:Caamasi	species	anchor
https://swse.miraheze.org/wiki/CamouflageTalentTree	https swse miraheze org wiki camouflagetalenttree	wiki:Camouflage_Talent_Tree	talent-tree	anchor
https://swse.miraheze.org/wiki/CarbineerTalentTree	https swse miraheze org wiki carbineertalenttree	wiki:Carbineer_Talent_Tree	talent-tree	anchor
https://swse.miraheze.org/wiki/CarefulShot	https swse miraheze org wiki carefulshot	wiki:Careful_Shot	feat	anchor
https://swse.miraheze.org/wiki/CatastrophicFailure	https swse miraheze org wiki catastrophicfailure	wiki:Catastrophic_Failure	challenge	anchor
https://swse.miraheze.org/wiki/CatchaSecondWind	https swse miraheze org wiki catchasecondwind	wiki:Catch_a_Second_Wind	action	anchor
https://swse.miraheze.org/wiki/Category:Appendages	https swse miraheze org wiki category appendage	wiki:Category:Appendages	index	anchor
https://swse.miraheze.org/wiki/Category:Armor	https swse miraheze org wiki category armor	wiki:Category:Armor	index	anchor
https://swse.miraheze.org/wiki/Category:Bellow	https swse miraheze org wiki category bellow	wiki:Category:Bellow	index	anchor
https://swse.miraheze.org/wiki/Category:Bio-Implants	https swse miraheze org wiki category bio implant	wiki:Category:Bio-Implants	index	anchor
https://swse.miraheze.org/wiki/Category:CoreRulebook	https swse miraheze org wiki category corerulebook	wiki:Category:Core_Rulebook	compilation	anchor
https://swse.miraheze.org/wiki/Category:DoubleWeapons	https swse miraheze org wiki category doubleweapon	wiki:Category:Double_Weapons	index	anchor
https://swse.miraheze.org/wiki/Category:DroidTalentTrees	https swse miraheze org wiki category droidtalenttree	wiki:Category:Droid_Talent_Trees	index	anchor
https://swse.miraheze.org/wiki/Category:ExoticWeapons	https swse miraheze org wiki category exoticweapon	wiki:Category:Exotic_Weapons	index	anchor
https://swse.miraheze.org/wiki/Category:Explosives	https swse miraheze org wiki category explosive	wiki:Category:Explosives	index	anchor
https://swse.miraheze.org/wiki/Category:ForcePowers	https swse miraheze org wiki category forcepower	wiki:Category:Force_Powers	index	anchor
https://swse.miraheze.org/wiki/Category:ForceSpirits	https swse miraheze org wiki category forcespirit	wiki:Category:Force_Spirits	index	anchor
https://swse.miraheze.org/wiki/Category:Full-RoundActions	https swse miraheze org wiki category full roundaction	wiki:Category:Full-Round_Actions	index	anchor
https://swse.miraheze.org/wiki/Category:GalaxyatWar	https swse miraheze org wiki category galaxyatwar	wiki:Category:Galaxy_at_War	compilation	anchor
https://swse.miraheze.org/wiki/Category:GalaxyofIntrigue	https swse miraheze org wiki category galaxyofintrigue	wiki:Category:Galaxy_of_Intrigue	compilation	anchor
https://swse.miraheze.org/wiki/Category:Implants	https swse miraheze org wiki category implant	wiki:Category:Implants	index	anchor
https://swse.miraheze.org/wiki/Category:MoveActions	https swse miraheze org wiki category moveaction	wiki:Category:Move_Actions	index	anchor
https://swse.miraheze.org/wiki/Category:Natural	https swse miraheze org wiki category natural	wiki:Category:Natural	index	anchor
https://swse.miraheze.org/wiki/Category:Poison	https swse miraheze org wiki category poison	wiki:Category:Poison	index	anchor
https://swse.miraheze.org/wiki/Category:Rage	https swse miraheze org wiki category rage	wiki:Category:Rage	index	anchor
https://swse.miraheze.org/wiki/Category:RangedWeapons	https swse miraheze org wiki category rangedweapon	wiki:Category:Ranged_Weapons	index	anchor
https://swse.miraheze.org/wiki/Category:Scent	https swse miraheze org wiki category scent	wiki:Category:Scent	index	anchor
https://swse.miraheze.org/wiki/Category:ScumandVillainy	https swse miraheze org wiki category scumandvillainy	wiki:Category:Scum_and_Villainy	compilation	anchor
https://swse.miraheze.org/wiki/Category:Shapeshift	https swse miraheze org wiki category shapeshift	wiki:Category:Shapeshift	index	anchor
https://swse.miraheze.org/wiki/Category:SimpleWeapons	https swse miraheze org wiki category simpleweapon	wiki:Category:Simple_Weapons	index	anchor
https://swse.miraheze.org/wiki/Category:StandardActions	https swse miraheze org wiki category standardaction	wiki:Category:Standard_Actions	index	anchor
https://swse.miraheze.org/wiki/Category:Starships	https swse miraheze org wiki category starship	wiki:Category:Starships	index	anchor
https://swse.miraheze.org/wiki/Category:SwiftActions	https swse miraheze org wiki category swiftaction	wiki:Category:Swift_Actions	index	anchor
https://swse.miraheze.org/wiki/Category:TheCloneWars	https swse miraheze org wiki category theclonewar	wiki:Category:The_Clone_Wars	index	anchor
https://swse.miraheze.org/wiki/Category:TheLegacyEra	https swse miraheze org wiki category thelegacyera	wiki:Category:The_Legacy_Era	index	anchor
https://swse.miraheze.org/wiki/Category:TheNewJediOrderEra	https swse miraheze org wiki category thenewjediorderera	wiki:Category:The_New_Jedi_Order_Era	index	anchor
https://swse.miraheze.org/wiki/Category:TheOldRepublicEra	https swse miraheze org wiki category theoldrepublicera	wiki:Category:The_Old_Republic_Era	compilation	anchor
https://swse.miraheze.org/wiki/Category:TheRebellionEra	https swse miraheze org wiki category therebellionera	wiki:Category:The_Rebellion_Era	index	anchor
https://swse.miraheze.org/wiki/Category:ThreatsoftheGalaxy	https swse miraheze org wiki category threatsofthegalaxy	wiki:Category:Threats_of_the_Galaxy	compilation	anchor
https://swse.miraheze.org/wiki/Category:Vehicles	https swse miraheze org wiki category vehicle	wiki:Category:Vehicles	index	anchor
https://swse.miraheze.org/wiki/Category:Weapons	https swse miraheze org wiki category weapon	wiki:Category:Weapons	index	anchor
https://swse.miraheze.org/wiki/Category:WeaponSystems	https swse miraheze org wiki category weaponsystem	wiki:Category:Weapon_Systems	index	anchor
https://swse.miraheze.org/wiki/Category:WebEnhancements	https swse miraheze org wiki category webenhancement	wiki:Category:Web_Enhancements	compilation	anchor
https://swse.miraheze.org/wiki/Cathar	https swse miraheze org wiki cathar	wiki:Cathar	species	anchor
https://swse.miraheze.org/wiki/Celegian	https swse miraheze org wiki celegian	wiki:Celegian	species	anchor
https://swse.miraheze.org/wiki/Cerean	https swse miraheze org wiki cerean	wiki:Cerean	species	anchor
https://swse.miraheze.org/wiki/Cesta	https swse miraheze org wiki cesta	wiki:Cesta	weapon	anchor
https://swse.miraheze.org/wiki/Chadra-Fan	https swse miraheze org wiki chadra fan	wiki:Chadra-Fan	species	anchor
https://swse.miraheze.org/wiki/Chagrian	https swse miraheze org wiki chagrian	wiki:Chagrian	species	anchor
https://swse.miraheze.org/wiki/ChannelRage	https swse miraheze org wiki channelrage	wiki:Channel_Rage	feat	anchor
https://swse.miraheze.org/wiki/CharacterCreation	https swse miraheze org wiki charactercreation	wiki:Character_Creation	rule	anchor
https://swse.miraheze.org/wiki/CharacterSheet	https swse miraheze org wiki charactersheet	wiki:Character_Sheet	rule	anchor
https://swse.miraheze.org/wiki/Charge	https swse miraheze org wiki charge	wiki:Charge	action	anchor
https://swse.miraheze.org/wiki/ChargingFire	https swse miraheze org wiki chargingfire	wiki:Charging_Fire	feat	anchor
https://swse.miraheze.org/wiki/Charlatan	https swse miraheze org wiki charlatan	wiki:Charlatan	prestige-class	anchor
https://swse.miraheze.org/wiki/Chiss	https swse miraheze org wiki chiss	wiki:Chiss	species	anchor
https://swse.miraheze.org/wiki/Chistori	https swse miraheze org wiki chistori	wiki:Chistori	species	anchor
https://swse.miraheze.org/wiki/CircleofShelter	https swse miraheze org wiki circleofshelter	wiki:Circle_of_Shelter	force-power	anchor
https://swse.miraheze.org/wiki/ClassSkills	https swse miraheze org wiki classskill	wiki:Class_Skills	rule	anchor
https://swse.miraheze.org/wiki/Claw	https swse miraheze org wiki claw	wiki:Claw	droid-system	anchor
https://swse.miraheze.org/wiki/Clawdite	https swse miraheze org wiki clawdite	wiki:Clawdite	species	anchor
https://swse.miraheze.org/wiki/ClawedSubspecies	https swse miraheze org wiki clawedsubspecie	wiki:Clawed_Subspecies	feat	anchor
https://swse.miraheze.org/wiki/Cleave	https swse miraheze org wiki cleave	wiki:Cleave	feat	anchor
https://swse.miraheze.org/wiki/Climb	https swse miraheze org wiki climb	wiki:Climb	skill	anchor
https://swse.miraheze.org/wiki/Cloak	https swse miraheze org wiki cloak	wiki:Cloak	force-power	anchor
https://swse.miraheze.org/wiki/CloseCombatEscape	https swse miraheze org wiki closecombatescape	wiki:Close_Combat_Escape	feat	anchor
https://swse.miraheze.org/wiki/Codru-Ji	https swse miraheze org wiki codru ji	wiki:Codru-Ji	species	anchor
https://swse.miraheze.org/wiki/CollaboratorTalentTree	https swse miraheze org wiki collaboratortalenttree	wiki:Collaborator_Talent_Tree	talent-tree	anchor
https://swse.miraheze.org/wiki/CollateralDamage	https swse miraheze org wiki collateraldamage	wiki:Collateral_Damage	feat	anchor
https://swse.miraheze.org/wiki/Combat	https swse miraheze org wiki combat	wiki:Combat	rule	anchor
https://swse.miraheze.org/wiki/CombatReflexes	https swse miraheze org wiki combatreflexe	wiki:Combat_Reflexes	feat	anchor
https://swse.miraheze.org/wiki/CombatSequence	https swse miraheze org wiki combatsequence	wiki:Combat_Sequence	rule	anchor
https://swse.miraheze.org/wiki/CombatTrickery	https swse miraheze org wiki combattrickery	wiki:Combat_Trickery	feat	anchor
https://swse.miraheze.org/wiki/Combustion	https swse miraheze org wiki combustion	wiki:Combustion	force-power	anchor
https://swse.miraheze.org/wiki/CommandoTalentTree	https swse miraheze org wiki commandotalenttree	wiki:Commando_Talent_Tree	talent-tree	anchor
https://swse.miraheze.org/wiki/Conditions	https swse miraheze org wiki condition	wiki:Conditions	rule	anchor
https://swse.miraheze.org/wiki/Conditioning	https swse miraheze org wiki conditioning	wiki:Conditioning	feat	anchor
https://swse.miraheze.org/wiki/ConfidentSuccess	https swse miraheze org wiki confidentsuccess	wiki:Confident_Success	feat	anchor
https://swse.miraheze.org/wiki/ContentiousOpportunity	https swse miraheze org wiki contentiousopportunity	wiki:Contentious_Opportunity	force-power	anchor
https://swse.miraheze.org/wiki/ControlledRage	https swse miraheze org wiki controlledrage	wiki:Controlled_Rage	feat	anchor
https://swse.miraheze.org/wiki/ControlTalentTree	https swse miraheze org wiki controltalenttree	wiki:Control_Talent_Tree	talent-tree	anchor
https://swse.miraheze.org/wiki/Convection	https swse miraheze org wiki convection	wiki:Convection	force-power	anchor
https://swse.miraheze.org/wiki/CoordinatedAttack	https swse miraheze org wiki coordinatedattack	wiki:Coordinated_Attack	feat	anchor
https://swse.miraheze.org/wiki/CoordinatedBarrage	https swse miraheze org wiki coordinatedbarrage	wiki:Coordinated_Barrage	feat	anchor
https://swse.miraheze.org/wiki/Cornered	https swse miraheze org wiki cornered	wiki:Cornered	feat	anchor
https://swse.miraheze.org/wiki/CorporateAgent	https swse miraheze org wiki corporateagent	wiki:Corporate_Agent	prestige-class	anchor
https://swse.miraheze.org/wiki/CorporatePowerTalentTree	https swse miraheze org wiki corporatepowertalenttree	wiki:Corporate_Power_Talent_Tree	talent-tree	anchor
https://swse.miraheze.org/wiki/Corruption	https swse miraheze org wiki corruption	wiki:Corruption	force-power	anchor
https://swse.miraheze.org/wiki/CoupdeGrace	https swse miraheze org wiki coupdegrace	wiki:Coup_de_Grace	action	anchor
https://swse.miraheze.org/wiki/CovertOperatives	https swse miraheze org wiki covertoperative	wiki:Covert_Operatives	feat	anchor
https://swse.miraheze.org/wiki/CrimeLord	https swse miraheze org wiki crimelord	wiki:Crime_Lord	prestige-class	anchor
https://swse.miraheze.org/wiki/CriticalMasterTalentTree	https swse miraheze org wiki criticalmastertalenttree	wiki:Critical_Master_Talent_Tree	talent-tree	anchor
https://swse.miraheze.org/wiki/CriticalStrike	https swse miraheze org wiki criticalstrike	wiki:Critical_Strike	feat	anchor
https://swse.miraheze.org/wiki/Crossfire	https swse miraheze org wiki crossfire	wiki:Crossfire	feat	anchor
https://swse.miraheze.org/wiki/Crucitorn	https swse miraheze org wiki crucitorn	wiki:Crucitorn	force-power	anchor
https://swse.miraheze.org/wiki/Crush	https swse miraheze org wiki crush	wiki:Crush	feat	anchor
https://swse.miraheze.org/wiki/Cryokinesis	https swse miraheze org wiki cryokinesis	wiki:Cryokinesis	force-power	anchor
https://swse.miraheze.org/wiki/CunningAttack	https swse miraheze org wiki cunningattack	wiki:Cunning_Attack	feat	anchor
https://swse.miraheze.org/wiki/CuttheRedTape	https swse miraheze org wiki cuttheredtape	wiki:Cut_the_Red_Tape	feat	anchor
https://swse.miraheze.org/wiki/CyberneticProsthesis	https swse miraheze org wiki cyberneticprosthesis	wiki:Cybernetic_Prosthesis	equipment	anchor
https://swse.miraheze.org/wiki/CyberneticSurgery	https swse miraheze org wiki cyberneticsurgery	wiki:Cybernetic_Surgery	feat	anchor
https://swse.miraheze.org/wiki/CyborgHybrid	https swse miraheze org wiki cyborghybrid	wiki:Cyborg_Hybrid	rule	anchor
https://swse.miraheze.org/wiki/DamageConversion	https swse miraheze org wiki damageconversion	wiki:Damage_Conversion	feat	anchor
https://swse.miraheze.org/wiki/DarknessDweller	https swse miraheze org wiki darknessdweller	wiki:Darkness_Dweller	feat	anchor
https://swse.miraheze.org/wiki/DarkRage	https swse miraheze org wiki darkrage	wiki:Dark_Rage	force-power	anchor
https://swse.miraheze.org/wiki/DarkSideDevoteeTalentTree	https swse miraheze org wiki darksidedevoteetalenttree	wiki:Dark_Side_Devotee_Talent_Tree	talent-tree	anchor
https://swse.miraheze.org/wiki/DarkSideTalentTree	https swse miraheze org wiki darksidetalenttree	wiki:Dark_Side_Talent_Tree	talent-tree	anchor
https://swse.miraheze.org/wiki/DarkTransfer	https swse miraheze org wiki darktransfer	wiki:Dark_Transfer	force-power	anchor
https://swse.miraheze.org/wiki/DarthKrayt	https swse miraheze org wiki darthkrayt	wiki:Darth_Krayt	npc	anchor
https://swse.miraheze.org/wiki/Dashade	https swse miraheze org wiki dashade	wiki:Dashade	species	anchor
https://swse.miraheze.org/wiki/DathomiriWitchTalentTree	https swse miraheze org wiki dathomiriwitchtalenttree	wiki:Dathomiri_Witch_Talent_Tree	talent-tree	anchor
https://swse.miraheze.org/wiki/Deadeye	https swse miraheze org wiki deadeye	wiki:Deadeye	feat	anchor
https://swse.miraheze.org/wiki/DeadlySniper	https swse miraheze org wiki deadlysniper	wiki:Deadly_Sniper	feat	anchor
https://swse.miraheze.org/wiki/Deception	https swse miraheze org wiki deception	wiki:Deception	skill	anchor
https://swse.miraheze.org/wiki/DeceptiveDrop	https swse miraheze org wiki deceptivedrop	wiki:Deceptive_Drop	feat	anchor
https://swse.miraheze.org/wiki/DeepSight	https swse miraheze org wiki deepsight	wiki:Deep_Sight	feat	anchor
https://swse.miraheze.org/wiki/Defel	https swse miraheze org wiki defel	wiki:Defel	species	anchor
https://swse.miraheze.org/wiki/Defenses	https swse miraheze org wiki defense	wiki:Defenses	rule	anchor
https://swse.miraheze.org/wiki/DeflectingSlash	https swse miraheze org wiki deflectingslash	wiki:Deflecting_Slash	force-power	anchor
https://swse.miraheze.org/wiki/DeftCharge	https swse miraheze org wiki deftcharge	wiki:Deft_Charge	feat	anchor
https://swse.miraheze.org/wiki/DemoralizingStrike	https swse miraheze org wiki demoralizingstrike	wiki:Demoralizing_Strike	feat	anchor
https://swse.miraheze.org/wiki/DesperateGambit	https swse miraheze org wiki desperategambit	wiki:Desperate_Gambit	feat	anchor
https://swse.miraheze.org/wiki/Destiny	https swse miraheze org wiki destiny	wiki:Destiny	rule	anchor
https://swse.miraheze.org/wiki/DestructiveForce	https swse miraheze org wiki destructiveforce	wiki:Destructive_Force	feat	anchor
https://swse.miraheze.org/wiki/Detonate	https swse miraheze org wiki detonate	wiki:Detonate	force-power	anchor
https://swse.miraheze.org/wiki/Devaronian	https swse miraheze org wiki devaronian	wiki:Devaronian	species	anchor
https://swse.miraheze.org/wiki/DevastatingBellow	https swse miraheze org wiki devastatingbellow	wiki:Devastating_Bellow	feat	anchor
https://swse.miraheze.org/wiki/Disabler	https swse miraheze org wiki disabler	wiki:Disabler	feat	anchor
https://swse.miraheze.org/wiki/Disarm	https swse miraheze org wiki disarm	wiki:Disarm	action	anchor
https://swse.miraheze.org/wiki/DisarmingCharm	https swse miraheze org wiki disarmingcharm	wiki:Disarming_Charm	feat	anchor
https://swse.miraheze.org/wiki/DisarmingSlash	https swse miraheze org wiki disarmingslash	wiki:Disarming_Slash	force-power	anchor
https://swse.miraheze.org/wiki/Discblade	https swse miraheze org wiki discblade	wiki:Discblade	weapon	anchor
https://swse.miraheze.org/wiki/ForceDisarm	https swse miraheze org wiki forcedisarm	wiki:Force_Disarm	force-power	anchor
https://swse.miraheze.org/wiki/ForceDisciple	https swse miraheze org wiki forcedisciple	wiki:Force_Disciple	prestige-class	anchor
https://swse.miraheze.org/wiki/ForcefulBlast	https swse miraheze org wiki forcefulblast	wiki:Forceful_Blast	feat	anchor
https://swse.miraheze.org/wiki/ForcefulRecovery	https swse miraheze org wiki forcefulrecovery	wiki:Forceful_Recovery	feat	anchor
https://swse.miraheze.org/wiki/ForceGrip	https swse miraheze org wiki forcegrip	wiki:Force_Grip	force-power	anchor
https://swse.miraheze.org/wiki/ForceHunterTalentTree	https swse miraheze org wiki forcehuntertalenttree	wiki:Force_Hunter_Talent_Tree	talent-tree	anchor
https://swse.miraheze.org/wiki/ForceItemTalentTree	https swse miraheze org wiki forceitemtalenttree	wiki:Force_Item_Talent_Tree	talent-tree	anchor
https://swse.miraheze.org/wiki/ForceLight	https swse miraheze org wiki forcelight	wiki:Force_Light	force-power	anchor
https://swse.miraheze.org/wiki/ForceLightning	https swse miraheze org wiki forcelightning	wiki:Force_Lightning	force-power	anchor
https://swse.miraheze.org/wiki/ForceofPersonality	https swse miraheze org wiki forceofpersonality	wiki:Force_of_Personality	feat	anchor
https://swse.miraheze.org/wiki/ForcePowers	https swse miraheze org wiki forcepower	wiki:Force_Powers	rule	anchor
https://swse.miraheze.org/wiki/ForceReadiness	https swse miraheze org wiki forcereadiness	wiki:Force_Readiness	feat	anchor
https://swse.miraheze.org/wiki/ForceRegimenMastery	https swse miraheze org wiki forceregimenmastery	wiki:Force_Regimen_Mastery	feat	anchor
https://swse.miraheze.org/wiki/ForceScream	https swse miraheze org wiki forcescream	wiki:Force_Scream	force-power	anchor
https://swse.miraheze.org/wiki/ForceSensitivity	https swse miraheze org wiki forcesensitivity	wiki:Force_Sensitivity	feat	anchor
https://swse.miraheze.org/wiki/ForceShield	https swse miraheze org wiki forceshield	wiki:Force_Shield	force-power	anchor
https://swse.miraheze.org/wiki/ForceSlam	https swse miraheze org wiki forceslam	wiki:Force_Slam	force-power	anchor
https://swse.miraheze.org/wiki/ForceStorm	https swse miraheze org wiki forcestorm	wiki:Force_Storm	force-power	anchor
https://swse.miraheze.org/wiki/ForceStun	https swse miraheze org wiki forcestun	wiki:Force_Stun	force-power	anchor
https://swse.miraheze.org/wiki/ForceThrust	https swse miraheze org wiki forcethrust	wiki:Force_Thrust	force-power	anchor
https://swse.miraheze.org/wiki/ForceTrack	https swse miraheze org wiki forcetrack	wiki:Force_Track	force-power	anchor
https://swse.miraheze.org/wiki/ForceTraditions	https swse miraheze org wiki forcetradition	wiki:Force_Traditions	rule	anchor
https://swse.miraheze.org/wiki/ForceTraining	https swse miraheze org wiki forcetraining	wiki:Force_Training	feat	anchor
https://swse.miraheze.org/wiki/ForceWhirlwind	https swse miraheze org wiki forcewhirlwind	wiki:Force_Whirlwind	force-power	anchor
https://swse.miraheze.org/wiki/ForestStalker	https swse miraheze org wiki foreststalker	wiki:Forest_Stalker	feat	anchor
https://swse.miraheze.org/wiki/FortifyingRecovery	https swse miraheze org wiki fortifyingrecovery	wiki:Fortifying_Recovery	feat	anchor
https://swse.miraheze.org/wiki/FortuneTalentTree	https swse miraheze org wiki fortunetalenttree	wiki:Fortune_Talent_Tree	talent-tree	anchor
https://swse.miraheze.org/wiki/Fosh	https swse miraheze org wiki fosh	wiki:Fosh	species	anchor
https://swse.miraheze.org/wiki/FriendsinLowPlaces	https swse miraheze org wiki friendsinlowplace	wiki:Friends_in_Low_Places	feat	anchor
https://swse.miraheze.org/wiki/FrighteningCleave	https swse miraheze org wiki frighteningcleave	wiki:Frightening_Cleave	feat	anchor
https://swse.miraheze.org/wiki/FringeBenefits	https swse miraheze org wiki fringebenefit	wiki:Fringe_Benefits	feat	anchor
https://swse.miraheze.org/wiki/FringerTalentTree	https swse miraheze org wiki fringertalenttree	wiki:Fringer_Talent_Tree	talent-tree	anchor
https://swse.miraheze.org/wiki/FugitiveCommanderTalentTree	https swse miraheze org wiki fugitivecommandertalenttree	wiki:Fugitive_Commander_Talent_Tree	talent-tree	anchor
https://swse.miraheze.org/wiki/FullAttacks	https swse miraheze org wiki fullattack	wiki:Full_Attacks	action	anchor
https://swse.miraheze.org/wiki/GalacticGazetteer	https swse miraheze org wiki galacticgazetteer	wiki:Galactic_Gazetteer	rule	anchor
https://swse.miraheze.org/wiki/GamblingLeaderTalentTree	https swse miraheze org wiki gamblingleadertalenttree	wiki:Gambling_Leader_Talent_Tree	talent-tree	anchor
https://swse.miraheze.org/wiki/Gamemastering	https swse miraheze org wiki gamemastering	wiki:Gamemastering	rule	anchor
https://swse.miraheze.org/wiki/Gamorrean	https swse miraheze org wiki gamorrean	wiki:Gamorrean	species	anchor
https://swse.miraheze.org/wiki/Gand	https swse miraheze org wiki gand	wiki:Gand	species	anchor
https://swse.miraheze.org/wiki/GandFindsmanTalentTree	https swse miraheze org wiki gandfindsmantalenttree	wiki:Gand_Findsman_Talent_Tree	talent-tree	anchor
https://swse.miraheze.org/wiki/GatherInformation	https swse miraheze org wiki gatherinformation	wiki:Gather_Information	skill	anchor
https://swse.miraheze.org/wiki/Gearhead	https swse miraheze org wiki gearhead	wiki:Gearhead	feat	anchor
https://swse.miraheze.org/wiki/GearTemplates	https swse miraheze org wiki geartemplate	wiki:Gear_Templates	creature	anchor
https://swse.miraheze.org/wiki/Gen'Dai	https swse miraheze org wiki gen'dai	wiki:Gen'Dai	species	anchor
https://swse.miraheze.org/wiki/GeneralEquipment	https swse miraheze org wiki generalequipment	wiki:General_Equipment	rule	anchor
https://swse.miraheze.org/wiki/GenoHaradanTalentTree	https swse miraheze org wiki genoharadantalenttree	wiki:GenoHaradan_Talent_Tree	talent-tree	anchor
https://swse.miraheze.org/wiki/Geonosian	https swse miraheze org wiki geonosian	wiki:Geonosian	species	anchor
https://swse.miraheze.org/wiki/Givin	https swse miraheze org wiki givin	wiki:Givin	species	anchor
https://swse.miraheze.org/wiki/Gladiator	https swse miraheze org wiki gladiator	wiki:Gladiator	prestige-class	anchor
https://swse.miraheze.org/wiki/GladiatorialCombatTalentTree	https swse miraheze org wiki gladiatorialcombattalenttree	wiki:Gladiatorial_Combat_Talent_Tree	talent-tree	anchor
https://swse.miraheze.org/wiki/Gotal	https swse miraheze org wiki gotal	wiki:Gotal	species	anchor
https://swse.miraheze.org/wiki/Grab	https swse miraheze org wiki grab	wiki:Grab	action	anchor
https://swse.miraheze.org/wiki/GrabBack	https swse miraheze org wiki grabback	wiki:Grab_Back	feat	anchor
https://swse.miraheze.org/wiki/Gran	https swse miraheze org wiki gran	wiki:Gran	species	anchor
https://swse.miraheze.org/wiki/Grapple	https swse miraheze org wiki grapple	wiki:Grapple	action	anchor
https://swse.miraheze.org/wiki/GrappleResistance	https swse miraheze org wiki grappleresistance	wiki:Grapple_Resistance	feat	anchor
https://swse.miraheze.org/wiki/GrazingShot	https swse miraheze org wiki grazingshot	wiki:Grazing_Shot	feat	anchor
https://swse.miraheze.org/wiki/GreatCleave	https swse miraheze org wiki greatcleave	wiki:Great_Cleave	feat	anchor
https://swse.miraheze.org/wiki/Grenades	https swse miraheze org wiki grenade	wiki:Grenades	weapon-group	anchor
https://swse.miraheze.org/wiki/GuardianSpiritTalentTree	https swse miraheze org wiki guardianspirittalenttree	wiki:Guardian_Spirit_Talent_Tree	talent-tree	anchor
https://swse.miraheze.org/wiki/Gungan	https swse miraheze org wiki gungan	wiki:Gungan	species	anchor
https://swse.miraheze.org/wiki/GunganWeaponMaster	https swse miraheze org wiki gunganweaponmaster	wiki:Gungan_Weapon_Master	feat	anchor
https://swse.miraheze.org/wiki/Gunner	https swse miraheze org wiki gunner	wiki:Gunner	crew-position	anchor
https://swse.miraheze.org/wiki/GunnerTalentTree	https swse miraheze org wiki gunnertalenttree	wiki:Gunner_Talent_Tree	talent-tree	anchor
https://swse.miraheze.org/wiki/GunnerySpecialist	https swse miraheze org wiki gunneryspecialist	wiki:Gunnery_Specialist	feat	anchor
https://swse.miraheze.org/wiki/Gunslinger	https swse miraheze org wiki gunslinger	wiki:Gunslinger	prestige-class	anchor
https://swse.miraheze.org/wiki/GunslingerTalentTree	https swse miraheze org wiki gunslingertalenttree	wiki:Gunslinger_Talent_Tree	talent-tree	anchor
https://swse.miraheze.org/wiki/Halt	https swse miraheze org wiki halt	wiki:Halt	feat	anchor
https://swse.miraheze.org/wiki/Hand	https swse miraheze org wiki hand	wiki:Hand	droid-system	anchor
https://swse.miraheze.org/wiki/HastyModification	https swse miraheze org wiki hastymodification	wiki:Hasty_Modification	feat	anchor
https://swse.miraheze.org/wiki/Hatred	https swse miraheze org wiki hatred	wiki:Hatred	force-power	anchor
https://swse.miraheze.org/wiki/Hawk-BatSwoop	https swse miraheze org wiki hawk batswoop	wiki:Hawk-Bat_Swoop	force-power	anchor
https://swse.miraheze.org/wiki/HeavyArmor	https swse miraheze org wiki heavyarmor	wiki:Heavy_Armor	rule	anchor
https://swse.miraheze.org/wiki/HeavyHitter	https swse miraheze org wiki heavyhitter	wiki:Heavy_Hitter	feat	anchor
https://swse.miraheze.org/wiki/HeavyWeapons	https swse miraheze org wiki heavyweapon	wiki:Heavy_Weapons	weapon-group	anchor
https://swse.miraheze.org/wiki/Herglic	https swse miraheze org wiki herglic	wiki:Herglic	species	anchor
https://swse.miraheze.org/wiki/HeroicClasses	https swse miraheze org wiki heroicclasse	wiki:Heroic_Classes	rule	anchor
https://swse.miraheze.org/wiki/HeroicTraits	https swse miraheze org wiki heroictrait	wiki:Heroic_Traits	rule	anchor
https://swse.miraheze.org/wiki/HideousVisage	https swse miraheze org wiki hideousvisage	wiki:Hideous_Visage	feat	anchor
https://swse.miraheze.org/wiki/HighGroundDefense	https swse miraheze org wiki highgrounddefense	wiki:High_Ground_Defense	force-power	anchor
https://swse.miraheze.org/wiki/HijkataTraining	https swse miraheze org wiki hijkatatraining	wiki:Hijkata_Training	feat	anchor
https://swse.miraheze.org/wiki/HitPoints	https swse miraheze org wiki hitpoint	wiki:Hit_Points	rule	anchor
https://swse.miraheze.org/wiki/HobblingStrike	https swse miraheze org wiki hobblingstrike	wiki:Hobbling_Strike	feat	anchor
https://swse.miraheze.org/wiki/HoldTogether	https swse miraheze org wiki holdtogether	wiki:Hold_Together	feat	anchor
https://swse.miraheze.org/wiki/Houk	https swse miraheze org wiki houk	wiki:Houk	species	anchor
https://swse.miraheze.org/wiki/Hovering	https swse miraheze org wiki hovering	wiki:Hovering	droid-system	anchor
https://swse.miraheze.org/wiki/Human	https swse miraheze org wiki human	wiki:Human	species	anchor
https://swse.miraheze.org/wiki/Hunter'sInstincts	https swse miraheze org wiki hunter'sinstinct	wiki:Hunter's_Instincts	feat	anchor
https://swse.miraheze.org/wiki/Hutt	https swse miraheze org wiki hutt	wiki:Hutt	species	anchor
https://swse.miraheze.org/wiki/Hyperblazer	https swse miraheze org wiki hyperblazer	wiki:Hyperblazer	feat	anchor
https://swse.miraheze.org/wiki/HyperspaceExplorerTalentTree	https swse miraheze org wiki hyperspaceexplorertalenttree	wiki:Hyperspace_Explorer_Talent_Tree	talent-tree	anchor
https://swse.miraheze.org/wiki/IdeologueTalentTree	https swse miraheze org wiki ideologuetalenttree	wiki:Ideologue_Talent_Tree	talent-tree	anchor
https://swse.miraheze.org/wiki/Iktotchi	https swse miraheze org wiki iktotchi	wiki:Iktotchi	species	anchor
https://swse.miraheze.org/wiki/ImperceptibleLiar	https swse miraheze org wiki imperceptibleliar	wiki:Imperceptible_Liar	feat	anchor
https://swse.miraheze.org/wiki/ImperialInquisitorTalentTree	https swse miraheze org wiki imperialinquisitortalenttree	wiki:Imperial_Inquisitor_Talent_Tree	talent-tree	anchor
https://swse.miraheze.org/wiki/ImperialKnight	https swse miraheze org wiki imperialknight	wiki:Imperial_Knight	prestige-class	anchor
https://swse.miraheze.org/wiki/ImperialMilitaryTraining	https swse miraheze org wiki imperialmilitarytraining	wiki:Imperial_Military_Training	feat	anchor
https://swse.miraheze.org/wiki/Impersonate	https swse miraheze org wiki impersonate	wiki:Impersonate	feat	anchor
https://swse.miraheze.org/wiki/ImpetuousMove	https swse miraheze org wiki impetuousmove	wiki:Impetuous_Move	feat	anchor
https://swse.miraheze.org/wiki/ImplantTalentTree	https swse miraheze org wiki implanttalenttree	wiki:Implant_Talent_Tree	talent-tree	anchor
https://swse.miraheze.org/wiki/ImplantTraining	https swse miraheze org wiki implanttraining	wiki:Implant_Training	feat	anchor
https://swse.miraheze.org/wiki/ImprovedBanthaRush	https swse miraheze org wiki improvedbantharush	wiki:Improved_Bantha_Rush	feat	anchor
https://swse.miraheze.org/wiki/ImprovedCharge	https swse miraheze org wiki improvedcharge	wiki:Improved_Charge	feat	anchor
https://swse.miraheze.org/wiki/ImprovedDamageThreshold	https swse miraheze org wiki improveddamagethreshold	wiki:Improved_Damage_Threshold	feat	anchor
https://swse.miraheze.org/wiki/ImprovedDefenses	https swse miraheze org wiki improveddefense	wiki:Improved_Defenses	feat	anchor
https://swse.miraheze.org/wiki/ImprovedDisarm	https swse miraheze org wiki improveddisarm	wiki:Improved_Disarm	feat	anchor
https://swse.miraheze.org/wiki/ImprovedRapidStrike	https swse miraheze org wiki improvedrapidstrike	wiki:Improved_Rapid_Strike	feat	anchor
https://swse.miraheze.org/wiki/ImprovedSleightofHand	https swse miraheze org wiki improvedsleightofhand	wiki:Improved_Sleight_of_Hand	feat	anchor
https://swse.miraheze.org/wiki/ImprovisedWeaponMastery	https swse miraheze org wiki improvisedweaponmastery	wiki:Improvised_Weapon_Mastery	feat	anchor
https://swse.miraheze.org/wiki/Improviser	https swse miraheze org wiki improviser	wiki:Improviser	prestige-class	anchor
https://swse.miraheze.org/wiki/ImproviserTalentTree	https swse miraheze org wiki improvisertalenttree	wiki:Improviser_Talent_Tree	talent-tree	anchor
https://swse.miraheze.org/wiki/ImpulsiveFlight	https swse miraheze org wiki impulsiveflight	wiki:Impulsive_Flight	feat	anchor
https://swse.miraheze.org/wiki/InbornResilience	https swse miraheze org wiki inbornresilience	wiki:Inborn_Resilience	feat	anchor
https://swse.miraheze.org/wiki/IncreasedAgility	https swse miraheze org wiki increasedagility	wiki:Increased_Agility	feat	anchor
https://swse.miraheze.org/wiki/IncreasedResistance	https swse miraheze org wiki increasedresistance	wiki:Increased_Resistance	feat	anchor
https://swse.miraheze.org/wiki/IndependentDroid	https swse miraheze org wiki independentdroid	wiki:Independent_Droid	prestige-class	anchor
https://swse.miraheze.org/wiki/IndomitablePersonality	https swse miraheze org wiki indomitablepersonality	wiki:Indomitable_Personality	feat	anchor
https://swse.miraheze.org/wiki/Inertia	https swse miraheze org wiki inertia	wiki:Inertia	force-power	anchor
https://swse.miraheze.org/wiki/InfamyTalentTree	https swse miraheze org wiki infamytalenttree	wiki:Infamy_Talent_Tree	talent-tree	anchor
https://swse.miraheze.org/wiki/InfiltrationTalentTree	https swse miraheze org wiki infiltrationtalenttree	wiki:Infiltration_Talent_Tree	talent-tree	anchor
https://swse.miraheze.org/wiki/Infiltrator	https swse miraheze org wiki infiltrator	wiki:Infiltrator	prestige-class	anchor
https://swse.miraheze.org/wiki/InfluenceTalentTree	https swse miraheze org wiki influencetalenttree	wiki:Influence_Talent_Tree	talent-tree	anchor
https://swse.miraheze.org/wiki/Informer	https swse miraheze org wiki informer	wiki:Informer	feat	anchor
https://swse.miraheze.org/wiki/Initiative	https swse miraheze org wiki initiative	wiki:Initiative	skill	anchor
https://swse.miraheze.org/wiki/InspirationTalentTree	https swse miraheze org wiki inspirationtalenttree	wiki:Inspiration_Talent_Tree	talent-tree	anchor
https://swse.miraheze.org/wiki/Inspire	https swse miraheze org wiki inspire	wiki:Inspire	force-power	anchor
https://swse.miraheze.org/wiki/InstinctiveAttack	https swse miraheze org wiki instinctiveattack	wiki:Instinctive_Attack	feat	anchor
https://swse.miraheze.org/wiki/InstinctiveDefense	https swse miraheze org wiki instinctivedefense	wiki:Instinctive_Defense	feat	anchor
https://swse.miraheze.org/wiki/InstinctivePerception	https swse miraheze org wiki instinctiveperception	wiki:Instinctive_Perception	feat	anchor
https://swse.miraheze.org/wiki/Intercept	https swse miraheze org wiki intercept	wiki:Intercept	force-power	anchor
https://swse.miraheze.org/wiki/Intimidator	https swse miraheze org wiki intimidator	wiki:Intimidator	feat	anchor
https://swse.miraheze.org/wiki/Introduction	https swse miraheze org wiki introduction	wiki:Introduction	rule	anchor
https://swse.miraheze.org/wiki/IonDamage	https swse miraheze org wiki iondamage	wiki:Ion_Damage	rule	anchor
https://swse.miraheze.org/wiki/Ionize	https swse miraheze org wiki ionize	wiki:Ionize	force-power	anchor
https://swse.miraheze.org/wiki/IonShielding	https swse miraheze org wiki ionshielding	wiki:Ion_Shielding	feat	anchor
https://swse.miraheze.org/wiki/IronKnightTalentTree	https swse miraheze org wiki ironknighttalenttree	wiki:Iron_Knight_Talent_Tree	talent-tree	anchor
https://swse.miraheze.org/wiki/IshiTib	https swse miraheze org wiki ishitib	wiki:Ishi_Tib	species	anchor
https://swse.miraheze.org/wiki/Ithorian	https swse miraheze org wiki ithorian	wiki:Ithorian	species	anchor
https://swse.miraheze.org/wiki/JalSheyTalentTree	https swse miraheze org wiki jalsheytalenttree	wiki:Jal_Shey_Talent_Tree	talent-tree	anchor
https://swse.miraheze.org/wiki/Jawa	https swse miraheze org wiki jawa	wiki:Jawa	species	anchor
https://swse.miraheze.org/wiki/Jedi	https swse miraheze org wiki jedi	wiki:Jedi	heroic-class	anchor
https://swse.miraheze.org/wiki/JediArchivistTalentTree	https swse miraheze org wiki jediarchivisttalenttree	wiki:Jedi_Archivist_Talent_Tree	talent-tree	anchor
https://swse.miraheze.org/wiki/JediArtisanTalentTree	https swse miraheze org wiki jediartisantalenttree	wiki:Jedi_Artisan_Talent_Tree	talent-tree	anchor
https://swse.miraheze.org/wiki/JediBattlemasterTalentTree	https swse miraheze org wiki jedibattlemastertalenttree	wiki:Jedi_Battlemaster_Talent_Tree	talent-tree	anchor
https://swse.miraheze.org/wiki/JediBonusFeats	https swse miraheze org wiki jedibonusfeat	wiki:Jedi_Bonus_Feats	feat	anchor
https://swse.miraheze.org/wiki/JediConsularTalentTree	https swse miraheze org wiki jediconsulartalenttree	wiki:Jedi_Consular_Talent_Tree	talent-tree	anchor
https://swse.miraheze.org/wiki/JediFamiliarity	https swse miraheze org wiki jedifamiliarity	wiki:Jedi_Familiarity	feat	anchor
https://swse.miraheze.org/wiki/JediGuardianTalentTree	https swse miraheze org wiki jediguardiantalenttree	wiki:Jedi_Guardian_Talent_Tree	talent-tree	anchor
https://swse.miraheze.org/wiki/JediHealerTalentTree	https swse miraheze org wiki jedihealertalenttree	wiki:Jedi_Healer_Talent_Tree	talent-tree	anchor
https://swse.miraheze.org/wiki/JediHeritage	https swse miraheze org wiki jediheritage	wiki:Jedi_Heritage	feat	anchor
https://swse.miraheze.org/wiki/JediInstructorTalentTree	https swse miraheze org wiki jediinstructortalenttree	wiki:Jedi_Instructor_Talent_Tree	talent-tree	anchor
https://swse.miraheze.org/wiki/JediInvestigatorTalentTree	https swse miraheze org wiki jediinvestigatortalenttree	wiki:Jedi_Investigator_Talent_Tree	talent-tree	anchor
https://swse.miraheze.org/wiki/JediKnight	https swse miraheze org wiki jediknight	wiki:Jedi_Knight	prestige-class	anchor
https://swse.miraheze.org/wiki/JediMaster	https swse miraheze org wiki jedimaster	wiki:Jedi_Master	prestige-class	anchor
https://swse.miraheze.org/wiki/JediRefugeeTalentTree	https swse miraheze org wiki jedirefugeetalenttree	wiki:Jedi_Refugee_Talent_Tree	talent-tree	anchor
https://swse.miraheze.org/wiki/JediSentinelTalentTree	https swse miraheze org wiki jedisentineltalenttree	wiki:Jedi_Sentinel_Talent_Tree	talent-tree	anchor
https://swse.miraheze.org/wiki/JediShadowTalentTree	https swse miraheze org wiki jedishadowtalenttree	wiki:Jedi_Shadow_Talent_Tree	talent-tree	anchor
https://swse.miraheze.org/wiki/JediWatchmanTalentTree	https swse miraheze org wiki jediwatchmantalenttree	wiki:Jedi_Watchman_Talent_Tree	talent-tree	anchor
https://swse.miraheze.org/wiki/JediWeaponMasterTalentTree	https swse miraheze org wiki jediweaponmastertalenttree	wiki:Jedi_Weapon_Master_Talent_Tree	talent-tree	anchor
https://swse.miraheze.org/wiki/JensaaraiDefenderTalentTree	https swse miraheze org wiki jensaaraidefendertalenttree	wiki:Jensaarai_Defender_Talent_Tree	talent-tree	anchor
https://swse.miraheze.org/wiki/JetPack	https swse miraheze org wiki jetpack	wiki:Jet_Pack	equipment	anchor
https://swse.miraheze.org/wiki/Jump	https swse miraheze org wiki jump	wiki:Jump	skill	anchor
https://swse.miraheze.org/wiki/JusticeSeeker	https swse miraheze org wiki justiceseeker	wiki:Justice_Seeker	feat	anchor
https://swse.miraheze.org/wiki/K'taraTraining	https swse miraheze org wiki k'taratraining	wiki:K'tara_Training	feat	anchor
https://swse.miraheze.org/wiki/K'thriTraining	https swse miraheze org wiki k'thritraining	wiki:K'thri_Training	feat	anchor
https://swse.miraheze.org/wiki/Kaleesh	https swse miraheze org wiki kaleesh	wiki:Kaleesh	species	anchor
https://swse.miraheze.org/wiki/Kaminoan	https swse miraheze org wiki kaminoan	wiki:Kaminoan	species	anchor
https://swse.miraheze.org/wiki/KeenScent	https swse miraheze org wiki keenscent	wiki:Keen_Scent	feat	anchor
https://swse.miraheze.org/wiki/KeetaelTalentTree	https swse miraheze org wiki keetaeltalenttree	wiki:Keetael_Talent_Tree	talent-tree	anchor
https://swse.miraheze.org/wiki/KelDor	https swse miraheze org wiki keldor	wiki:Kel_Dor	species	anchor
https://swse.miraheze.org/wiki/Kerkoiden	https swse miraheze org wiki kerkoiden	wiki:Kerkoiden	species	anchor
https://swse.miraheze.org/wiki/Khil	https swse miraheze org wiki khil	wiki:Khil	species	anchor
https://swse.miraheze.org/wiki/KilianRangerTalentTree	https swse miraheze org wiki kilianrangertalenttree	wiki:Kilian_Ranger_Talent_Tree	talent-tree	anchor
https://swse.miraheze.org/wiki/Killik	https swse miraheze org wiki killik	wiki:Killik	species	anchor
https://swse.miraheze.org/wiki/KineticCombat	https swse miraheze org wiki kineticcombat	wiki:Kinetic_Combat	force-power	anchor
https://swse.miraheze.org/wiki/Kissai	https swse miraheze org wiki kissai	wiki:Kissai	species	anchor
https://swse.miraheze.org/wiki/Klatooinian	https swse miraheze org wiki klatooinian	wiki:Klatooinian	species	anchor
https://swse.miraheze.org/wiki/KnifeTrick	https swse miraheze org wiki knifetrick	wiki:Knife_Trick	feat	anchor
https://swse.miraheze.org/wiki/Knight'sArmorTalentTree	https swse miraheze org wiki knight'sarmortalenttree	wiki:Knight's_Armor_Talent_Tree	talent-tree	anchor
https://swse.miraheze.org/wiki/Knight'sResolveTalentTree	https swse miraheze org wiki knight'sresolvetalenttree	wiki:Knight's_Resolve_Talent_Tree	talent-tree	anchor
https://swse.miraheze.org/wiki/KnockHeads	https swse miraheze org wiki knockhead	wiki:Knock_Heads	feat	anchor
https://swse.miraheze.org/wiki/Knowledge	https swse miraheze org wiki knowledge	wiki:Knowledge	skill	anchor
https://swse.miraheze.org/wiki/KorunnaiAdeptTalentTree	https swse miraheze org wiki korunnaiadepttalenttree	wiki:Korunnai_Adept_Talent_Tree	talent-tree	anchor
https://swse.miraheze.org/wiki/KrathTalentTree	https swse miraheze org wiki krathtalenttree	wiki:Krath_Talent_Tree	talent-tree	anchor
https://swse.miraheze.org/wiki/Krevaaki	https swse miraheze org wiki krevaaki	wiki:Krevaaki	species	anchor
https://swse.miraheze.org/wiki/Languages	https swse miraheze org wiki language	wiki:Languages	rule	anchor
https://swse.miraheze.org/wiki/LastingInfluence	https swse miraheze org wiki lastinginfluence	wiki:Lasting_Influence	feat	anchor
https://swse.miraheze.org/wiki/LeaderofDroids	https swse miraheze org wiki leaderofdroid	wiki:Leader_of_Droids	feat	anchor
https://swse.miraheze.org/wiki/LeadershipTalentTree	https swse miraheze org wiki leadershiptalenttree	wiki:Leadership_Talent_Tree	talent-tree	anchor
https://swse.miraheze.org/wiki/LevelBenefits	https swse miraheze org wiki levelbenefit	wiki:Level_Benefits	rule	anchor
https://swse.miraheze.org/wiki/Levitate	https swse miraheze org wiki levitate	wiki:Levitate	force-power	anchor
https://swse.miraheze.org/wiki/LightArmor	https swse miraheze org wiki lightarmor	wiki:Light_Armor	rule	anchor
https://swse.miraheze.org/wiki/LightningBurst	https swse miraheze org wiki lightningburst	wiki:Lightning_Burst	force-power	anchor
https://swse.miraheze.org/wiki/LightningDraw	https swse miraheze org wiki lightningdraw	wiki:Lightning_Draw	feat	anchor
https://swse.miraheze.org/wiki/Lightsaber	https swse miraheze org wiki lightsaber	wiki:Lightsaber	weapon	anchor
https://swse.miraheze.org/wiki/Lightsabers	https swse miraheze org wiki lightsaber	wiki:Lightsabers	weapon-group	anchor
https://swse.miraheze.org/wiki/LightsaberCombatTalentTree	https swse miraheze org wiki lightsabercombattalenttree	wiki:Lightsaber_Combat_Talent_Tree	talent-tree	anchor
https://swse.miraheze.org/wiki/LightsaberFormsTalentTree	https swse miraheze org wiki lightsaberformstalenttree	wiki:Lightsaber_Forms_Talent_Tree	talent-tree	anchor
https://swse.miraheze.org/wiki/LightSideTalentTree	https swse miraheze org wiki lightsidetalenttree	wiki:Light_Side_Talent_Tree	talent-tree	anchor
https://swse.miraheze.org/wiki/LineageTalentTree	https swse miraheze org wiki lineagetalenttree	wiki:Lineage_Talent_Tree	talent-tree	anchor
https://swse.miraheze.org/wiki/LineofSight	https swse miraheze org wiki lineofsight	wiki:Line_of_Sight	rule	anchor
https://swse.miraheze.org/wiki/Linguist	https swse miraheze org wiki linguist	wiki:Linguist	feat	anchor
https://swse.miraheze.org/wiki/LogicUpgrade:Self-Defense	https swse miraheze org wiki logicupgrade self defense	wiki:Logic_Upgrade:_Self-Defense	feat	anchor
https://swse.miraheze.org/wiki/LogicUpgrade:SkillSwap	https swse miraheze org wiki logicupgrade skillswap	wiki:Logic_Upgrade:_Skill_Swap	feat	anchor
https://swse.miraheze.org/wiki/LogicUpgrade:Tactician	https swse miraheze org wiki logicupgrade tactician	wiki:Logic_Upgrade:_Tactician	feat	anchor
https://swse.miraheze.org/wiki/LongHaftStrike	https swse miraheze org wiki longhaftstrike	wiki:Long_Haft_Strike	feat	anchor
https://swse.miraheze.org/wiki/LoyalProtectorTalentTree	https swse miraheze org wiki loyalprotectortalenttree	wiki:Loyal_Protector_Talent_Tree	talent-tree	anchor
https://swse.miraheze.org/wiki/Lugubraa	https swse miraheze org wiki lugubraa	wiki:Lugubraa	species	anchor
https://swse.miraheze.org/wiki/LukaSeneTalentTree	https swse miraheze org wiki lukasenetalenttree	wiki:Luka_Sene_Talent_Tree	talent-tree	anchor
https://swse.miraheze.org/wiki/Lurmen	https swse miraheze org wiki lurmen	wiki:Lurmen	species	anchor
https://swse.miraheze.org/wiki/MakashiRiposte	https swse miraheze org wiki makashiriposte	wiki:Makashi_Riposte	force-power	anchor
https://swse.miraheze.org/wiki/Malacia	https swse miraheze org wiki malacia	wiki:Malacia	force-power	anchor
https://swse.miraheze.org/wiki/MalkitePoisonerTalentTree	https swse miraheze org wiki malkitepoisonertalenttree	wiki:Malkite_Poisoner_Talent_Tree	talent-tree	anchor
https://swse.miraheze.org/wiki/MandalorianTraining	https swse miraheze org wiki mandaloriantraining	wiki:Mandalorian_Training	feat	anchor
https://swse.miraheze.org/wiki/MandalorianWarriorTalentTree	https swse miraheze org wiki mandalorianwarriortalenttree	wiki:Mandalorian_Warrior_Talent_Tree	talent-tree	anchor
https://swse.miraheze.org/wiki/ManiacalCharge	https swse miraheze org wiki maniacalcharge	wiki:Maniacal_Charge	feat	anchor
https://swse.miraheze.org/wiki/MantellianSavrip	https swse miraheze org wiki mantelliansavrip	wiki:Mantellian_Savrip	species	anchor
https://swse.miraheze.org/wiki/MartialArtsFormsTalentTree	https swse miraheze org wiki martialartsformstalenttree	wiki:Martial_Arts_Forms_Talent_Tree	talent-tree	anchor
https://swse.miraheze.org/wiki/MartialArtsI	https swse miraheze org wiki martialartsi	wiki:Martial_Arts_I	feat	anchor
https://swse.miraheze.org/wiki/MartialArtsII	https swse miraheze org wiki martialartsii	wiki:Martial_Arts_II	feat	anchor
https://swse.miraheze.org/wiki/MartialArtsIII	https swse miraheze org wiki martialartsiii	wiki:Martial_Arts_III	feat	anchor
https://swse.miraheze.org/wiki/MartialArtsMaster	https swse miraheze org wiki martialartsmaster	wiki:Martial_Arts_Master	prestige-class	anchor
https://swse.miraheze.org/wiki/Massassi	https swse miraheze org wiki massassi	wiki:Massassi	species	anchor
https://swse.miraheze.org/wiki/MastermindTalentTree	https swse miraheze org wiki mastermindtalenttree	wiki:Mastermind_Talent_Tree	talent-tree	anchor
https://swse.miraheze.org/wiki/MasterofDisguise	https swse miraheze org wiki masterofdisguise	wiki:Master_of_Disguise	feat	anchor
https://swse.miraheze.org/wiki/MasterofIntrigueTalentTree	https swse miraheze org wiki masterofintriguetalenttree	wiki:Master_of_Intrigue_Talent_Tree	talent-tree	anchor
https://swse.miraheze.org/wiki/MasterPrivateer	https swse miraheze org wiki masterprivateer	wiki:Master_Privateer	prestige-class	anchor
https://swse.miraheze.org/wiki/MasterScoutTalentTree	https swse miraheze org wiki masterscouttalenttree	wiki:Master_Scout_Talent_Tree	talent-tree	anchor
https://swse.miraheze.org/wiki/MasterTracker	https swse miraheze org wiki mastertracker	wiki:Master_Tracker	feat	anchor
https://swse.miraheze.org/wiki/MatukaiAdeptTalentTree	https swse miraheze org wiki matukaiadepttalenttree	wiki:Matukai_Adept_Talent_Tree	talent-tree	anchor
https://swse.miraheze.org/wiki/MeatShield	https swse miraheze org wiki meatshield	wiki:Meat_Shield	feat	anchor
https://swse.miraheze.org/wiki/Mechanics	https swse miraheze org wiki mechanic	wiki:Mechanics	skill	anchor
https://swse.miraheze.org/wiki/MechanicalMartialArts	https swse miraheze org wiki mechanicalmartialart	wiki:Mechanical_Martial_Arts	feat	anchor
https://swse.miraheze.org/wiki/Medic	https swse miraheze org wiki medic	wiki:Medic	prestige-class	anchor
https://swse.miraheze.org/wiki/MedicalTeam	https swse miraheze org wiki medicalteam	wiki:Medical_Team	feat	anchor
https://swse.miraheze.org/wiki/MediumArmor	https swse miraheze org wiki mediumarmor	wiki:Medium_Armor	rule	anchor
https://swse.miraheze.org/wiki/Medpac	https swse miraheze org wiki medpac	wiki:Medpac	equipment	anchor
https://swse.miraheze.org/wiki/MeleeAttacks	https swse miraheze org wiki meleeattack	wiki:Melee_Attacks	action	anchor
https://swse.miraheze.org/wiki/MeleeDefense	https swse miraheze org wiki meleedefense	wiki:Melee_Defense	feat	anchor
https://swse.miraheze.org/wiki/MeleeDuelist	https swse miraheze org wiki meleeduelist	wiki:Melee_Duelist	prestige-class	anchor
https://swse.miraheze.org/wiki/MeleeDuelistTalentTree	https swse miraheze org wiki meleeduelisttalenttree	wiki:Melee_Duelist_Talent_Tree	talent-tree	anchor
https://swse.miraheze.org/wiki/MeleeSpecialistTalentTree	https swse miraheze org wiki meleespecialisttalenttree	wiki:Melee_Specialist_Talent_Tree	talent-tree	anchor
https://swse.miraheze.org/wiki/MemoryWalk	https swse miraheze org wiki memorywalk	wiki:Memory_Walk	force-power	anchor
https://swse.miraheze.org/wiki/MercenaryTalentTree	https swse miraheze org wiki mercenarytalenttree	wiki:Mercenary_Talent_Tree	talent-tree	anchor
https://swse.miraheze.org/wiki/Metamorph	https swse miraheze org wiki metamorph	wiki:Metamorph	feat	anchor
https://swse.miraheze.org/wiki/MightySwing	https swse miraheze org wiki mightyswing	wiki:Mighty_Swing	feat	anchor
https://swse.miraheze.org/wiki/MightyThrow	https swse miraheze org wiki mightythrow	wiki:Mighty_Throw	feat	anchor
https://swse.miraheze.org/wiki/MilitaryEngineer	https swse miraheze org wiki militaryengineer	wiki:Military_Engineer	prestige-class	anchor
https://swse.miraheze.org/wiki/MilitaryEngineerTalentTree	https swse miraheze org wiki militaryengineertalenttree	wiki:Military_Engineer_Talent_Tree	talent-tree	anchor
https://swse.miraheze.org/wiki/MilitaryTacticsTalentTree	https swse miraheze org wiki militarytacticstalenttree	wiki:Military_Tactics_Talent_Tree	talent-tree	anchor
https://swse.miraheze.org/wiki/MindofReason	https swse miraheze org wiki mindofreason	wiki:Mind_of_Reason	feat	anchor
https://swse.miraheze.org/wiki/MindShard	https swse miraheze org wiki mindshard	wiki:Mind_Shard	force-power	anchor
https://swse.miraheze.org/wiki/MindTrick	https swse miraheze org wiki mindtrick	wiki:Mind_Trick	force-power	anchor
https://swse.miraheze.org/wiki/Miraluka	https swse miraheze org wiki miraluka	wiki:Miraluka	species	anchor
https://swse.miraheze.org/wiki/MisfortuneTalentTree	https swse miraheze org wiki misfortunetalenttree	wiki:Misfortune_Talent_Tree	talent-tree	anchor
https://swse.miraheze.org/wiki/MissionSpecialist	https swse miraheze org wiki missionspecialist	wiki:Mission_Specialist	feat	anchor
https://swse.miraheze.org/wiki/MobileScoutTalentTree	https swse miraheze org wiki mobilescouttalenttree	wiki:Mobile_Scout_Talent_Tree	talent-tree	anchor
https://swse.miraheze.org/wiki/Mobility	https swse miraheze org wiki mobility	wiki:Mobility	feat	anchor
https://swse.miraheze.org/wiki/MomentumStrike	https swse miraheze org wiki momentumstrike	wiki:Momentum_Strike	feat	anchor
https://swse.miraheze.org/wiki/MonCalamari	https swse miraheze org wiki moncalamari	wiki:Mon_Calamari	species	anchor
https://swse.miraheze.org/wiki/MonCalamariShipwright	https swse miraheze org wiki moncalamarishipwright	wiki:Mon_Calamari_Shipwright	feat	anchor
https://swse.miraheze.org/wiki/Morichro	https swse miraheze org wiki morichro	wiki:Morichro	force-power	anchor
https://swse.miraheze.org/wiki/MountedCombat	https swse miraheze org wiki mountedcombat	wiki:Mounted_Combat	feat	anchor
https://swse.miraheze.org/wiki/MountedDefense	https swse miraheze org wiki mounteddefense	wiki:Mounted_Defense	feat	anchor
https://swse.miraheze.org/wiki/MountedRegiment	https swse miraheze org wiki mountedregiment	wiki:Mounted_Regiment	feat	anchor
https://swse.miraheze.org/wiki/MoveObject	https swse miraheze org wiki moveobject	wiki:Move_Object	force-power	anchor
https://swse.miraheze.org/wiki/MovingTarget	https swse miraheze org wiki movingtarget	wiki:Moving_Target	feat	anchor
https://swse.miraheze.org/wiki/Mrlssi	https swse miraheze org wiki mrlssi	wiki:Mrlssi	species	anchor
https://swse.miraheze.org/wiki/Multi-Grab	https swse miraheze org wiki multi grab	wiki:Multi-Grab	feat	anchor
https://swse.miraheze.org/wiki/Multi-Targeting	https swse miraheze org wiki multi targeting	wiki:Multi-Targeting	feat	anchor
https://swse.miraheze.org/wiki/MysticTalentTree	https swse miraheze org wiki mystictalenttree	wiki:Mystic_Talent_Tree	talent-tree	anchor
https://swse.miraheze.org/wiki/Nagai	https swse miraheze org wiki nagai	wiki:Nagai	species	anchor
https://swse.miraheze.org/wiki/NaturalLeader	https swse miraheze org wiki naturalleader	wiki:Natural_Leader	feat	anchor
https://swse.miraheze.org/wiki/NatureSpecialist	https swse miraheze org wiki naturespecialist	wiki:Nature_Specialist	feat	anchor
https://swse.miraheze.org/wiki/Nautolan	https swse miraheze org wiki nautolan	wiki:Nautolan	species	anchor
https://swse.miraheze.org/wiki/NavalOfficerTalentTree	https swse miraheze org wiki navalofficertalenttree	wiki:Naval_Officer_Talent_Tree	talent-tree	anchor
https://swse.miraheze.org/wiki/Nazren	https swse miraheze org wiki nazren	wiki:Nazren	species	anchor
https://swse.miraheze.org/wiki/Near-Human	https swse miraheze org wiki near human	wiki:Near-Human	species	anchor
https://swse.miraheze.org/wiki/NegateEnergy	https swse miraheze org wiki negateenergy	wiki:Negate_Energy	force-power	anchor
https://swse.miraheze.org/wiki/Neimoidian	https swse miraheze org wiki neimoidian	wiki:Neimoidian	species	anchor
https://swse.miraheze.org/wiki/Nelvaanian	https swse miraheze org wiki nelvaanian	wiki:Nelvaanian	species	anchor
https://swse.miraheze.org/wiki/NeverSurrender	https swse miraheze org wiki neversurrender	wiki:Never_Surrender	feat	anchor
https://swse.miraheze.org/wiki/Nikto	https swse miraheze org wiki nikto	wiki:Nikto	species	anchor
https://swse.miraheze.org/wiki/NiktoSurvival	https swse miraheze org wiki niktosurvival	wiki:Nikto_Survival	feat	anchor
https://swse.miraheze.org/wiki/NimbleTeam	https swse miraheze org wiki nimbleteam	wiki:Nimble_Team	feat	anchor
https://swse.miraheze.org/wiki/Noble	https swse miraheze org wiki noble	wiki:Noble	heroic-class	anchor
https://swse.miraheze.org/wiki/NobleBonusFeats	https swse miraheze org wiki noblebonusfeat	wiki:Noble_Bonus_Feats	feat	anchor
https://swse.miraheze.org/wiki/Noghri	https swse miraheze org wiki noghri	wiki:Noghri	species	anchor
https://swse.miraheze.org/wiki/Nosaurian	https swse miraheze org wiki nosaurian	wiki:Nosaurian	species	anchor
https://swse.miraheze.org/wiki/Nyriaanan	https swse miraheze org wiki nyriaanan	wiki:Nyriaanan	species	anchor
https://swse.miraheze.org/wiki/O'reenian	https swse miraheze org wiki o'reenian	wiki:O'reenian	species	anchor
https://swse.miraheze.org/wiki/Obscure	https swse miraheze org wiki obscure	wiki:Obscure	force-power	anchor
https://swse.miraheze.org/wiki/Officer	https swse miraheze org wiki officer	wiki:Officer	prestige-class	anchor
https://swse.miraheze.org/wiki/OfficerCandidacyTraining	https swse miraheze org wiki officercandidacytraining	wiki:Officer_Candidacy_Training	feat	anchor
https://swse.miraheze.org/wiki/OldRepublicEraCampaigns	https swse miraheze org wiki oldrepubliceracampaign	wiki:Old_Republic_Era_Campaigns	other	anchor
https://swse.miraheze.org/wiki/OpportunisticRetreat	https swse miraheze org wiki opportunisticretreat	wiki:Opportunistic_Retreat	feat	anchor
https://swse.miraheze.org/wiki/OpportunisticShooter	https swse miraheze org wiki opportunisticshooter	wiki:Opportunistic_Shooter	feat	anchor
https://swse.miraheze.org/wiki/OpportunisticTrickery	https swse miraheze org wiki opportunistictrickery	wiki:Opportunistic_Trickery	feat	anchor
https://swse.miraheze.org/wiki/OpportunistTalentTree	https swse miraheze org wiki opportunisttalenttree	wiki:Opportunist_Talent_Tree	talent-tree	anchor
https://swse.miraheze.org/wiki/OrderofShasaTalentTree	https swse miraheze org wiki orderofshasatalenttree	wiki:Order_of_Shasa_Talent_Tree	talent-tree	anchor
https://swse.miraheze.org/wiki/Organizations	https swse miraheze org wiki organization	wiki:Organizations	organization	anchor
https://swse.miraheze.org/wiki/Outlaw	https swse miraheze org wiki outlaw	wiki:Outlaw	prestige-class	anchor
https://swse.miraheze.org/wiki/OutlawTalentTree	https swse miraheze org wiki outlawtalenttree	wiki:Outlaw_Talent_Tree	talent-tree	anchor
https://swse.miraheze.org/wiki/OutlawTechTalentTree	https swse miraheze org wiki outlawtechtalenttree	wiki:Outlaw_Tech_Talent_Tree	talent-tree	anchor
https://swse.miraheze.org/wiki/OutsiderTalentTree	https swse miraheze org wiki outsidertalenttree	wiki:Outsider_Talent_Tree	talent-tree	anchor
https://swse.miraheze.org/wiki/OverrideTalentTree	https swse miraheze org wiki overridetalenttree	wiki:Override_Talent_Tree	talent-tree	anchor
https://swse.miraheze.org/wiki/OverwhelmingAttack	https swse miraheze org wiki overwhelmingattack	wiki:Overwhelming_Attack	feat	anchor
https://swse.miraheze.org/wiki/Pa'lowick	https swse miraheze org wiki pa'lowick	wiki:Pa'lowick	species	anchor
https://swse.miraheze.org/wiki/PalloftheDarkSide	https swse miraheze org wiki pallofthedarkside	wiki:Pall_of_the_Dark_Side	feat	anchor
https://swse.miraheze.org/wiki/PasstheBlade	https swse miraheze org wiki passtheblade	wiki:Pass_the_Blade	force-power	anchor
https://swse.miraheze.org/wiki/Pathfinder	https swse miraheze org wiki pathfinder	wiki:Pathfinder	prestige-class	anchor
https://swse.miraheze.org/wiki/PathfinderTalentTree	https swse miraheze org wiki pathfindertalenttree	wiki:Pathfinder_Talent_Tree	talent-tree	anchor
https://swse.miraheze.org/wiki/Pau'an	https swse miraheze org wiki pau'an	wiki:Pau'an	species	anchor
https://swse.miraheze.org/wiki/Perception	https swse miraheze org wiki perception	wiki:Perception	skill	anchor
https://swse.miraheze.org/wiki/PerfectIntuition	https swse miraheze org wiki perfectintuition	wiki:Perfect_Intuition	feat	anchor
https://swse.miraheze.org/wiki/PerfectSwimmer	https swse miraheze org wiki perfectswimmer	wiki:Perfect_Swimmer	feat	anchor
https://swse.miraheze.org/wiki/Persuasion	https swse miraheze org wiki persuasion	wiki:Persuasion	skill	anchor
https://swse.miraheze.org/wiki/Phase	https swse miraheze org wiki phase	wiki:Phase	force-power	anchor
https://swse.miraheze.org/wiki/Philosophy	https swse miraheze org wiki philosophy	wiki:Philosophy	other	anchor
https://swse.miraheze.org/wiki/Phindian	https swse miraheze org wiki phindian	wiki:Phindian	species	anchor
https://swse.miraheze.org/wiki/Pilot	https swse miraheze org wiki pilot	wiki:Pilot	skill	anchor
https://swse.miraheze.org/wiki/Pin	https swse miraheze org wiki pin	wiki:Pin	feat	anchor
https://swse.miraheze.org/wiki/Pincer	https swse miraheze org wiki pincer	wiki:Pincer	feat	anchor
https://swse.miraheze.org/wiki/PinpointAccuracy	https swse miraheze org wiki pinpointaccuracy	wiki:Pinpoint_Accuracy	feat	anchor
https://swse.miraheze.org/wiki/PiracyTalentTree	https swse miraheze org wiki piracytalenttree	wiki:Piracy_Talent_Tree	talent-tree	anchor
https://swse.miraheze.org/wiki/Pistols	https swse miraheze org wiki pistol	wiki:Pistols	weapon-group	anchor
https://swse.miraheze.org/wiki/Pistoleer	https swse miraheze org wiki pistoleer	wiki:Pistoleer	feat	anchor
https://swse.miraheze.org/wiki/PistoleerTalentTree	https swse miraheze org wiki pistoleertalenttree	wiki:Pistoleer_Talent_Tree	talent-tree	anchor
https://swse.miraheze.org/wiki/PitilessWarrior	https swse miraheze org wiki pitilesswarrior	wiki:Pitiless_Warrior	feat	anchor
https://swse.miraheze.org/wiki/PlantSurge	https swse miraheze org wiki plantsurge	wiki:Plant_Surge	force-power	anchor
https://swse.miraheze.org/wiki/Point-BlankShot	https swse miraheze org wiki point blankshot	wiki:Point-Blank_Shot	feat	anchor
https://swse.miraheze.org/wiki/PoisonResistance	https swse miraheze org wiki poisonresistance	wiki:Poison_Resistance	feat	anchor
https://swse.miraheze.org/wiki/PolisMassan	https swse miraheze org wiki polismassan	wiki:Polis_Massan	species	anchor
https://swse.miraheze.org/wiki/PowerAttack	https swse miraheze org wiki powerattack	wiki:Power_Attack	feat	anchor
https://swse.miraheze.org/wiki/PowerBlast	https swse miraheze org wiki powerblast	wiki:Power_Blast	feat	anchor
https://swse.miraheze.org/wiki/PowerfulCharge	https swse miraheze org wiki powerfulcharge	wiki:Powerful_Charge	feat	anchor
https://swse.miraheze.org/wiki/PowerfulRage	https swse miraheze org wiki powerfulrage	wiki:Powerful_Rage	feat	anchor
https://swse.miraheze.org/wiki/PowerGenerator	https swse miraheze org wiki powergenerator	wiki:Power_Generator	equipment	anchor
https://swse.miraheze.org/wiki/PowerPack	https swse miraheze org wiki powerpack	wiki:Power_Pack	equipment	anchor
https://swse.miraheze.org/wiki/PreciseShot	https swse miraheze org wiki preciseshot	wiki:Precise_Shot	feat	anchor
https://swse.miraheze.org/wiki/PredictiveDefense	https swse miraheze org wiki predictivedefense	wiki:Predictive_Defense	feat	anchor
https://swse.miraheze.org/wiki/Prescience	https swse miraheze org wiki prescience	wiki:Prescience	force-power	anchor
https://swse.miraheze.org/wiki/PrimeShot	https swse miraheze org wiki primeshot	wiki:Prime_Shot	feat	anchor
https://swse.miraheze.org/wiki/PrimitiveWarrior	https swse miraheze org wiki primitivewarrior	wiki:Primitive_Warrior	feat	anchor
https://swse.miraheze.org/wiki/PrivateerTalentTree	https swse miraheze org wiki privateertalenttree	wiki:Privateer_Talent_Tree	talent-tree	anchor
https://swse.miraheze.org/wiki/ProcurementTalentTree	https swse miraheze org wiki procurementtalenttree	wiki:Procurement_Talent_Tree	talent-tree	anchor
https://swse.miraheze.org/wiki/Prone	https swse miraheze org wiki prone	wiki:Prone	rule	anchor
https://swse.miraheze.org/wiki/ProtectionTalentTree	https swse miraheze org wiki protectiontalenttree	wiki:Protection_Talent_Tree	talent-tree	anchor
https://swse.miraheze.org/wiki/ProvocateurTalentTree	https swse miraheze org wiki provocateurtalenttree	wiki:Provocateur_Talent_Tree	talent-tree	anchor
https://swse.miraheze.org/wiki/PushingSlash	https swse miraheze org wiki pushingslash	wiki:Pushing_Slash	force-power	anchor
https://swse.miraheze.org/wiki/Quarren	https swse miraheze org wiki quarren	wiki:Quarren	species	anchor
https://swse.miraheze.org/wiki/QuickComeback	https swse miraheze org wiki quickcomeback	wiki:Quick_Comeback	feat	anchor
https://swse.miraheze.org/wiki/QuickDraw	https swse miraheze org wiki quickdraw	wiki:Quick_Draw	feat	anchor
https://swse.miraheze.org/wiki/QuickSkill	https swse miraheze org wiki quickskill	wiki:Quick_Skill	feat	anchor
https://swse.miraheze.org/wiki/Rakata	https swse miraheze org wiki rakata	wiki:Rakata	species	anchor
https://swse.miraheze.org/wiki/RancorCrush	https swse miraheze org wiki rancorcrush	wiki:Rancor_Crush	feat	anchor
https://swse.miraheze.org/wiki/RangedAttacks	https swse miraheze org wiki rangedattack	wiki:Ranged_Attacks	action	anchor
https://swse.miraheze.org/wiki/RankandPrivilege	https swse miraheze org wiki rankandprivilege	wiki:Rank_and_Privilege	other	anchor
https://swse.miraheze.org/wiki/RapidReaction	https swse miraheze org wiki rapidreaction	wiki:Rapid_Reaction	feat	anchor
https://swse.miraheze.org/wiki/RapidShot	https swse miraheze org wiki rapidshot	wiki:Rapid_Shot	feat	anchor
https://swse.miraheze.org/wiki/RapidStrike	https swse miraheze org wiki rapidstrike	wiki:Rapid_Strike	feat	anchor
https://swse.miraheze.org/wiki/Rapport	https swse miraheze org wiki rapport	wiki:Rapport	feat	anchor
https://swse.miraheze.org/wiki/RazorBug	https swse miraheze org wiki razorbug	wiki:Razor_Bug	weapon	anchor
https://swse.miraheze.org/wiki/ReadtheWinds	https swse miraheze org wiki readthewind	wiki:Read_the_Winds	feat	anchor
https://swse.miraheze.org/wiki/RebelMilitaryTraining	https swse miraheze org wiki rebelmilitarytraining	wiki:Rebel_Military_Training	feat	anchor
https://swse.miraheze.org/wiki/RebelRecruiterTalentTree	https swse miraheze org wiki rebelrecruitertalenttree	wiki:Rebel_Recruiter_Talent_Tree	talent-tree	anchor
https://swse.miraheze.org/wiki/Rebuke	https swse miraheze org wiki rebuke	wiki:Rebuke	force-power	anchor
https://swse.miraheze.org/wiki/Recall	https swse miraheze org wiki recall	wiki:Recall	feat	anchor
https://swse.miraheze.org/wiki/RechargeShields	https swse miraheze org wiki rechargeshield	wiki:Recharge_Shields	action	anchor
https://swse.miraheze.org/wiki/RecklessnessTalentTree	https swse miraheze org wiki recklessnesstalenttree	wiki:Recklessness_Talent_Tree	talent-tree	anchor
https://swse.miraheze.org/wiki/ReconnaissanceTalentTree	https swse miraheze org wiki reconnaissancetalenttree	wiki:Reconnaissance_Talent_Tree	talent-tree	anchor
https://swse.miraheze.org/wiki/Recover	https swse miraheze org wiki recover	wiki:Recover	action	anchor
https://swse.miraheze.org/wiki/RecoveringSurge	https swse miraheze org wiki recoveringsurge	wiki:Recovering_Surge	feat	anchor
https://swse.miraheze.org/wiki/Recovery	https swse miraheze org wiki recovery	wiki:Recovery	challenge	anchor
https://swse.miraheze.org/wiki/RecurringSuccess	https swse miraheze org wiki recurringsuccess	wiki:Recurring_Success	feat	anchor
https://swse.miraheze.org/wiki/RegenerativeHealing	https swse miraheze org wiki regenerativehealing	wiki:Regenerative_Healing	feat	anchor
https://swse.miraheze.org/wiki/RelentlessAttack	https swse miraheze org wiki relentlessattack	wiki:Relentless_Attack	feat	anchor
https://swse.miraheze.org/wiki/Rend	https swse miraheze org wiki rend	wiki:Rend	force-power	anchor
https://swse.miraheze.org/wiki/ReplicaDroid	https swse miraheze org wiki replicadroid	wiki:Replica_Droid	species	anchor
https://swse.miraheze.org/wiki/RepublicClone	https swse miraheze org wiki republicclone	wiki:Republic_Clone	species	anchor
https://swse.miraheze.org/wiki/RepublicCommandoTalentTree	https swse miraheze org wiki republiccommandotalenttree	wiki:Republic_Commando_Talent_Tree	talent-tree	anchor
https://swse.miraheze.org/wiki/RepublicMilitaryTraining	https swse miraheze org wiki republicmilitarytraining	wiki:Republic_Military_Training	feat	anchor
https://swse.miraheze.org/wiki/Repulse	https swse miraheze org wiki repulse	wiki:Repulse	force-power	anchor
https://swse.miraheze.org/wiki/ReroutePower	https swse miraheze org wiki reroutepower	wiki:Reroute_Power	action	anchor
https://swse.miraheze.org/wiki/ResilientStrength	https swse miraheze org wiki resilientstrength	wiki:Resilient_Strength	feat	anchor
https://swse.miraheze.org/wiki/ResistForce	https swse miraheze org wiki resistforce	wiki:Resist_Force	force-power	anchor
https://swse.miraheze.org/wiki/ResoluteStance	https swse miraheze org wiki resolutestance	wiki:Resolute_Stance	feat	anchor
https://swse.miraheze.org/wiki/Resurgence	https swse miraheze org wiki resurgence	wiki:Resurgence	feat	anchor
https://swse.miraheze.org/wiki/ResurgentVitality	https swse miraheze org wiki resurgentvitality	wiki:Resurgent_Vitality	feat	anchor
https://swse.miraheze.org/wiki/ReturnFire	https swse miraheze org wiki returnfire	wiki:Return_Fire	feat	anchor
https://swse.miraheze.org/wiki/ReturningBug	https swse miraheze org wiki returningbug	wiki:Returning_Bug	feat	anchor
https://swse.miraheze.org/wiki/RevolutionaryTalentTree	https swse miraheze org wiki revolutionarytalenttree	wiki:Revolutionary_Talent_Tree	talent-tree	anchor
https://swse.miraheze.org/wiki/Ride	https swse miraheze org wiki ride	wiki:Ride	skill	anchor
https://swse.miraheze.org/wiki/Rifles	https swse miraheze org wiki rifle	wiki:Rifles	weapon-group	anchor
https://swse.miraheze.org/wiki/Riflemaster	https swse miraheze org wiki riflemaster	wiki:Riflemaster	feat	anchor
https://swse.miraheze.org/wiki/RisingWhirlwind	https swse miraheze org wiki risingwhirlwind	wiki:Rising_Whirlwind	force-power	anchor
https://swse.miraheze.org/wiki/RiskTaker	https swse miraheze org wiki risktaker	wiki:Risk_Taker	feat	anchor
https://swse.miraheze.org/wiki/RocketJumperTalentTree	https swse miraheze org wiki rocketjumpertalenttree	wiki:Rocket_Jumper_Talent_Tree	talent-tree	anchor
https://swse.miraheze.org/wiki/Rodian	https swse miraheze org wiki rodian	wiki:Rodian	species	anchor
https://swse.miraheze.org/wiki/RunandGunTalentTree	https swse miraheze org wiki runandguntalenttree	wiki:Run_and_Gun_Talent_Tree	talent-tree	anchor
https://swse.miraheze.org/wiki/RunningAttack	https swse miraheze org wiki runningattack	wiki:Running_Attack	feat	anchor
https://swse.miraheze.org/wiki/Ryn	https swse miraheze org wiki ryn	wiki:Ryn	species	anchor
https://swse.miraheze.org/wiki/SaberSwarm	https swse miraheze org wiki saberswarm	wiki:Saber_Swarm	force-power	anchor
https://swse.miraheze.org/wiki/SabotageTalentTree	https swse miraheze org wiki sabotagetalenttree	wiki:Sabotage_Talent_Tree	talent-tree	anchor
https://swse.miraheze.org/wiki/Saboteur	https swse miraheze org wiki saboteur	wiki:Saboteur	prestige-class	anchor
https://swse.miraheze.org/wiki/SadisticStrike	https swse miraheze org wiki sadisticstrike	wiki:Sadistic_Strike	feat	anchor
https://swse.miraheze.org/wiki/Sakiyan	https swse miraheze org wiki sakiyan	wiki:Sakiyan	species	anchor
https://swse.miraheze.org/wiki/SarlaccSweep	https swse miraheze org wiki sarlaccsweep	wiki:Sarlacc_Sweep	force-power	anchor
https://swse.miraheze.org/wiki/SavageAttack	https swse miraheze org wiki savageattack	wiki:Savage_Attack	feat	anchor
https://swse.miraheze.org/wiki/Scavenger	https swse miraheze org wiki scavenger	wiki:Scavenger	feat	anchor
https://swse.miraheze.org/wiki/ScionofDorin	https swse miraheze org wiki scionofdorin	wiki:Scion_of_Dorin	feat	anchor
https://swse.miraheze.org/wiki/Scoundrel	https swse miraheze org wiki scoundrel	wiki:Scoundrel	heroic-class	anchor
https://swse.miraheze.org/wiki/ScoundrelBonusFeats	https swse miraheze org wiki scoundrelbonusfeat	wiki:Scoundrel_Bonus_Feats	feat	anchor
https://swse.miraheze.org/wiki/Scout	https swse miraheze org wiki scout	wiki:Scout	heroic-class	anchor
https://swse.miraheze.org/wiki/ScoutBonusFeats	https swse miraheze org wiki scoutbonusfeat	wiki:Scout_Bonus_Feats	feat	anchor
https://swse.miraheze.org/wiki/Selkath	https swse miraheze org wiki selkath	wiki:Selkath	species	anchor
https://swse.miraheze.org/wiki/SenseTalentTree	https swse miraheze org wiki sensetalenttree	wiki:Sense_Talent_Tree	talent-tree	anchor
https://swse.miraheze.org/wiki/SensorLink	https swse miraheze org wiki sensorlink	wiki:Sensor_Link	feat	anchor
https://swse.miraheze.org/wiki/SeparatistMilitaryTraining	https swse miraheze org wiki separatistmilitarytraining	wiki:Separatist_Military_Training	feat	anchor
https://swse.miraheze.org/wiki/SeverForce	https swse miraheze org wiki severforce	wiki:Sever_Force	force-power	anchor
https://swse.miraheze.org/wiki/SeyugiDervishTalentTree	https swse miraheze org wiki seyugidervishtalenttree	wiki:Seyugi_Dervish_Talent_Tree	talent-tree	anchor
https://swse.miraheze.org/wiki/ShakeItOff	https swse miraheze org wiki shakeitoff	wiki:Shake_It_Off	feat	anchor
https://swse.miraheze.org/wiki/Shaper	https swse miraheze org wiki shaper	wiki:Shaper	prestige-class	anchor
https://swse.miraheze.org/wiki/ShaperofKroVarTalentTree	https swse miraheze org wiki shaperofkrovartalenttree	wiki:Shaper_of_Kro_Var_Talent_Tree	talent-tree	anchor
https://swse.miraheze.org/wiki/ShaperTalentTree	https swse miraheze org wiki shapertalenttree	wiki:Shaper_Talent_Tree	talent-tree	anchor
https://swse.miraheze.org/wiki/Shard	https swse miraheze org wiki shard	wiki:Shard	species	anchor
https://swse.miraheze.org/wiki/SharpSenses	https swse miraheze org wiki sharpsense	wiki:Sharp_Senses	feat	anchor
https://swse.miraheze.org/wiki/SharpshooterTalentTree	https swse miraheze org wiki sharpshootertalenttree	wiki:Sharpshooter_Talent_Tree	talent-tree	anchor
https://swse.miraheze.org/wiki/Shatterpoint	https swse miraheze org wiki shatterpoint	wiki:Shatterpoint	force-power	anchor
https://swse.miraheze.org/wiki/ShieldGauntlet	https swse miraheze org wiki shieldgauntlet	wiki:Shield_Gauntlet	armor	anchor
https://swse.miraheze.org/wiki/ShieldGeneratorSystem	https swse miraheze org wiki shieldgeneratorsystem	wiki:Shield_Generator_System	droid-system	anchor
https://swse.miraheze.org/wiki/ShieldSurge	https swse miraheze org wiki shieldsurge	wiki:Shield_Surge	feat	anchor
https://swse.miraheze.org/wiki/ShienDeflection	https swse miraheze org wiki shiendeflection	wiki:Shien_Deflection	force-power	anchor
https://swse.miraheze.org/wiki/Shistavanen	https swse miraheze org wiki shistavanen	wiki:Shistavanen	species	anchor
https://swse.miraheze.org/wiki/ShockboxerTalentTree	https swse miraheze org wiki shockboxertalenttree	wiki:Shockboxer_Talent_Tree	talent-tree	anchor
https://swse.miraheze.org/wiki/Shockboxing	https swse miraheze org wiki shockboxing	wiki:Shockboxing	other	anchor
https://swse.miraheze.org/wiki/ShrewdBargainer	https swse miraheze org wiki shrewdbargainer	wiki:Shrewd_Bargainer	feat	anchor
https://swse.miraheze.org/wiki/SiangLance	https swse miraheze org wiki sianglance	wiki:Siang_Lance	weapon	anchor
https://swse.miraheze.org/wiki/SignatureDevice	https swse miraheze org wiki signaturedevice	wiki:Signature_Device	feat	anchor
https://swse.miraheze.org/wiki/SilverTongue	https swse miraheze org wiki silvertongue	wiki:Silver_Tongue	feat	anchor
https://swse.miraheze.org/wiki/SimpleWeaponsMelee	https swse miraheze org wiki simpleweaponsmelee	wiki:Simple_Weapons_(Melee)	weapon-group	anchor
https://swse.miraheze.org/wiki/SithAlchemyTalentTree	https swse miraheze org wiki sithalchemytalenttree	wiki:Sith_Alchemy_Talent_Tree	talent-tree	anchor
https://swse.miraheze.org/wiki/SithApprentice	https swse miraheze org wiki sithapprentice	wiki:Sith_Apprentice	prestige-class	anchor
https://swse.miraheze.org/wiki/SithCommanderTalentTree	https swse miraheze org wiki sithcommandertalenttree	wiki:Sith_Commander_Talent_Tree	talent-tree	anchor
https://swse.miraheze.org/wiki/SithLord	https swse miraheze org wiki sithlord	wiki:Sith_Lord	prestige-class	anchor
https://swse.miraheze.org/wiki/SithMilitaryTraining	https swse miraheze org wiki sithmilitarytraining	wiki:Sith_Military_Training	feat	anchor
https://swse.miraheze.org/wiki/SithTalentTree	https swse miraheze org wiki sithtalenttree	wiki:Sith_Talent_Tree	talent-tree	anchor
https://swse.miraheze.org/wiki/Skakoan	https swse miraheze org wiki skakoan	wiki:Skakoan	species	anchor
https://swse.miraheze.org/wiki/Skills	https swse miraheze org wiki skill	wiki:Skills	rule	anchor
https://swse.miraheze.org/wiki/SkillChallenges	https swse miraheze org wiki skillchallenge	wiki:Skill_Challenges	rule	anchor
https://swse.miraheze.org/wiki/SkillChallenge:LastResort	https swse miraheze org wiki skillchallenge lastresort	wiki:Skill_Challenge:_Last_Resort	feat	anchor
https://swse.miraheze.org/wiki/SkillChallenge:Recovery	https swse miraheze org wiki skillchallenge recovery	wiki:Skill_Challenge:_Recovery	feat	anchor
https://swse.miraheze.org/wiki/SkillChallengeTalentTree	https swse miraheze org wiki skillchallengetalenttree	wiki:Skill_Challenge_Talent_Tree	talent-tree	anchor
https://swse.miraheze.org/wiki/SkillFocus	https swse miraheze org wiki skillfocus	wiki:Skill_Focus	feat	anchor
https://swse.miraheze.org/wiki/SkillTraining	https swse miraheze org wiki skilltraining	wiki:Skill_Training	feat	anchor
https://swse.miraheze.org/wiki/Slammer	https swse miraheze org wiki slammer	wiki:Slammer	feat	anchor
https://swse.miraheze.org/wiki/SlicerTalentTree	https swse miraheze org wiki slicertalenttree	wiki:Slicer_Talent_Tree	talent-tree	anchor
https://swse.miraheze.org/wiki/SlicerTeam	https swse miraheze org wiki slicerteam	wiki:Slicer_Team	feat	anchor
https://swse.miraheze.org/wiki/SlipperyManeuver	https swse miraheze org wiki slipperymaneuver	wiki:Slippery_Maneuver	feat	anchor
https://swse.miraheze.org/wiki/Slow	https swse miraheze org wiki slow	wiki:Slow	force-power	anchor
https://swse.miraheze.org/wiki/Sluissi	https swse miraheze org wiki sluissi	wiki:Sluissi	species	anchor
https://swse.miraheze.org/wiki/SmugglingTalentTree	https swse miraheze org wiki smugglingtalenttree	wiki:Smuggling_Talent_Tree	talent-tree	anchor
https://swse.miraheze.org/wiki/Sniper	https swse miraheze org wiki sniper	wiki:Sniper	feat	anchor
https://swse.miraheze.org/wiki/SniperShot	https swse miraheze org wiki snipershot	wiki:Sniper_Shot	feat	anchor
https://swse.miraheze.org/wiki/Snivvian	https swse miraheze org wiki snivvian	wiki:Snivvian	species	anchor
https://swse.miraheze.org/wiki/Soldier	https swse miraheze org wiki soldier	wiki:Soldier	heroic-class	anchor
https://swse.miraheze.org/wiki/SoldierBonusFeats	https swse miraheze org wiki soldierbonusfeat	wiki:Soldier_Bonus_Feats	feat	anchor
https://swse.miraheze.org/wiki/SorcererofRhand	https swse miraheze org wiki sorcererofrhand	wiki:Sorcerer_of_Rhand	species	anchor
https://swse.miraheze.org/wiki/Spacer'sSurge	https swse miraheze org wiki spacer'ssurge	wiki:Spacer's_Surge	feat	anchor
https://swse.miraheze.org/wiki/SpacerTalentTree	https swse miraheze org wiki spacertalenttree	wiki:Spacer_Talent_Tree	talent-tree	anchor
https://swse.miraheze.org/wiki/SpecializedDroidTalentTree	https swse miraheze org wiki specializeddroidtalenttree	wiki:Specialized_Droid_Talent_Tree	talent-tree	anchor
https://swse.miraheze.org/wiki/Species	https swse miraheze org wiki specie	wiki:Species	rule	anchor
https://swse.miraheze.org/wiki/Speed	https swse miraheze org wiki speed	wiki:Speed	rule	anchor
https://swse.miraheze.org/wiki/Speeders	https swse miraheze org wiki speeder	wiki:Speeders	rule	anchor
https://swse.miraheze.org/wiki/SportHunter	https swse miraheze org wiki sporthunter	wiki:Sport_Hunter	feat	anchor
https://swse.miraheze.org/wiki/SprayShot	https swse miraheze org wiki sprayshot	wiki:Spray_Shot	feat	anchor
https://swse.miraheze.org/wiki/SpyTalentTree	https swse miraheze org wiki spytalenttree	wiki:Spy_Talent_Tree	talent-tree	anchor
https://swse.miraheze.org/wiki/SquadLeadershipTalentTree	https swse miraheze org wiki squadleadershiptalenttree	wiki:Squad_Leadership_Talent_Tree	talent-tree	anchor
https://swse.miraheze.org/wiki/SquadLeaderTalentTree	https swse miraheze org wiki squadleadertalenttree	wiki:Squad_Leader_Talent_Tree	talent-tree	anchor
https://swse.miraheze.org/wiki/SquadronLeaderTalentTree	https swse miraheze org wiki squadronleadertalenttree	wiki:Squadron_Leader_Talent_Tree	talent-tree	anchor
https://swse.miraheze.org/wiki/Squib	https swse miraheze org wiki squib	wiki:Squib	species	anchor
https://swse.miraheze.org/wiki/Ssi-Ruu	https swse miraheze org wiki ssi ruu	wiki:Ssi-Ruu	species	anchor
https://swse.miraheze.org/wiki/Stagger	https swse miraheze org wiki stagger	wiki:Stagger	force-power	anchor
https://swse.miraheze.org/wiki/StaggeringAttack	https swse miraheze org wiki staggeringattack	wiki:Staggering_Attack	feat	anchor
https://swse.miraheze.org/wiki/StandTall	https swse miraheze org wiki standtall	wiki:Stand_Tall	feat	anchor
https://swse.miraheze.org/wiki/StarshipDesigner	https swse miraheze org wiki starshipdesigner	wiki:Starship_Designer	feat	anchor
https://swse.miraheze.org/wiki/StarshipManeuvers	https swse miraheze org wiki starshipmaneuver	wiki:Starship_Maneuvers	other	anchor
https://swse.miraheze.org/wiki/StarshipModifications	https swse miraheze org wiki starshipmodification	wiki:Starship_Modifications	other	anchor
https://swse.miraheze.org/wiki/StarshipTactics	https swse miraheze org wiki starshiptactic	wiki:Starship_Tactics	feat	anchor
https://swse.miraheze.org/wiki/StavaTraining	https swse miraheze org wiki stavatraining	wiki:Stava_Training	feat	anchor
https://swse.miraheze.org/wiki/StayUp	https swse miraheze org wiki stayup	wiki:Stay_Up	feat	anchor
https://swse.miraheze.org/wiki/SteadyingPosition	https swse miraheze org wiki steadyingposition	wiki:Steadying_Position	feat	anchor
https://swse.miraheze.org/wiki/Stealth	https swse miraheze org wiki stealth	wiki:Stealth	skill	anchor
https://swse.miraheze.org/wiki/Stereb	https swse miraheze org wiki stereb	wiki:Stereb	species	anchor
https://swse.miraheze.org/wiki/Strafe	https swse miraheze org wiki strafe	wiki:Strafe	feat	anchor
https://swse.miraheze.org/wiki/StrongBellow	https swse miraheze org wiki strongbellow	wiki:Strong_Bellow	feat	anchor
https://swse.miraheze.org/wiki/StrongintheForce	https swse miraheze org wiki strongintheforce	wiki:Strong_in_the_Force	feat	anchor
https://swse.miraheze.org/wiki/SubcutaneousComlink	https swse miraheze org wiki subcutaneouscomlink	wiki:Subcutaneous_Comlink	equipment	anchor
https://swse.miraheze.org/wiki/Sullustan	https swse miraheze org wiki sullustan	wiki:Sullustan	species	anchor
https://swse.miraheze.org/wiki/SuperiorSkillsTalentTree	https swse miraheze org wiki superiorskillstalenttree	wiki:Superior_Skills_Talent_Tree	talent-tree	anchor
https://swse.miraheze.org/wiki/SuperiorTech	https swse miraheze org wiki superiortech	wiki:Superior_Tech	feat	anchor
https://swse.miraheze.org/wiki/SuppressionFire	https swse miraheze org wiki suppressionfire	wiki:Suppression_Fire	feat	anchor
https://swse.miraheze.org/wiki/SureClimber	https swse miraheze org wiki sureclimber	wiki:Sure_Climber	feat	anchor
https://swse.miraheze.org/wiki/Surge	https swse miraheze org wiki surge	wiki:Surge	force-power	anchor
https://swse.miraheze.org/wiki/SurgicalExpertise	https swse miraheze org wiki surgicalexpertise	wiki:Surgical_Expertise	feat	anchor
https://swse.miraheze.org/wiki/SurveillanceTalentTree	https swse miraheze org wiki surveillancetalenttree	wiki:Surveillance_Talent_Tree	talent-tree	anchor
https://swse.miraheze.org/wiki/Survival	https swse miraheze org wiki survival	wiki:Survival	skill	anchor
https://swse.miraheze.org/wiki/SurvivorofRyloth	https swse miraheze org wiki survivorofryloth	wiki:Survivor_of_Ryloth	feat	anchor
https://swse.miraheze.org/wiki/SurvivorTalentTree	https swse miraheze org wiki survivortalenttree	wiki:Survivor_Talent_Tree	talent-tree	anchor
https://swse.miraheze.org/wiki/SwarmAttack	https swse miraheze org wiki swarmattack	wiki:Swarm_Attack	feat	anchor
https://swse.miraheze.org/wiki/SwiftFlank	https swse miraheze org wiki swiftflank	wiki:Swift_Flank	force-power	anchor
https://swse.miraheze.org/wiki/Swim	https swse miraheze org wiki swim	wiki:Swim	skill	anchor
https://swse.miraheze.org/wiki/TacticalAdvantage	https swse miraheze org wiki tacticaladvantage	wiki:Tactical_Advantage	feat	anchor
https://swse.miraheze.org/wiki/TacticalGenius	https swse miraheze org wiki tacticalgenius	wiki:Tactical_Genius	feat	anchor
https://swse.miraheze.org/wiki/Tae-JitsuTraining	https swse miraheze org wiki tae jitsutraining	wiki:Tae-Jitsu_Training	feat	anchor
https://swse.miraheze.org/wiki/Talents	https swse miraheze org wiki talent	wiki:Talents	rule	anchor
https://swse.miraheze.org/wiki/Talz	https swse miraheze org wiki talz	wiki:Talz	species	anchor
https://swse.miraheze.org/wiki/TargetedArea	https swse miraheze org wiki targetedarea	wiki:Targeted_Area	feat	anchor
https://swse.miraheze.org/wiki/Taris	https swse miraheze org wiki taris	wiki:Taris	planet	anchor
https://swse.miraheze.org/wiki/Taung	https swse miraheze org wiki taung	wiki:Taung	species	anchor
https://swse.miraheze.org/wiki/TechnicalExperts	https swse miraheze org wiki technicalexpert	wiki:Technical_Experts	feat	anchor
https://swse.miraheze.org/wiki/Technometry	https swse miraheze org wiki technometry	wiki:Technometry	force-power	anchor
https://swse.miraheze.org/wiki/TechSpecialist	https swse miraheze org wiki techspecialist	wiki:Tech_Specialist	feat	anchor
https://swse.miraheze.org/wiki/TelepathTalentTree	https swse miraheze org wiki telepathtalenttree	wiki:Telepath_Talent_Tree	talent-tree	anchor
https://swse.miraheze.org/wiki/TemperedAggression	https swse miraheze org wiki temperedaggression	wiki:Tempered_Aggression	force-power	anchor
https://swse.miraheze.org/wiki/Ter%C3%A4sK%C3%A4siTraining	https swse miraheze org wiki ter sk sitraining	wiki:Ter%C3%A4s_K%C3%A4si_Training	feat	anchor
https://swse.miraheze.org/wiki/Thakwaash	https swse miraheze org wiki thakwaash	wiki:Thakwaash	species	anchor
https://swse.miraheze.org/wiki/TheAgentsofOssus	https swse miraheze org wiki theagentsofossus	wiki:The_Agents_of_Ossus	affiliation	anchor
https://swse.miraheze.org/wiki/TheAing-TiiMonks	https swse miraheze org wiki theaing tiimonk	wiki:The_Aing-Tii_Monks	affiliation	anchor
https://swse.miraheze.org/wiki/TheBandoGora	https swse miraheze org wiki thebandogora	wiki:The_Bando_Gora	affiliation	anchor
https://swse.miraheze.org/wiki/TheBaranDoSages	https swse miraheze org wiki thebarandosage	wiki:The_Baran_Do_Sages	affiliation	anchor
https://swse.miraheze.org/wiki/TheBelievers	https swse miraheze org wiki thebeliever	wiki:The_Believers	affiliation	anchor
https://swse.miraheze.org/wiki/TheBlazingChain	https swse miraheze org wiki theblazingchain	wiki:The_Blazing_Chain	affiliation	anchor
https://swse.miraheze.org/wiki/TheDisciplesofTwilight	https swse miraheze org wiki thedisciplesoftwilight	wiki:The_Disciples_of_Twilight	affiliation	anchor
https://swse.miraheze.org/wiki/TheEmberofVahl	https swse miraheze org wiki theemberofvahl	wiki:The_Ember_of_Vahl	affiliation	anchor
https://swse.miraheze.org/wiki/TheFallanassi	https swse miraheze org wiki thefallanassi	wiki:The_Fallanassi	affiliation	anchor
https://swse.miraheze.org/wiki/TheFelucianShamans	https swse miraheze org wiki thefelucianshaman	wiki:The_Felucian_Shamans	affiliation	anchor
https://swse.miraheze.org/wiki/TheForce	https swse miraheze org wiki theforce	wiki:The_Force	rule	anchor
https://swse.miraheze.org/wiki/TheForestMoonofEndor	https swse miraheze org wiki theforestmoonofendor	wiki:The_Forest_Moon_of_Endor	planet	anchor
https://swse.miraheze.org/wiki/TheGandFindsmen	https swse miraheze org wiki thegandfindsmen	wiki:The_Gand_Findsmen	affiliation	anchor
https://swse.miraheze.org/wiki/TheGenoHaradan	https swse miraheze org wiki thegenoharadan	wiki:The_GenoHaradan	affiliation	anchor
https://swse.miraheze.org/wiki/TheInquisitorius	https swse miraheze org wiki theinquisitorius	wiki:The_Inquisitorius	affiliation	anchor
https://swse.miraheze.org/wiki/TheIronKnights	https swse miraheze org wiki theironknight	wiki:The_Iron_Knights	affiliation	anchor
https://swse.miraheze.org/wiki/TheJalShey	https swse miraheze org wiki thejalshey	wiki:The_Jal_Shey	affiliation	anchor
https://swse.miraheze.org/wiki/TheJedi	https swse miraheze org wiki thejedi	wiki:The_Jedi	affiliation	anchor
https://swse.miraheze.org/wiki/TheJensaarai	https swse miraheze org wiki thejensaarai	wiki:The_Jensaarai	affiliation	anchor
https://swse.miraheze.org/wiki/TheKeetael	https swse miraheze org wiki thekeetael	wiki:The_Keetael	affiliation	anchor
https://swse.miraheze.org/wiki/TheKilianRangers	https swse miraheze org wiki thekilianranger	wiki:The_Kilian_Rangers	affiliation	anchor
https://swse.miraheze.org/wiki/TheKorunnai	https swse miraheze org wiki thekorunnai	wiki:The_Korunnai	affiliation	anchor
https://swse.miraheze.org/wiki/TheKrath	https swse miraheze org wiki thekrath	wiki:The_Krath	affiliation	anchor
https://swse.miraheze.org/wiki/TheLukaSene	https swse miraheze org wiki thelukasene	wiki:The_Luka_Sene	affiliation	anchor
https://swse.miraheze.org/wiki/TheMandalorians	https swse miraheze org wiki themandalorian	wiki:The_Mandalorians	affiliation	anchor
https://swse.miraheze.org/wiki/TheMatukai	https swse miraheze org wiki thematukai	wiki:The_Matukai	affiliation	anchor
https://swse.miraheze.org/wiki/TheNewRepublic	https swse miraheze org wiki thenewrepublic	wiki:The_New_Republic	affiliation	anchor
https://swse.miraheze.org/wiki/TheOrderofShasa	https swse miraheze org wiki theorderofshasa	wiki:The_Order_of_Shasa	affiliation	anchor
https://swse.miraheze.org/wiki/TheSeyugiDervishes	https swse miraheze org wiki theseyugidervishe	wiki:The_Seyugi_Dervishes	affiliation	anchor
https://swse.miraheze.org/wiki/TheShapersofKroVar	https swse miraheze org wiki theshapersofkrovar	wiki:The_Shapers_of_Kro_Var	affiliation	anchor
https://swse.miraheze.org/wiki/TheSith	https swse miraheze org wiki thesith	wiki:The_Sith	affiliation	anchor
https://swse.miraheze.org/wiki/TheTyia	https swse miraheze org wiki thetyia	wiki:The_Tyia	affiliation	anchor
https://swse.miraheze.org/wiki/TheWardensoftheSky	https swse miraheze org wiki thewardensofthesky	wiki:The_Wardens_of_the_Sky	affiliation	anchor
https://swse.miraheze.org/wiki/TheWitchesofDathomir	https swse miraheze org wiki thewitchesofdathomir	wiki:The_Witches_of_Dathomir	affiliation	anchor
https://swse.miraheze.org/wiki/TheZeisonSha	https swse miraheze org wiki thezeisonsha	wiki:The_Zeison_Sha	affiliation	anchor
https://swse.miraheze.org/wiki/ThickSkin	https swse miraheze org wiki thickskin	wiki:Thick_Skin	feat	anchor
https://swse.miraheze.org/wiki/ThoughtBomb	https swse miraheze org wiki thoughtbomb	wiki:Thought_Bomb	force-power	anchor
https://swse.miraheze.org/wiki/Throw	https swse miraheze org wiki throw	wiki:Throw	feat	anchor
https://swse.miraheze.org/wiki/ThudBug	https swse miraheze org wiki thudbug	wiki:Thud_Bug	weapon	anchor
https://swse.miraheze.org/wiki/TirelessSquad	https swse miraheze org wiki tirelesssquad	wiki:Tireless_Squad	feat	anchor
https://swse.miraheze.org/wiki/Tof	https swse miraheze org wiki tof	wiki:Tof	species	anchor
https://swse.miraheze.org/wiki/Togorian	https swse miraheze org wiki togorian	wiki:Togorian	species	anchor
https://swse.miraheze.org/wiki/Togruta	https swse miraheze org wiki togruta	wiki:Togruta	species	anchor
https://swse.miraheze.org/wiki/ToolFrenzy	https swse miraheze org wiki toolfrenzy	wiki:Tool_Frenzy	feat	anchor
https://swse.miraheze.org/wiki/ToolMount	https swse miraheze org wiki toolmount	wiki:Tool_Mount	droid-system	anchor
https://swse.miraheze.org/wiki/Toughness	https swse miraheze org wiki toughness	wiki:Toughness	feat	anchor
https://swse.miraheze.org/wiki/Toydarian	https swse miraheze org wiki toydarian	wiki:Toydarian	species	anchor
https://swse.miraheze.org/wiki/Tracked	https swse miraheze org wiki tracked	wiki:Tracked	droid-system	anchor
https://swse.miraheze.org/wiki/Trample	https swse miraheze org wiki trample	wiki:Trample	feat	anchor
https://swse.miraheze.org/wiki/Trandoshan	https swse miraheze org wiki trandoshan	wiki:Trandoshan	species	anchor
https://swse.miraheze.org/wiki/TreatInjury	https swse miraheze org wiki treatinjury	wiki:Treat_Injury	skill	anchor
https://swse.miraheze.org/wiki/TrenchWarrior	https swse miraheze org wiki trenchwarrior	wiki:Trench_Warrior	feat	anchor
https://swse.miraheze.org/wiki/Trianii	https swse miraheze org wiki trianii	wiki:Trianii	species	anchor
https://swse.miraheze.org/wiki/TrickeryTalentTree	https swse miraheze org wiki trickerytalenttree	wiki:Trickery_Talent_Tree	talent-tree	anchor
https://swse.miraheze.org/wiki/Trip	https swse miraheze org wiki trip	wiki:Trip	feat	anchor
https://swse.miraheze.org/wiki/TripleAttack	https swse miraheze org wiki tripleattack	wiki:Triple_Attack	feat	anchor
https://swse.miraheze.org/wiki/TripleCrit	https swse miraheze org wiki triplecrit	wiki:Triple_Crit	feat	anchor
https://swse.miraheze.org/wiki/TrooperTalentTree	https swse miraheze org wiki troopertalenttree	wiki:Trooper_Talent_Tree	talent-tree	anchor
https://swse.miraheze.org/wiki/TumbleDefense	https swse miraheze org wiki tumbledefense	wiki:Tumble_Defense	feat	anchor
https://swse.miraheze.org/wiki/TurnandBurn	https swse miraheze org wiki turnandburn	wiki:Turn_and_Burn	feat	anchor
https://swse.miraheze.org/wiki/TurretTalentTree	https swse miraheze org wiki turrettalenttree	wiki:Turret_Talent_Tree	talent-tree	anchor
https://swse.miraheze.org/wiki/TuskenRaider	https swse miraheze org wiki tuskenraider	wiki:Tusken_Raider	species	anchor
https://swse.miraheze.org/wiki/Twi'lek	https swse miraheze org wiki twi'lek	wiki:Twi'lek	species	anchor
https://swse.miraheze.org/wiki/TwinStrike	https swse miraheze org wiki twinstrike	wiki:Twin_Strike	force-power	anchor
https://swse.miraheze.org/wiki/TyiaAdeptTalentTree	https swse miraheze org wiki tyiaadepttalenttree	wiki:Tyia_Adept_Talent_Tree	talent-tree	anchor
https://swse.miraheze.org/wiki/Ubese	https swse miraheze org wiki ubese	wiki:Ubese	species	anchor
https://swse.miraheze.org/wiki/Umbaran	https swse miraheze org wiki umbaran	wiki:Umbaran	species	anchor
https://swse.miraheze.org/wiki/UnarmedAttacks	https swse miraheze org wiki unarmedattack	wiki:Unarmed_Attacks	rule	anchor
https://swse.miraheze.org/wiki/UnarmedMasteryTalentTree	https swse miraheze org wiki unarmedmasterytalenttree	wiki:Unarmed_Mastery_Talent_Tree	talent-tree	anchor
https://swse.miraheze.org/wiki/UnbalancingBlock	https swse miraheze org wiki unbalancingblock	wiki:Unbalancing_Block	force-power	anchor
https://swse.miraheze.org/wiki/UnhinderedApproach	https swse miraheze org wiki unhinderedapproach	wiki:Unhindered_Approach	feat	anchor
https://swse.miraheze.org/wiki/UnhinderedCharge	https swse miraheze org wiki unhinderedcharge	wiki:Unhindered_Charge	force-power	anchor
https://swse.miraheze.org/wiki/UnifiedSquadron	https swse miraheze org wiki unifiedsquadron	wiki:Unified_Squadron	feat	anchor
https://swse.miraheze.org/wiki/Unleashed	https swse miraheze org wiki unleashed	wiki:Unleashed	feat	anchor
https://swse.miraheze.org/wiki/UnleashedAbilities	https swse miraheze org wiki unleashedabilitie	wiki:Unleashed_Abilities	other	anchor
https://swse.miraheze.org/wiki/UnpredictableTalentTree	https swse miraheze org wiki unpredictabletalenttree	wiki:Unpredictable_Talent_Tree	talent-tree	anchor
https://swse.miraheze.org/wiki/UnstoppableCombatant	https swse miraheze org wiki unstoppablecombatant	wiki:Unstoppable_Combatant	feat	anchor
https://swse.miraheze.org/wiki/UnstoppableForce	https swse miraheze org wiki unstoppableforce	wiki:Unstoppable_Force	feat	anchor
https://swse.miraheze.org/wiki/UnswervingResolve	https swse miraheze org wiki unswervingresolve	wiki:Unswerving_Resolve	feat	anchor
https://swse.miraheze.org/wiki/UnwaveringFocus	https swse miraheze org wiki unwaveringfocus	wiki:Unwavering_Focus	feat	anchor
https://swse.miraheze.org/wiki/UnwaveringResolve	https swse miraheze org wiki unwaveringresolve	wiki:Unwavering_Resolve	feat	anchor
https://swse.miraheze.org/wiki/UseComputer	https swse miraheze org wiki usecomputer	wiki:Use_Computer	skill	anchor
https://swse.miraheze.org/wiki/UsetheForce	https swse miraheze org wiki usetheforce	wiki:Use_the_Force	skill	anchor
https://swse.miraheze.org/wiki/Utai	https swse miraheze org wiki utai	wiki:Utai	species	anchor
https://swse.miraheze.org/wiki/Vagaari	https swse miraheze org wiki vagaari	wiki:Vagaari	species	anchor
https://swse.miraheze.org/wiki/Vahla	https swse miraheze org wiki vahla	wiki:Vahla	species	anchor
https://swse.miraheze.org/wiki/Valor	https swse miraheze org wiki valor	wiki:Valor	force-power	anchor
https://swse.miraheze.org/wiki/Vanguard	https swse miraheze org wiki vanguard	wiki:Vanguard	prestige-class	anchor
https://swse.miraheze.org/wiki/VanguardTalentTree	https swse miraheze org wiki vanguardtalenttree	wiki:Vanguard_Talent_Tree	talent-tree	anchor
https://swse.miraheze.org/wiki/VehiclePilot	https swse miraheze org wiki vehiclepilot	wiki:Vehicle_Pilot	crew-position	anchor
https://swse.miraheze.org/wiki/VehicleSystemsExpertise	https swse miraheze org wiki vehiclesystemsexpertise	wiki:Vehicle_Systems_Expertise	feat	anchor
https://swse.miraheze.org/wiki/VehicularCombat	https swse miraheze org wiki vehicularcombat	wiki:Vehicular_Combat	feat	anchor
https://swse.miraheze.org/wiki/VehicularSurge	https swse miraheze org wiki vehicularsurge	wiki:Vehicular_Surge	feat	anchor
https://swse.miraheze.org/wiki/Verpine	https swse miraheze org wiki verpine	wiki:Verpine	species	anchor
https://swse.miraheze.org/wiki/VersatilityTalentTree	https swse miraheze org wiki versatilitytalenttree	wiki:Versatility_Talent_Tree	talent-tree	anchor
https://swse.miraheze.org/wiki/VeteranSpacer	https swse miraheze org wiki veteranspacer	wiki:Veteran_Spacer	feat	anchor
https://swse.miraheze.org/wiki/VeteranTalentTree	https swse miraheze org wiki veterantalenttree	wiki:Veteran_Talent_Tree	talent-tree	anchor
https://swse.miraheze.org/wiki/Visibility	https swse miraheze org wiki visibility	wiki:Visibility	rule	anchor
https://swse.miraheze.org/wiki/VitalitySurge	https swse miraheze org wiki vitalitysurge	wiki:Vitality_Surge	feat	anchor
https://swse.miraheze.org/wiki/VitalTransfer	https swse miraheze org wiki vitaltransfer	wiki:Vital_Transfer	force-power	anchor
https://swse.miraheze.org/wiki/Vornskr'sFerocity	https swse miraheze org wiki vornskr'sferocity	wiki:Vornskr's_Ferocity	force-power	anchor
https://swse.miraheze.org/wiki/Vultan	https swse miraheze org wiki vultan	wiki:Vultan	species	anchor
https://swse.miraheze.org/wiki/Vurk	https swse miraheze org wiki vurk	wiki:Vurk	species	anchor
https://swse.miraheze.org/wiki/WardenoftheSkyTalentTree	https swse miraheze org wiki wardenoftheskytalenttree	wiki:Warden_of_the_Sky_Talent_Tree	talent-tree	anchor
https://swse.miraheze.org/wiki/WarriorHeritage	https swse miraheze org wiki warriorheritage	wiki:Warrior_Heritage	feat	anchor
https://swse.miraheze.org/wiki/WarriorTalentTree	https swse miraheze org wiki warriortalenttree	wiki:Warrior_Talent_Tree	talent-tree	anchor
https://swse.miraheze.org/wiki/WaryDefender	https swse miraheze org wiki warydefender	wiki:Wary_Defender	feat	anchor
https://swse.miraheze.org/wiki/WarySentries	https swse miraheze org wiki warysentrie	wiki:Wary_Sentries	feat	anchor
https://swse.miraheze.org/wiki/WeaponFinesse	https swse miraheze org wiki weaponfinesse	wiki:Weapon_Finesse	feat	anchor
https://swse.miraheze.org/wiki/WeaponFocus	https swse miraheze org wiki weaponfocus	wiki:Weapon_Focus	feat	anchor
https://swse.miraheze.org/wiki/WeaponMasterTalentTree	https swse miraheze org wiki weaponmastertalenttree	wiki:Weapon_Master_Talent_Tree	talent-tree	anchor
https://swse.miraheze.org/wiki/WeaponProficiency	https swse miraheze org wiki weaponproficiency	wiki:Weapon_Proficiency	feat	anchor
https://swse.miraheze.org/wiki/WeaponSpecialistTalentTree	https swse miraheze org wiki weaponspecialisttalenttree	wiki:Weapon_Specialist_Talent_Tree	talent-tree	anchor
https://swse.miraheze.org/wiki/Weequay	https swse miraheze org wiki weequay	wiki:Weequay	species	anchor
https://swse.miraheze.org/wiki/Wheeled	https swse miraheze org wiki wheeled	wiki:Wheeled	droid-system	anchor
https://swse.miraheze.org/wiki/Whiphid	https swse miraheze org wiki whiphid	wiki:Whiphid	species	anchor
https://swse.miraheze.org/wiki/WhirlwindAttack	https swse miraheze org wiki whirlwindattack	wiki:Whirlwind_Attack	feat	anchor
https://swse.miraheze.org/wiki/WhiteCurrentAdeptTalentTree	https swse miraheze org wiki whitecurrentadepttalenttree	wiki:White_Current_Adept_Talent_Tree	talent-tree	anchor
https://swse.miraheze.org/wiki/WickedAttack	https swse miraheze org wiki wickedattack	wiki:Wicked_Attack	feat	anchor
https://swse.miraheze.org/wiki/WildernessFirstAid	https swse miraheze org wiki wildernessfirstaid	wiki:Wilderness_First_Aid	feat	anchor
https://swse.miraheze.org/wiki/WildernessSpecialists	https swse miraheze org wiki wildernessspecialist	wiki:Wilderness_Specialists	feat	anchor
https://swse.miraheze.org/wiki/WingmanTalentTree	https swse miraheze org wiki wingmantalenttree	wiki:Wingman_Talent_Tree	talent-tree	anchor
https://swse.miraheze.org/wiki/Withdraw	https swse miraheze org wiki withdraw	wiki:Withdraw	action	anchor
https://swse.miraheze.org/wiki/WithdrawalStrike	https swse miraheze org wiki withdrawalstrike	wiki:Withdrawal_Strike	feat	anchor
https://swse.miraheze.org/wiki/Wookiee	https swse miraheze org wiki wookiee	wiki:Wookiee	species	anchor
https://swse.miraheze.org/wiki/WookieeGrip	https swse miraheze org wiki wookieegrip	wiki:Wookiee_Grip	feat	anchor
https://swse.miraheze.org/wiki/Wound	https swse miraheze org wiki wound	wiki:Wound	force-power	anchor
https://swse.miraheze.org/wiki/Wroonian	https swse miraheze org wiki wroonian	wiki:Wroonian	species	anchor
https://swse.miraheze.org/wiki/WroshyrRage	https swse miraheze org wiki wroshyrrage	wiki:Wroshyr_Rage	feat	anchor
https://swse.miraheze.org/wiki/WrruushiTraining	https swse miraheze org wiki wrruushitraining	wiki:Wrruushi_Training	feat	anchor
https://swse.miraheze.org/wiki/Yarkora	https swse miraheze org wiki yarkora	wiki:Yarkora	species	anchor
https://swse.miraheze.org/wiki/Yevetha	https swse miraheze org wiki yevetha	wiki:Yevetha	species	anchor
https://swse.miraheze.org/wiki/YuuzhanVong	https swse miraheze org wiki yuuzhanvong	wiki:Yuuzhan_Vong	species	anchor
https://swse.miraheze.org/wiki/YuuzhanVongBiotechTalentTree	https swse miraheze org wiki yuuzhanvongbiotechtalenttree	wiki:Yuuzhan_Vong_Biotech_Talent_Tree	talent-tree	anchor
https://swse.miraheze.org/wiki/Yuzzem	https swse miraheze org wiki yuzzem	wiki:Yuzzem	species	anchor
https://swse.miraheze.org/wiki/Zabrak	https swse miraheze org wiki zabrak	wiki:Zabrak	species	anchor
https://swse.miraheze.org/wiki/ZeisonShaWarriorTalentTree	https swse miraheze org wiki zeisonshawarriortalenttree	wiki:Zeison_Sha_Warrior_Talent_Tree	talent-tree	anchor
https://swse.miraheze.org/wiki/Zeltron	https swse miraheze org wiki zeltron	wiki:Zeltron	species	anchor
https://swse.miraheze.org/wiki/ZeroRange	https swse miraheze org wiki zerorange	wiki:Zero_Range	feat	anchor
https://swse.miraheze.org/wiki/Zygerrian	https swse miraheze org wiki zygerrian	wiki:Zygerrian	species	anchor
Human	human	species:human	species	title
Human	human	wiki:Human	species	title
Hunker Down	hunker down	talent:hunker_down	talent	title
Hunt the Hunter	hunt the hunter	talent:hunt_the_hunter	talent	title
Hunter's Instincts	hunter's instinct	feat:hunter's_instinct	feat	title
Hunter's Instincts	hunter's instinct	wiki:Hunter's_Instincts	feat	title
Hunter's Mark	hunter's mark	talent:hunter's_mark	talent	title
Hunter's Target	hunter's target	talent:hunter's_target	talent	title
Hutt	hutt	species:hutt	species	title
Hutt	hutt	wiki:Hutt	species	title
Hyperblazer	hyperblazer	feat:hyperblazer	feat	title
Hyperblazer	hyperblazer	wiki:Hyperblazer	feat	title
Hyperdriven	hyperdriven	talent:hyperdriven	talent	title
Hyperspace Explorer Talent Tree	hyperspace explorer talent tree	talent-tree:hyperspace_explorer_talent_tree	talent-tree	title
Hyperspace Explorer Talent Tree	hyperspace explorer talent tree	wiki:Hyperspace_Explorer_Talent_Tree	talent-tree	title
Hyperspace Savant	hyperspace savant	talent:hyperspace_savant	talent	title
Idealist	idealist	talent:idealist	talent	title
Ideologue Talent Tree	ideologue talent tree	talent-tree:ideologue_talent_tree	talent-tree	title
Ideologue Talent Tree	ideologue talent tree	wiki:Ideologue_Talent_Tree	talent-tree	title
Ignite Fervor	ignite fervor	talent:ignite_fervor	talent	title
Ignore Armor	ignore armor	talent:ignore_armor	talent	title
Ignore Damage Reduction	ignore damage reduction	talent:ignore_damage_reduction	talent	title
Iktotchi	iktotchi	species:iktotchi	species	title
Iktotchi	iktotchi	wiki:Iktotchi	species	title
Illicit Dealings	illicit dealing	talent:illicit_dealing	talent	title
Illusion	illusion	talent:illusion	talent	title
Illusion Bond	illusion bond	talent:illusion_bond	talent	title
Imbue Item	imbue item	talent:imbue_item	talent	title
Immerse Another	immerse another	talent:immerse_another	talent	title
Immovable	immovable	talent:immovable	talent	title
Impailing Assault	impailing assault	talent:impailing_assault	talent	title
Impaling Assault	impaling assault	talent:impaling_assault	talent	title
Impart Knowledge	impart knowledge	talent:impart_knowledge	talent	title
Impel Ally I	impel ally i	talent:impel_ally_i	talent	title
Impel Ally II	impel ally ii	talent:impel_ally_ii	talent	title
Impel Ally III	impel ally iii	talent:impel_ally_iii	talent	title
Impenetrable Cover	impenetrable cover	talent:impenetrable_cover	talent	title
Imperceptible Liar	imperceptible liar	feat:imperceptible_liar	feat	title
Imperceptible Liar	imperceptible liar	wiki:Imperceptible_Liar	feat	title
Imperial Inquisitor Talent Tree	imperial inquisitor talent tree	talent-tree:imperial_inquisitor_talent_tree	talent-tree	title
Imperial Inquisitor Talent Tree	imperial inquisitor talent tree	wiki:Imperial_Inquisitor_Talent_Tree	talent-tree	title
Imperial Knight	imperial knight	prestige-class:imperial_knight	prestige-class	title
Imperial Knight	imperial knight	wiki:Imperial_Knight	prestige-class	title
Imperial Military Training	imperial military training	feat:imperial_military_training	feat	title
Imperial Military Training	imperial military training	wiki:Imperial_Military_Training	feat	title
Impersonate	impersonate	feat:impersonate	feat	title
Impersonate	impersonate	wiki:Impersonate	feat	title
Impetuous Move	impetuous move	feat:impetuous_move	feat	title
Impetuous Move	impetuous move	wiki:Impetuous_Move	feat	title
Implants	implant	wiki:Category:Implants	index	slug
Implant Talent Tree	implant talent tree	talent-tree:implant_talent_tree	talent-tree	title
Implant Talent Tree	implant talent tree	wiki:Implant_Talent_Tree	talent-tree	title
Implant Training	implant training	feat:implant_training	feat	title
Implant Training	implant training	wiki:Implant_Training	feat	title
Implants (Category)	implants category	index:implants_category	index	title
Impose Confusion	impose confusion	talent:impose_confusion	talent	title
Impose Hesitation	impose hesitation	talent:impose_hesitation	talent	title
Improved Armor Defense	improved armor defense	talent:improved_armor_defense	talent	title
Improved Armored Defense	improved armored defense	talent:improved_armored_defense	talent	title
Improved Attack Run	improved attack run	talent:improved_attack_run	talent	title
Improved Ballistakinesis	improved ballistakinesis	class-ability:improved_ballistakinesis	class-ability	title
Improved Bantha Rush	improved bantha rush	feat:improved_bantha_rush	feat	title
Improved Bantha Rush	improved bantha rush	wiki:Improved_Bantha_Rush	feat	title
Improved Battle Meditation	improved battle meditation	talent:improved_battle_meditation	talent	title
Improved Battle Strike	improved battle strike	class-ability:improved_battle_strike	class-ability	title
Improved Charge	improved charge	feat:improved_charge	feat	title
Improved Charge	improved charge	wiki:Improved_Charge	feat	title
Improved Cloak	improved cloak	class-ability:improved_cloak	class-ability	title
Improved Concealment	improved concealment	talent:improved_concealment	talent	title
Improved Consular's Vitality	improved consular's vitality	talent:improved_consular's_vitality	talent	title
Improved Convection	improved convection	class-ability:improved_convection	class-ability	title
Improved Crucitorn	improved crucitorn	class-ability:improved_crucitorn	class-ability	title
Improved Cryokinesis	improved cryokinesis	class-ability:improved_cryokinesis	class-ability	title
Improved Damage Threshold	improved damage threshold	feat:improved_damage_threshold	feat	title
Improved Damage Threshold	improved damage threshold	wiki:Improved_Damage_Threshold	feat	title
Improved Dark Healing	improved dark healing	talent:improved_dark_healing	talent	title
Improved Dark Rage	improved dark rage	class-ability:improved_dark_rage	class-ability	title
Improved Dark Transfer	improved dark transfer	class-ability:improved_dark_transfer	class-ability	title
Improved Defenses	improved defense	feat:improved_defense	feat	title
Improved Defenses	improved defense	wiki:Improved_Defenses	feat	title
Improved Detonate	improved detonate	class-ability:improved_detonate	class-ability	title
Improved Disarm	improved disarm	feat:improved_disarm	feat	title
Improved Disarm	improved disarm	wiki:Improved_Disarm	feat	title
Improved Energy Resistance	improved energy resistance	class-ability:improved_energy_resistance	class-ability	title
Improved Enlighten	improved enlighten	class-ability:improved_enlighten	class-ability	title
Improved Fold Space	improved fold space	class-ability:improved_fold_space	class-ability	title
Improved Force Disarm	improved force disarm	class-ability:improved_force_disarm	class-ability	title
Improved Force Grip	improved force grip	class-ability:improved_force_grip	class-ability	title
Improved Force Light	improved force light	class-ability:improved_force_light	class-ability	title
Improved Force Lightning	improved force lightning	class-ability:improved_force_lightning	class-ability	title
Improved Force Shield	improved force shield	class-ability:improved_force_shield	class-ability	title
Improved Force Sight	improved force sight	talent:improved_force_sight	talent	title
Improved Force Slam	improved force slam	class-ability:improved_force_slam	class-ability	title
Improved Force Storm	improved force storm	class-ability:improved_force_storm	class-ability	title
Improved Force Storm (JATM)	improved force storm jatm	class-ability:improved_force_storm_jatm	class-ability	title
Improved Force Stun	improved force stun	class-ability:improved_force_stun	class-ability	title
Improved Force Thrust	improved force thrust	class-ability:improved_force_thrust	class-ability	title
Improved Force Trance	improved force trance	class-ability:improved_force_trance	class-ability	title
Improved Healing Boost	improved healing boost	talent:improved_healing_boost	talent	title
Improved Initiative	improved initiative	talent:improved_initiative	talent	title
Improved Ionize	improved ionize	class-ability:improved_ionize	class-ability	title
Improved Jury-Rig	improved jury rig	talent:improved_jury_rig	talent	title
Improved Kinetic Combat	improved kinetic combat	class-ability:improved_kinetic_combat	class-ability	title
Improved Levitate	improved levitate	class-ability:improved_levitate	class-ability	title
Improved Lightning Burst	improved lightning burst	class-ability:improved_lightning_burst	class-ability	title
Improved Lightsaber Throw	improved lightsaber throw	talent:improved_lightsaber_throw	talent	title
Improved Malacia	improved malacia	class-ability:improved_malacia	class-ability	title
Improved Manipulating Strike	improved manipulating strike	talent:improved_manipulating_strike	talent	title
Improved Mind Trick	improved mind trick	class-ability:improved_mind_trick	class-ability	title
Improved Move Light Object	improved move light object	class-ability:improved_move_light_object	class-ability	title
Improved Obscure	improved obscure	class-ability:improved_obscure	class-ability	title
Improved Opportunistic Trickery	improved opportunistic trickery	feat:improved_opportunistic_trickery	feat	title
Improved Opportunistic Trickery	improved opportunistic trickery	wiki:Improved_Opportunistic_Trickery	feat	title
Improved Phase	improved phase	class-ability:improved_phase	class-ability	title
Improved Plant Surge	improved plant surge	class-ability:improved_plant_surge	class-ability	title
Improved Quick Draw	improved quick draw	talent:improved_quick_draw	talent	title
Improved Quick Draw (Lightsabers)	improved quick draw lightsaber	talent:improved_quick_draw_lightsaber	talent	title
Improved Rapid Strike	improved rapid strike	feat:improved_rapid_strike	feat	title
Improved Rapid Strike	improved rapid strike	wiki:Improved_Rapid_Strike	feat	title
Improved Rebuke	improved rebuke	class-ability:improved_rebuke	class-ability	title
Improved Redirect	improved redirect	talent:improved_redirect	talent	title
Improved Rend	improved rend	class-ability:improved_rend	class-ability	title
Improved Repulse	improved repulse	class-ability:improved_repulse	class-ability	title
Improved Resist Force	improved resist force	class-ability:improved_resist_force	class-ability	title
Improved Riposte	improved riposte	talent:improved_riposte	talent	title
Improved Sense Force	improved sense force	class-ability:improved_sense_force	class-ability	title
Improved Sense Surroundings	improved sense surrounding	class-ability:improved_sense_surrounding	class-ability	title
Improved Sentinel Strike	improved sentinel strike	talent:improved_sentinel_strike	talent	title
Improved Sentinel's Gambit	improved sentinel's gambit	talent:improved_sentinel's_gambit	talent	title
Improved Shatterpoint	improved shatterpoint	class-ability:improved_shatterpoint	class-ability	title
Improved Skirmisher	improved skirmisher	talent:improved_skirmisher	talent	title
Improved Sleight of Hand	improved sleight of hand	feat:improved_sleight_of_hand	feat	title
Improved Sleight of Hand	improved sleight of hand	wiki:Improved_Sleight_of_Hand	feat	title
Improved Sneak Attack	improved sneak attack	talent:improved_sneak_attack	talent	title
Improved Soft Cover	improved soft cover	talent:improved_soft_cover	talent	title
Improved Stagger	improved stagger	class-ability:improved_stagger	class-ability	title
Improved Stealth	improved stealth	talent:improved_stealth	talent	title
Improved Stunning Strike	improved stunning strike	talent:improved_stunning_strike	talent	title
Improved Suppression Fire	improved suppression fire	talent:improved_suppression_fire	talent	title
Improved Surveillance	improved surveillance	talent:improved_surveillance	talent	title
Improved Technometry	improved technometry	class-ability:improved_technometry	class-ability	title
Improved Telepathy	improved telepathy	class-ability:improved_telepathy	class-ability	title
Improved Thought Bomb	improved thought bomb	class-ability:improved_thought_bomb	class-ability	title
Improved Trajectory	improved trajectory	talent:improved_trajectory	talent	title
Improved Valor	improved valor	class-ability:improved_valor	class-ability	title
Improved Vital Transfer	improved vital transfer	class-ability:improved_vital_transfer	class-ability	title
Improved Weaken Resolve	improved weaken resolve	talent:improved_weaken_resolve	talent	title
Improvised Device	improvised device	talent:improvised_device	talent	title
Improvised Weapon Expertise	improvised weapon expertise	talent:improvised_weapon_expertise	talent	title
Improvised Weapon Master	improvised weapon master	talent:improvised_weapon_master	talent	title
Improvised Weapon Mastery	improvised weapon mastery	feat:improvised_weapon_mastery	feat	title
Improvised Weapon Mastery	improvised weapon mastery	wiki:Improvised_Weapon_Mastery	feat	title
Improviser	improviser	prestige-class:improviser	prestige-class	title
Improviser	improviser	wiki:Improviser	prestige-class	title
Improviser Talent Tree	improviser talent tree	talent-tree:improviser_talent_tree	talent-tree	title
Improviser Talent Tree	improviser talent tree	wiki:Improviser_Talent_Tree	talent-tree	title
Impulsive Flight	impulsive flight	feat:impulsive_flight	feat	title
Impulsive Flight	impulsive flight	wiki:Impulsive_Flight	feat	title
Inborn Resilience	inborn resilience	feat:inborn_resilience	feat	title
Inborn Resilience	inborn resilience	wiki:Inborn_Resilience	feat	title
Incite Rage	incite rage	talent:incite_rage	talent	title
Incognito	incognito	talent:incognito	talent	title
Increased Agility	increased agility	feat:increased_agility	feat	title
Increased Agility	increased agility	wiki:Increased_Agility	feat	title
Increased Resistance	increased resistance	feat:increased_resistance	feat	title
Increased Resistance	increased resistance	wiki:Increased_Resistance	feat	title
Independent Droid	independent droid	prestige-class:independent_droid	prestige-class	title
Independent Droid	independent droid	wiki:Independent_Droid	prestige-class	title
Indomitable	indomitable	talent:indomitable	talent	title
Indomitable Personality	indomitable personality	feat:indomitable_personality	feat	title
Indomitable Personality	indomitable personality	wiki:Indomitable_Personality	feat	title
Indomitable Will	indomitable will	talent:indomitable_will	talent	title
Inertia	inertia	force-power:inertia	force-power	title
Inertia	inertia	wiki:Inertia	force-power	title
Infamy Talent Tree	infamy talent tree	talent-tree:infamy_talent_tree	talent-tree	title
Infamy Talent Tree	infamy talent tree	wiki:Infamy_Talent_Tree	talent-tree	title
Infiltration Talent Tree	infiltration talent tree	talent-tree:infiltration_talent_tree	talent-tree	title
Infiltration Talent Tree	infiltration talent tree	wiki:Infiltration_Talent_Tree	talent-tree	title
Infiltrator	infiltrator	prestige-class:infiltrator	prestige-class	title
Infiltrator	infiltrator	wiki:Infiltrator	prestige-class	title
Influence Savant	influence savant	talent:influence_savant	talent	title
Influence Talent Tree	influence talent tree	talent-tree:influence_talent_tree	talent-tree	title
Influence Talent Tree	influence talent tree	wiki:Influence_Talent_Tree	talent-tree	title
Influential Friends	influential friend	talent:influential_friend	talent	title
Informer	informer	feat:informer	feat	title
Informer	informer	wiki:Informer	feat	title
Infuse Weapon	infuse weapon	talent:infuse_weapon	talent	title
Initiate of Vahl	initiate of vahl	talent:initiate_of_vahl	talent	title
Initiative	initiative	wiki:Initiative	skill	slug
Initiative (Dex)	initiative dex	skill:initiative_dex	skill	title
Initiative (Dex)	initiative dex	wiki:Initiative	skill	title
Innocuous	innocuous	talent:innocuous	talent	title
Inquisition	inquisition	talent:inquisition	talent	title
The Inquisitorius	inquisitorius	affiliation:inquisitorius	affiliation	title
The Inquisitorius	inquisitorius	wiki:The_Inquisitorius	affiliation	title
Insight of the Force	insight of the force	talent:insight_of_the_force	talent	title
Insightful Aim	insightful aim	talent:insightful_aim	talent	title
Inspiration	inspiration	wiki:Inspiration_Talent_Tree	talent-tree	anchor
Inspiration Talent Tree	inspiration talent tree	talent-tree:inspiration_talent_tree	talent-tree	title
Inspiration Talent Tree	inspiration talent tree	wiki:Inspiration_Talent_Tree	talent-tree	title
Inspire	inspire	force-power:inspire	force-power	title
Inspire	inspire	wiki:Inspire	force-power	title
Inspire Competence	inspire competence	talent:inspire_competence	talent	title
Inspire Confidence	inspire confidence	talent:inspire_confidence	talent	title
Inspire Fear I	inspire fear i	talent:inspire_fear_i	talent	title
Inspire Fear II	inspire fear ii	talent:inspire_fear_ii	talent	title
Inspire Fear III	inspire fear iii	talent:inspire_fear_iii	talent	title
Inspire Haste	inspire haste	talent:inspire_haste	talent	title
Inspire Loyalty	inspire loyalty	talent:inspire_loyalty	talent	title
Inspire Wrath	inspire wrath	talent:inspire_wrath	talent	title
Inspire Zeal	inspire zeal	talent:inspire_zeal	talent	title
Instinctive Attack	instinctive attack	feat:instinctive_attack	feat	title
Instinctive Attack	instinctive attack	wiki:Instinctive_Attack	feat	title
Instinctive Defense	instinctive defense	feat:instinctive_defense	feat	title
Instinctive Defense	instinctive defense	wiki:Instinctive_Defense	feat	title
Instinctive Navigation	instinctive navigation	talent:instinctive_navigation	talent	title
Instinctive Perception	instinctive perception	feat:instinctive_perception	feat	title
Instinctive Perception	instinctive perception	wiki:Instinctive_Perception	feat	title
Instruction	instruction	talent:instruction	talent	title
Intelligence	intelligence	wiki:Abilities	rule	redirect
Intentional Crash	intentional crash	talent:intentional_crash	talent	title
Intercept	intercept	force-power:intercept	force-power	title
Intercept	intercept	wiki:Intercept	force-power	title
Interrogator	interrogator	talent:interrogator	talent	title
Intimate Knowledge	intimate knowledge	talent:intimate_knowledge	talent	title
Intimidate	intimidate	wiki:Persuasion	skill	redirect
Intimidating Defense	intimidating defense	talent:intimidating_defense	talent	title
Intimidation	intimidation	wiki:Persuasion	skill	redirect
Intimidator	intimidator	feat:intimidator	feat	title
Intimidator	intimidator	wiki:Intimidator	feat	title
Introduction	introduction	rule:introduction	rule	title
Introduction	introduction	wiki:Introduction	rule	title
Invisible Attacker	invisible attacker	talent:invisible_attacker	talent	title
Ion	ion	wiki:Ion_Damage	rule	redirect
Ion Damage	ion damage	rule:ion_damage	rule	title
Ion Damage	ion damage	wiki:Ion_Damage	rule	title
Ion Mastery	ion mastery	talent:ion_mastery	talent	title
Ion Resistance	ion resistance	talent:ion_resistance	talent	title
Ion Resistance 10	ion resistance 10	talent:ion_resistance_10	talent	title
Ion Shielding	ion shielding	feat:ion_shielding	feat	title
Ion Shielding	ion shielding	wiki:Ion_Shielding	feat	title
Ion Turret	ion turret	talent:ion_turret	talent	title
Ionize	ionize	force-power:ionize	force-power	title
Ionize	ionize	wiki:Ionize	force-power	title
The Iron Knights	iron knight	affiliation:iron_knight	affiliation	title
The Iron Knights	iron knight	wiki:The_Iron_Knights	affiliation	title
Iron Knight Talent Tree	iron knight talent tree	talent-tree:iron_knight_talent_tree	talent-tree	title
Iron Knight Talent Tree	iron knight talent tree	wiki:Iron_Knight_Talent_Tree	talent-tree	title
Irregular Tactics	irregular tactic	talent:irregular_tactic	talent	title
Ishi Tib	ishi tib	species:ishi_tib	species	title
Ishi Tib	ishi tib	wiki:Ishi_Tib	species	title
It's a Trap!	it's a trap	talent:it's_a_trap	talent	title
Ithorian	ithorian	species:ithorian	species	title
Ithorian	ithorian	wiki:Ithorian	species	title
The Jal Shey	jal shey	affiliation:jal_shey	affiliation	title
The Jal Shey	jal shey	wiki:The_Jal_Shey	affiliation	title
Jal Shey Talent Tree	jal shey talent tree	talent-tree:jal_shey_talent_tree	talent-tree	title
Jal Shey Talent Tree	jal shey talent tree	wiki:Jal_Shey_Talent_Tree	talent-tree	title
Jar'Kai	jar'kai	talent:jar'kai	talent	title
Jar'Kai	jar'kai	wiki:Lightsaber_Forms_Talent_Tree	talent-tree	redirect
Jawa	jawa	species:jawa	species	title
Jawa	jawa	wiki:Jawa	species	title
The Jedi	jedi	affiliation:jedi	affiliation	title
Jedi	jedi	heroic-class:jedi	heroic-class	title
Jedi	jedi	wiki:Jedi	heroic-class	title
The Jedi	jedi	wiki:The_Jedi	affiliation	title
Jedi Academy Training Manual	jedi academy training manual	wiki:Category:Jedi_Academy_Training_Manual	compilation	slug
Jedi Academy Training Manual (Compilation)	jedi academy training manual compilation	compilation:jedi_academy_training_manual_compilation	compilation	title
Jedi Archivist Talent Tree	jedi archivist talent tree	talent-tree:jedi_archivist_talent_tree	talent-tree	title
Jedi Archivist Talent Tree	jedi archivist talent tree	wiki:Jedi_Archivist_Talent_Tree	talent-tree	title
Jedi Artisan Talent Tree	jedi artisan talent tree	talent-tree:jedi_artisan_talent_tree	talent-tree	title
Jedi Artisan Talent Tree	jedi artisan talent tree	wiki:Jedi_Artisan_Talent_Tree	talent-tree	title
Jedi Battle Commander	jedi battle commander	talent:jedi_battle_commander	talent	title
Jedi Battlemaster Talent Tree	jedi battlemaster talent tree	talent-tree:jedi_battlemaster_talent_tree	talent-tree	title
Jedi Battlemaster Talent Tree	jedi battlemaster talent tree	wiki:Jedi_Battlemaster_Talent_Tree	talent-tree	title
Jedi Bonus Feats	jedi bonus feat	feat:jedi_bonus_feat	feat	title
Jedi Bonus Feats	jedi bonus feat	wiki:Jedi_Bonus_Feats	feat	title
Jedi Consular	jedi consular	wiki:Jedi_Consular_Talent_Tree	talent-tree	anchor
Jedi Consular Talent Tree	jedi consular talent tree	talent-tree:jedi_consular_talent_tree	talent-tree	title
Jedi Consular Talent Tree	jedi consular talent tree	wiki:Jedi_Consular_Talent_Tree	talent-tree	title
Jedi Familiarity	jedi familiarity	feat:jedi_familiarity	feat	title
Jedi Familiarity	jedi familiarity	wiki:Jedi_Familiarity	feat	title
Jedi Guardian	jedi guardian	wiki:Jedi_Guardian_Talent_Tree	talent-tree	anchor
Jedi Guardian Talent Tree	jedi guardian talent tree	talent-tree:jedi_guardian_talent_tree	talent-tree	title
Jedi Guardian Talent Tree	jedi guardian talent tree	wiki:Jedi_Guardian_Talent_Tree	talent-tree	title
Jedi Healer Talent Tree	jedi healer talent tree	talent-tree:jedi_healer_talent_tree	talent-tree	title
Jedi Healer Talent Tree	jedi healer talent tree	wiki:Jedi_Healer_Talent_Tree	talent-tree	title
Jedi Heritage	jedi heritage	feat:jedi_heritage	feat	title
Jedi Heritage	jedi heritage	wiki:Jedi_Heritage	feat	title
Jedi Hunter	jedi hunter	talent:jedi_hunter	talent	title
Jedi Instructor Talent Tree	jedi instructor talent tree	talent-tree:jedi_instructor_talent_tree	talent-tree	title
Jedi Instructor Talent Tree	jedi instructor talent tree	wiki:Jedi_Instructor_Talent_Tree	talent-tree	title
Jedi Investigator Talent Tree	jedi investigator talent tree	talent-tree:jedi_investigator_talent_tree	talent-tree	title
Jedi Investigator Talent Tree	jedi investigator talent tree	wiki:Jedi_Investigator_Talent_Tree	talent-tree	title
Jedi Knight	jedi knight	prestige-class:jedi_knight	prestige-class	title
Jedi Knight	jedi knight	wiki:Jedi_Knight	prestige-class	title
Jedi Master	jedi master	prestige-class:jedi_master	prestige-class	title
Jedi Master	jedi master	wiki:Jedi_Master	prestige-class	title
Jedi Network	jedi network	talent:jedi_network	talent	title
The Jedi Order	jedi order	wiki:The_Jedi	affiliation	redirect
Jedi Quarry	jedi quarry	talent:jedi_quarry	talent	title
Jedi Refugee Talent Tree	jedi refugee talent tree	talent-tree:jedi_refugee_talent_tree	talent-tree	title
Jedi Refugee Talent Tree	jedi refugee talent tree	wiki:Jedi_Refugee_Talent_Tree	talent-tree	title
Jedi Sentinel	jedi sentinel	wiki:Jedi_Sentinel_Talent_Tree	talent-tree	anchor
Jedi Sentinel Talent Tree	jedi sentinel talent tree	talent-tree:jedi_sentinel_talent_tree	talent-tree	title
Jedi Sentinel Talent Tree	jedi sentinel talent tree	wiki:Jedi_Sentinel_Talent_Tree	talent-tree	title
Jedi Shadow Talent Tree	jedi shadow talent tree	talent-tree:jedi_shadow_talent_tree	talent-tree	title
Jedi Shadow Talent Tree	jedi shadow talent tree	wiki:Jedi_Shadow_Talent_Tree	talent-tree	title
Jedi Treatment	jedi treatment	talent:jedi_treatment	talent	title
Jedi Watchman Talent Tree	jedi watchman talent tree	talent-tree:jedi_watchman_talent_tree	talent-tree	title
Jedi Watchman Talent Tree	jedi watchman talent tree	wiki:Jedi_Watchman_Talent_Tree	talent-tree	title
Jedi Weapon Master Talent Tree	jedi weapon master talent tree	talent-tree:jedi_weapon_master_talent_tree	talent-tree	title
Jedi Weapon Master Talent Tree	jedi weapon master talent tree	wiki:Jedi_Weapon_Master_Talent_Tree	talent-tree	title
The Jensaarai	jensaarai	affiliation:jensaarai	affiliation	title
The Jensaarai	jensaarai	wiki:The_Jensaarai	affiliation	title
Jensaarai Defender Talent Tree	jensaarai defender talent tree	talent-tree:jensaarai_defender_talent_tree	talent-tree	title
Jensaarai Defender Talent Tree	jensaarai defender talent tree	wiki:Jensaarai_Defender_Talent_Tree	talent-tree	title
Jet Pack	jet pack	equipment:jet_pack	equipment	title
Jet Pack	jet pack	wiki:Jet_Pack	equipment	title
Jet Pack Training	jet pack training	talent:jet_pack_training	talent	title
Jet Pack Withdraw	jet pack withdraw	talent:jet_pack_withdraw	talent	title
Juggernaut	juggernaut	talent:juggernaut	talent	title
Juke	juke	talent:juke	talent	title
Jump	jump	wiki:Jump	skill	slug
Jump (Str)	jump str	skill:jump_str	skill	title
Jump (Str)	jump str	wiki:Jump	skill	title
Jury-Rigger	jury rigger	talent:jury_rigger	talent	title
Just a Droid	just a droid	talent:just_a_droid	talent	title
Just a Scratch	just a scratch	talent:just_a_scratch	talent	title
Just What is Needed	just what is needed	talent:just_what_is_needed	talent	title
Justice Seeker	justice seeker	feat:justice_seeker	feat	title
Justice Seeker	justice seeker	wiki:Justice_Seeker	feat	title
Juyo	juyo	talent:juyo	talent	title
Juyo	juyo	wiki:Lightsaber_Forms_Talent_Tree	talent-tree	redirect
K'tara Expertise	k'tara expertise	talent:k'tara_expertise	talent	title
K'tara Training	k'tara training	feat:k'tara_training	feat	title
K'tara Training	k'tara training	wiki:K'tara_Training	feat	title
K'thri Expertise	k'thri expertise	talent:k'thri_expertise	talent	title
K'thri Training	k'thri training	feat:k'thri_training	feat	title
K'thri Training	k'thri training	wiki:K'thri_Training	feat	title
Kaleesh	kaleesh	species:kaleesh	species	title
Kaleesh	kaleesh	wiki:Kaleesh	species	title
Kaminoan	kaminoan	species:kaminoan	species	title
Kaminoan	kaminoan	wiki:Kaminoan	species	title
Keen Scent	keen scent	feat:keen_scent	feat	title
Keen Scent	keen scent	wiki:Keen_Scent	feat	title
Keen Shot	keen shot	talent:keen_shot	talent	title
Keep It Going	keep it going	talent:keep_it_going	talent	title
Keep it Together	keep it together	talent:keep_it_together	talent	title
Keep Them at Bay	keep them at bay	talent:keep_them_at_bay	talent	title
Keep Them Honest	keep them honest	talent:keep_them_honest	talent	title
Keep Them Moving	keep them moving	talent:keep_them_moving	talent	title
Keep Them Reeling	keep them reeling	talent:keep_them_reeling	talent	title
The Keetael	keetael	affiliation:keetael	affiliation	title
The Keetael	keetael	wiki:The_Keetael	affiliation	title
Keetael Talent Tree	keetael talent tree	talent-tree:keetael_talent_tree	talent-tree	title
Keetael Talent Tree	keetael talent tree	wiki:Keetael_Talent_Tree	talent-tree	title
Kel Dor	kel dor	species:kel_dor	species	title
Kel Dor	kel dor	wiki:Kel_Dor	species	title
Kerkoiden	kerkoiden	species:kerkoiden	species	title
Kerkoiden	kerkoiden	wiki:Kerkoiden	species	title
Khil	khil	species:khil	species	title
Khil	khil	wiki:Khil	species	title
The Kilian Rangers	kilian ranger	affiliation:kilian_ranger	affiliation	title
The Kilian Rangers	kilian ranger	wiki:The_Kilian_Rangers	affiliation	title
Kilian Ranger Talent Tree	kilian ranger talent tree	talent-tree:kilian_ranger_talent_tree	talent-tree	title
Kilian Ranger Talent Tree	kilian ranger talent tree	wiki:Kilian_Ranger_Talent_Tree	talent-tree	title
Killik	killik	species:killik	species	title
Killik	killik	wiki:Killik	species	title
Kinetic Combat	kinetic combat	force-power:kinetic_combat	force-power	title
Kinetic Combat	kinetic combat	wiki:Kinetic_Combat	force-power	title
Kissai	kissai	species:kissai	species	title
Kissai	kissai	wiki:Kissai	species	title
Klatooinian	klatooinian	species:klatooinian	species	title
Klatooinian	klatooinian	wiki:Klatooinian	species	title
Knack	knack	talent:knack	talent	title
Knife Trick	knife trick	feat:knife_trick	feat	title
Knife Trick	knife trick	wiki:Knife_Trick	feat	title
Knight Armor Mastery	knight armor mastery	talent:knight_armor_mastery	talent	title
Knight's Armor Talent Tree	knight's armor talent tree	talent-tree:knight's_armor_talent_tree	talent-tree	title
Knight's Armor Talent Tree	knight's armor talent tree	wiki:Knight's_Armor_Talent_Tree	talent-tree	title
Knight's Morale	knight's morale	talent:knight's_morale	talent	title
Knight's Resolve Talent Tree	knight's resolve talent tree	talent-tree:knight's_resolve_talent_tree	talent-tree	title
Knight's Resolve Talent Tree	knight's resolve talent tree	wiki:Knight's_Resolve_Talent_Tree	talent-tree	title
Knights of the Old Republic Campaign Guide	knights of the old republic campaign guide	wiki:Category:Knights_of_the_Old_Republic_Campaign_Guide	compilation	slug
Knights of the Old Republic Campaign Guide (Compilation)	knights of the old republic campaign guide compilation	compilation:knights_of_the_old_republic_campaign_guide_compilation	compilation	title
Knock Heads	knock head	feat:knock_head	feat	title
Knock Heads	knock head	wiki:Knock_Heads	feat	title
Knockback	knockback	talent:knockback	talent	title
Knockdown Shot	knockdown shot	talent:knockdown_shot	talent	title
Know Weakness	know weakness	talent:know_weakness	talent	title
Know Your Enemy	know your enemy	talent:know_your_enemy	talent	title
Knowledge	knowledge	wiki:Knowledge	skill	slug
Knowledge and Defense	knowledge and defense	talent:knowledge_and_defense	talent	title
Knowledge (Bureaucracy)	knowledge bureaucracy	wiki:Knowledge	skill	redirect
Knowledge (Galactic Lore)	knowledge galactic lore	wiki:Knowledge	skill	redirect
Knowledge (Int)	knowledge int	skill:knowledge_int	skill	title
Knowledge (Int)	knowledge int	wiki:Knowledge	skill	title
Knowledge is Life	knowledge is life	talent:knowledge_is_life	talent	title
Knowledge is Power	knowledge is power	talent:knowledge_is_power	talent	title
Knowledge is Strength	knowledge is strength	talent:knowledge_is_strength	talent	title
Knowledge (Life Sciences)	knowledge life science	wiki:Knowledge	skill	redirect
Knowledge of the Force	knowledge of the force	talent:knowledge_of_the_force	talent	title
Known Dissident	known dissident	talent:known_dissident	talent	title
Known Vulnerability	known vulnerability	talent:known_vulnerability	talent	title
The Korunnai	korunnai	affiliation:korunnai	affiliation	title
The Korunnai	korunnai	wiki:The_Korunnai	affiliation	title
Korunnai Adept Talent Tree	korunnai adept talent tree	talent-tree:korunnai_adept_talent_tree	talent-tree	title
Korunnai Adept Talent Tree	korunnai adept talent tree	wiki:Korunnai_Adept_Talent_Tree	talent-tree	title
The Krath	krath	affiliation:krath	affiliation	title
The Krath	krath	wiki:The_Krath	affiliation	title
Krath Illusions	krath illusion	talent:krath_illusion	talent	title
Krath Intuition	krath intuition	talent:krath_intuition	talent	title
Krath Surge	krath surge	talent:krath_surge	talent	title
Krath Talent Tree	krath talent tree	talent-tree:krath_talent_tree	talent-tree	title
Krath Talent Tree	krath talent tree	wiki:Krath_Talent_Tree	talent-tree	title
Krevaaki	krevaaki	species:krevaaki	species	title
Krevaaki	krevaaki	wiki:Krevaaki	species	title
Labrynthine Mind	labrynthine mind	talent:labrynthine_mind	talent	title
Labyrinthine Mind	labyrinthine mind	talent:labyrinthine_mind	talent	title
Languages	language	rule:language	rule	title
Languages	language	wiki:Languages	rule	title
Language Absorption	language absorption	class-ability:language_absorption	class-ability	title
Lasting Influence	lasting influence	feat:lasting_influence	feat	title
Lasting Influence	lasting influence	wiki:Lasting_Influence	feat	title
Launch Point	launch point	talent:launch_point	talent	title
Lead by Example	lead by example	talent:lead_by_example	talent	title
Lead by Ideologue	lead by ideologue	talent:lead_by_ideologue	talent	title
Lead From the Front	lead from the front	talent:lead_from_the_front	talent	title
Leader of Droids	leader of droid	feat:leader_of_droid	feat	title
Leader of Droids	leader of droid	wiki:Leader_of_Droids	feat	title
Leadership	leadership	wiki:Leadership_Talent_Tree	talent-tree	anchor
Leadership Talent Tree	leadership talent tree	talent-tree:leadership_talent_tree	talent-tree	title
Leadership Talent Tree	leadership talent tree	wiki:Leadership_Talent_Tree	talent-tree	title
Leading Feint	leading feint	talent:leading_feint	talent	title
Leading Skill	leading skill	talent:leading_skill	talent	title
Learn from Mistakes	learn from mistake	talent:learn_from_mistake	talent	title
The Legacy Era	legacy era	wiki:Category:The_Legacy_Era	index	slug
Legacy Era Campaign Guide	legacy era campaign guide	wiki:Category:Legacy_Era_Campaign_Guide	compilation	slug
Legacy Era Campaign Guide (Compilation)	legacy era campaign guide compilation	compilation:legacy_era_campaign_guide_compilation	compilation	title
The Legacy Era (Category)	legacy era category	index:legacy_era_category	index	title
Legendary Commander	legendary commander	talent:legendary_commander	talent	title
Level Benefits	level benefit	rule:level_benefit	rule	title
Level Benefits	level benefit	wiki:Level_Benefits	rule	title
Levitate	levitate	force-power:levitate	force-power	title
Levitate	levitate	wiki:Levitate	force-power	title
Liberate	liberate	talent:liberate	talent	title
Lifesaver	lifesaver	talent:lifesaver	talent	title
Light Armor	light armor	rule:light_armor	rule	title
Light Armor	light armor	wiki:Light_Armor	rule	title
Light Melee Weapons	light melee weapon	wiki:Category:Weapons	index	redirect
Light Side Talent Tree	light side talent tree	talent-tree:light_side_talent_tree	talent-tree	title
Light Side Talent Tree	light side talent tree	wiki:Light_Side_Talent_Tree	talent-tree	title
Lightning Burst	lightning burst	force-power:lightning_burst	force-power	title
Lightning Burst	lightning burst	wiki:Lightning_Burst	force-power	title
Lightning Draw	lightning draw	feat:lightning_draw	feat	title
Lightning Draw	lightning draw	wiki:Lightning_Draw	feat	title
Lightsabers	lightsaber	weapon-group:lightsaber	weapon-group	title
Lightsaber	lightsaber	weapon:lightsaber	weapon	title
Lightsaber	lightsaber	wiki:Lightsaber	weapon	title
Lightsabers	lightsaber	wiki:Lightsabers	weapon-group	title
Lightsaber Combat	lightsaber combat	wiki:Lightsaber_Combat_Talent_Tree	talent-tree	anchor
Lightsaber Combat Talent Tree	lightsaber combat talent tree	talent-tree:lightsaber_combat_talent_tree	talent-tree	title
Lightsaber Combat Talent Tree	lightsaber combat talent tree	wiki:Lightsaber_Combat_Talent_Tree	talent-tree	title
Lightsaber Defense	lightsaber defense	talent:lightsaber_defense	talent	title
Lightsaber Evasion	lightsaber evasion	talent:lightsaber_evasion	talent	title
Lightsaber Forms	lightsaber form	wiki:Lightsaber_Forms_Talent_Tree	talent-tree	anchor
Lightsaber Form Savant	lightsaber form savant	talent:lightsaber_form_savant	talent	title
Lightsaber Form Talent	lightsaber form talent	wiki:Lightsaber_Forms_Talent_Tree	talent-tree	anchor
Lightsaber Forms Talent Tree	lightsaber forms talent tree	talent-tree:lightsaber_forms_talent_tree	talent-tree	title
Lightsaber Forms Talent Tree	lightsaber forms talent tree	wiki:Lightsaber_Forms_Talent_Tree	talent-tree	title
Lightsaber Specialist	lightsaber specialist	talent:lightsaber_specialist	talent	title
Lightsaber Throw	lightsaber throw	talent:lightsaber_throw	talent	title
Line of Sight	line of sight	rule:line_of_sight	rule	title
Line of Sight	line of sight	wiki:Line_of_Sight	rule	title
Lineage Talent Tree	lineage talent tree	talent-tree:lineage_talent_tree	talent-tree	title
Lineage Talent Tree	lineage talent tree	wiki:Lineage_Talent_Tree	talent-tree	title
Lingering Debilitation	lingering debilitation	talent:lingering_debilitation	talent	title
Linguist	linguist	feat:linguist	feat	title
Linguist	linguist	wiki:Linguist	feat	title
Link	link	talent:link	talent	title
Linked Defense	linked defense	talent:linked_defense	talent	title
Linked Power	linked power	class-ability:linked_power	class-ability	title
Load Launcher	load launcher	talent:load_launcher	talent	title
Lockdown Strike	lockdown strike	talent:lockdown_strike	talent	title
Logic Upgrade: Self-Defense	logic upgrade self defense	feat:logic_upgrade_self_defense	feat	title
Logic Upgrade: Self-Defense	logic upgrade self defense	wiki:Logic_Upgrade:_Self-Defense	feat	title
Logic Upgrade: Skill Swap	logic upgrade skill swap	feat:logic_upgrade_skill_swap	feat	title
Logic Upgrade: Skill Swap	logic upgrade skill swap	wiki:Logic_Upgrade:_Skill_Swap	feat	title
Logic Upgrade: Tactician	logic upgrade tactician	feat:logic_upgrade_tactician	feat	title
Logic Upgrade: Tactician	logic upgrade tactician	wiki:Logic_Upgrade:_Tactician	feat	title
Long Haft Strike	long haft strike	feat:long_haft_strike	feat	title
Long Haft Strike	long haft strike	wiki:Long_Haft_Strike	feat	title
Long Stride	long stride	talent:long_stride	talent	title
Lose Pursuit	lose pursuit	talent:lose_pursuit	talent	title
Loyal Protector Talent Tree	loyal protector talent tree	talent-tree:loyal_protector_talent_tree	talent-tree	title
Loyal Protector Talent Tree	loyal protector talent tree	wiki:Loyal_Protector_Talent_Tree	talent-tree	title
Luck Favors the Bold	luck favors the bold	talent:luck_favors_the_bold	talent	title
Lucky Shot	lucky shot	talent:lucky_shot	talent	title
Lucky Stop	lucky stop	talent:lucky_stop	talent	title
Lugubraa	lugubraa	species:lugubraa	species	title
Lugubraa	lugubraa	wiki:Lugubraa	species	title
The Luka Sene	luka sene	affiliation:luka_sene	affiliation	title
The Luka Sene	luka sene	wiki:The_Luka_Sene	affiliation	title
Luka Sene Master	luka sene master	talent:luka_sene_master	talent	title
Luka Sene Talent Tree	luka sene talent tree	talent-tree:luka_sene_talent_tree	talent-tree	title
Luka Sene Talent Tree	luka sene talent tree	wiki:Luka_Sene_Talent_Tree	talent-tree	title
Lure Closer	lure closer	talent:lure_closer	talent	title
Lurmen	lurmen	species:lurmen	species	title
Lurmen	lurmen	wiki:Lurmen	species	title
Maintain Focus	maintain focus	talent:maintain_focus	talent	title
Makashi	makashi	talent:makashi	talent	title
Makashi	makashi	wiki:Lightsaber_Forms_Talent_Tree	talent-tree	redirect
Makashi Riposte	makashi riposte	force-power:makashi_riposte	force-power	title
Makashi Riposte	makashi riposte	wiki:Makashi_Riposte	force-power	title
Make a Break for It	make a break for it	talent:make_a_break_for_it	talent	title
Make an Example	make an example	talent:make_an_example	talent	title
Make Do	make do	talent:make_do	talent	title
Malacia	malacia	force-power:malacia	force-power	title
Malacia	malacia	wiki:Malacia	force-power	title
Malkite Poisoner Talent Tree	malkite poisoner talent tree	talent-tree:malkite_poisoner_talent_tree	talent-tree	title
Malkite Poisoner Talent Tree	malkite poisoner talent tree	wiki:Malkite_Poisoner_Talent_Tree	talent-tree	title
Malkite Techniques	malkite technique	talent:malkite_technique	talent	title
Man Down	man down	talent:man_down	talent	title
The Mandalorians	mandalorian	affiliation:mandalorian	affiliation	title
The Mandalorians	mandalorian	wiki:The_Mandalorians	affiliation	title
Mandalorian Advance	mandalorian advance	talent:mandalorian_advance	talent	title
Mandalorian Ferocity	mandalorian ferocity	talent:mandalorian_ferocity	talent	title
Mandalorian Glory	mandalorian glory	talent:mandalorian_glory	talent	title
Mandalorian Martial Arts Mastery	mandalorian martial arts mastery	talent:mandalorian_martial_arts_mastery	talent	title
Mandalorian Training	mandalorian training	feat:mandalorian_training	feat	title
Mandalorian Training	mandalorian training	wiki:Mandalorian_Training	feat	title
Mandalorian Warrior Talent Tree	mandalorian warrior talent tree	talent-tree:mandalorian_warrior_talent_tree	talent-tree	title
Mandalorian Warrior Talent Tree	mandalorian warrior talent tree	wiki:Mandalorian_Warrior_Talent_Tree	talent-tree	title
Maniacal Charge	maniacal charge	feat:maniacal_charge	feat	title
Maniacal Charge	maniacal charge	wiki:Maniacal_Charge	feat	title
Manifest Guardian Spirit	manifest guardian spirit	talent:manifest_guardian_spirit	talent	title
Manipulating Strike	manipulating strike	talent:manipulating_strike	talent	title
Mantellian Savrip	mantellian savrip	species:mantellian_savrip	species	title
Mantellian Savrip	mantellian savrip	wiki:Mantellian_Savrip	species	title
Many Shades of the Force	many shades of the force	talent:many_shades_of_the_force	talent	title
Mark the Target	mark the target	talent:mark_the_target	talent	title
Martial Arts Feats	martial arts feat	feat:martial_arts_feat	feat	title
Martial Arts Forms Talent Tree	martial arts forms talent tree	talent-tree:martial_arts_forms_talent_tree	talent-tree	title
Martial Arts Forms Talent Tree	martial arts forms talent tree	wiki:Martial_Arts_Forms_Talent_Tree	talent-tree	title
Martial Arts I	martial arts i	feat:martial_arts_i	feat	title
Martial Arts I	martial arts i	wiki:Martial_Arts_I	feat	title
Martial Arts II	martial arts ii	feat:martial_arts_ii	feat	title
Martial Arts II	martial arts ii	wiki:Martial_Arts_II	feat	title
Martial Arts III	martial arts iii	feat:martial_arts_iii	feat	title
Martial Arts III	martial arts iii	wiki:Martial_Arts_III	feat	title
Martial Arts Master	martial arts master	prestige-class:martial_arts_master	prestige-class	title
Martial Arts Master	martial arts master	wiki:Martial_Arts_Master	prestige-class	title
Martial Resurgence	martial resurgence	talent:martial_resurgence	talent	title
Mask Presence	mask presence	talent:mask_presence	talent	title
Masquerade	masquerade	talent:masquerade	talent	title
Massassi	massassi	species:massassi	species	title
Massassi	massassi	wiki:Massassi	species	title
Master Advisor	master advisor	talent:master_advisor	talent	title
Master Manipulations	master manipulation	talent:master_manipulation	talent	title
Master Manipulator	master manipulator	talent:master_manipulator	talent	title
Master Mender	master mender	talent:master_mender	talent	title
Master Negotiator	master negotiator	talent:master_negotiator	talent	title
Master of Disguise	master of disguise	feat:master_of_disguise	feat	title
Master of Disguise	master of disguise	wiki:Master_of_Disguise	feat	title
Master of Elegance	master of elegance	talent:master_of_elegance	talent	title
Master of Intrigue Talent Tree	master of intrigue talent tree	talent-tree:master_of_intrigue_talent_tree	talent-tree	title
Master of Intrigue Talent Tree	master of intrigue talent tree	wiki:Master_of_Intrigue_Talent_Tree	talent-tree	title
Master of Ter%C3%A4s K%C3%A4si Talent Tree	master of ter s k si talent tree	wiki:Master_of_Ter%C3%A4s_K%C3%A4si_Talent_Tree	talent-tree	slug
Master of Teräs Käsi Talent Tree	master of tera s ka si talent tree	talent-tree:master_of_tera_s_ka_si_talent_tree	talent-tree	title
Master of Teräs Käsi Talent Tree	master of tera s ka si talent tree	wiki:Master_of_Ter%C3%A4s_K%C3%A4si_Talent_Tree	talent-tree	anchor
Master of the Great Hunt	master of the great hunt	talent:master_of_the_great_hunt	talent	title
Master Privateer	master privateer	prestige-class:master_privateer	prestige-class	title
Master Privateer	master privateer	wiki:Master_Privateer	prestige-class	title
Master Scout Talent Tree	master scout talent tree	talent-tree:master_scout_talent_tree	talent-tree	title
Master Scout Talent Tree	master scout talent tree	wiki:Master_Scout_Talent_Tree	talent-tree	title
Master Slicer	master slicer	talent:master_slicer	talent	title
Master Tracker	master tracker	feat:master_tracker	feat	title
Master Tracker	master tracker	wiki:Master_Tracker	feat	title
Master's Orders	master's order	talent:master's_order	talent	title
Mastermind Talent Tree	mastermind talent tree	talent-tree:mastermind_talent_tree	talent-tree	title
Mastermind Talent Tree	mastermind talent tree	wiki:Mastermind_Talent_Tree	talent-tree	title
Masterwork Lightsaber	masterwork lightsaber	talent:masterwork_lightsaber	talent	title
The Matukai	matukai	affiliation:matukai	affiliation	title
The Matukai	matukai	wiki:The_Matukai	affiliation	title
Matukai Adept Talent Tree	matukai adept talent tree	talent-tree:matukai_adept_talent_tree	talent-tree	title
Matukai Adept Talent Tree	matukai adept talent tree	wiki:Matukai_Adept_Talent_Tree	talent-tree	title
Maximize Cover	maximize cover	talent:maximize_cover	talent	title
Meat Shield	meat shield	feat:meat_shield	feat	title
Meat Shield	meat shield	wiki:Meat_Shield	feat	title
Mechanics	mechanic	wiki:Mechanics	skill	slug
Mechanical Martial Arts	mechanical martial arts	feat:mechanical_martial_arts	feat	title
Mechanical Martial Arts	mechanical martial arts	wiki:Mechanical_Martial_Arts	feat	title
Mechanics (Int)	mechanics int	skill:mechanics_int	skill	title
Mechanics (Int)	mechanics int	wiki:Mechanics	skill	title
Mechanics Mastery	mechanics mastery	talent:mechanics_mastery	talent	title
Mechanized Rider	mechanized rider	talent:mechanized_rider	talent	title
Medic	medic	prestige-class:medic	prestige-class	title
Medic	medic	wiki:Medic	prestige-class	title
Medical Analyzer	medical analyzer	talent:medical_analyzer	talent	title
Medical Droid	medical droid	talent:medical_droid	talent	title
Medical Miracle	medical miracle	talent:medical_miracle	talent	title
Medical Programming	medical programming	talent:medical_programming	talent	title
Medical Team	medical team	feat:medical_team	feat	title
Medical Team	medical team	wiki:Medical_Team	feat	title
Medium Armor	medium armor	rule:medium_armor	rule	title
Medium Armor	medium armor	wiki:Medium_Armor	rule	title
Medpac	medpac	equipment:medpac	equipment	title
Medpac	medpac	wiki:Medpac	equipment	title
Melee Assault	melee assault	talent:melee_assault	talent	title
Melee Attacks	melee attack	action:melee_attack	action	title
Melee Attacks	melee attack	wiki:Melee_Attacks	action	title
Melee Brute	melee brute	talent:melee_brute	talent	title
Melee Defense	melee defense	feat:melee_defense	feat	title
Melee Defense	melee defense	wiki:Melee_Defense	feat	title
Melee Duelist	melee duelist	prestige-class:melee_duelist	prestige-class	title
Melee Duelist	melee duelist	wiki:Melee_Duelist	prestige-class	title
Melee Duelist Talent Tree	melee duelist talent tree	talent-tree:melee_duelist_talent_tree	talent-tree	title
Melee Duelist Talent Tree	melee duelist talent tree	wiki:Melee_Duelist_Talent_Tree	talent-tree	title
Melee Opportunist	melee opportunist	talent:melee_opportunist	talent	title
Melee Smash	melee smash	talent:melee_smash	talent	title
Melee Specialist Talent Tree	melee specialist talent tree	talent-tree:melee_specialist_talent_tree	talent-tree	title
Melee Specialist Talent Tree	melee specialist talent tree	wiki:Melee_Specialist_Talent_Tree	talent-tree	title
Memory Walk	memory walk	force-power:memory_walk	force-power	title
Memory Walk	memory walk	wiki:Memory_Walk	force-power	title
Mentor	mentor	class-ability:mentor	class-ability	title
Mercenary Talent Tree	mercenary talent tree	talent-tree:mercenary_talent_tree	talent-tree	title
Mercenary Talent Tree	mercenary talent tree	wiki:Mercenary_Talent_Tree	talent-tree	title
Mercenary's Determination	mercenary's determination	talent:mercenary's_determination	talent	title
Mercenary's Grit	mercenary's grit	talent:mercenary's_grit	talent	title
Mercenary's Teamwork	mercenary's teamwork	talent:mercenary's_teamwork	talent	title
Metamorph	metamorph	feat:metamorph	feat	title
Metamorph	metamorph	wiki:Metamorph	feat	title
Mighty Swing	mighty swing	feat:mighty_swing	feat	title
Mighty Swing	mighty swing	wiki:Mighty_Swing	feat	title
Mighty Throw	mighty throw	feat:mighty_throw	feat	title
Mighty Throw	mighty throw	wiki:Mighty_Throw	feat	title
Military Engineer	military engineer	prestige-class:military_engineer	prestige-class	title
Military Engineer	military engineer	wiki:Military_Engineer	prestige-class	title
Military Engineer Talent Tree	military engineer talent tree	talent-tree:military_engineer_talent_tree	talent-tree	title
Military Engineer Talent Tree	military engineer talent tree	wiki:Military_Engineer_Talent_Tree	talent-tree	title
Military Tactics Talent Tree	military tactics talent tree	talent-tree:military_tactics_talent_tree	talent-tree	title
Military Tactics Talent Tree	military tactics talent tree	wiki:Military_Tactics_Talent_Tree	talent-tree	title
Mind of Reason	mind of reason	feat:mind_of_reason	feat	title
Mind of Reason	mind of reason	wiki:Mind_of_Reason	feat	title
Mind Probe	mind probe	talent:mind_probe	talent	title
Mind Shard	mind shard	force-power:mind_shard	force-power	title
Mind Shard	mind shard	wiki:Mind_Shard	force-power	title
Mind Trick	mind trick	force-power:mind_trick	force-power	title
Mind Trick	mind trick	wiki:Mind_Trick	force-power	title
Mine Mastery	mine mastery	talent:mine_mastery	talent	title
Miraluka	miraluka	species:miraluka	species	title
Miraluka	miraluka	wiki:Miraluka	species	title
Misfortune Talent Tree	misfortune talent tree	talent-tree:misfortune_talent_tree	talent-tree	title
Misfortune Talent Tree	misfortune talent tree	wiki:Misfortune_Talent_Tree	talent-tree	title
Misplaced Loyalty	misplaced loyalty	talent:misplaced_loyalty	talent	title
Mission Specialist	mission specialist	feat:mission_specialist	feat	title
Mission Specialist	mission specialist	wiki:Mission_Specialist	feat	title
Mission Specialist (Acrobatics)	mission specialist acrobatic	feat:mission_specialist_acrobatic	feat	title
Mission Specialist (Climb)	mission specialist climb	feat:mission_specialist_climb	feat	title
Mission Specialist (Deception)	mission specialist deception	feat:mission_specialist_deception	feat	title
Mission Specialist (Endurance)	mission specialist endurance	feat:mission_specialist_endurance	feat	title
Mission Specialist (Gather Information)	mission specialist gather information	feat:mission_specialist_gather_information	feat	title
Mission Specialist (Initiative)	mission specialist initiative	feat:mission_specialist_initiative	feat	title
Mission Specialist (Jump)	mission specialist jump	feat:mission_specialist_jump	feat	title
Mission Specialist (Knowledge (Bureaucracy))	mission specialist knowledge bureaucracy	feat:mission_specialist_knowledge_bureaucracy	feat	title
Mission Specialist (Knowledge (Galactic Lore))	mission specialist knowledge galactic lore	feat:mission_specialist_knowledge_galactic_lore	feat	title
Mission Specialist (Knowledge (Life Sciences))	mission specialist knowledge life science	feat:mission_specialist_knowledge_life_science	feat	title
Mission Specialist (Knowledge (Physical Sciences))	mission specialist knowledge physical science	feat:mission_specialist_knowledge_physical_science	feat	title
Mission Specialist (Knowledge (Social Sciences))	mission specialist knowledge social science	feat:mission_specialist_knowledge_social_science	feat	title
Mission Specialist (Knowledge (Tactics))	mission specialist knowledge tactic	feat:mission_specialist_knowledge_tactic	feat	title
Mission Specialist (Knowledge (Technology))	mission specialist knowledge technology	feat:mission_specialist_knowledge_technology	feat	title
Mission Specialist (Mechanics)	mission specialist mechanic	feat:mission_specialist_mechanic	feat	title
Mission Specialist (Perception)	mission specialist perception	feat:mission_specialist_perception	feat	title
Mission Specialist (Persuasion)	mission specialist persuasion	feat:mission_specialist_persuasion	feat	title
Mission Specialist (Pilot)	mission specialist pilot	feat:mission_specialist_pilot	feat	title
Mission Specialist (Ride)	mission specialist ride	feat:mission_specialist_ride	feat	title
Mission Specialist (Stealth)	mission specialist stealth	feat:mission_specialist_stealth	feat	title
Mission Specialist (Survival)	mission specialist survival	feat:mission_specialist_survival	feat	title
Mission Specialist (Swim)	mission specialist swim	feat:mission_specialist_swim	feat	title
Mission Specialist (Treat Injury)	mission specialist treat injury	feat:mission_specialist_treat_injury	feat	title
Mission Specialist (Use Computer)	mission specialist use computer	feat:mission_specialist_use_computer	feat	title
Mission Specialist (Use the Force)	mission specialist use the force	feat:mission_specialist_use_the_force	feat	title
Mobile Attack (Lightsabers)	mobile attack lightsaber	talent:mobile_attack_lightsaber	talent	title
Mobile Attack (Pistols)	mobile attack pistol	talent:mobile_attack_pistol	talent	title
Mobile Combatant	mobile combatant	talent:mobile_combatant	talent	title
Mobile Scout	mobile scout	talent:mobile_scout	talent	title
Mobile Scout Talent Tree	mobile scout talent tree	talent-tree:mobile_scout_talent_tree	talent-tree	title
Mobile Scout Talent Tree	mobile scout talent tree	wiki:Mobile_Scout_Talent_Tree	talent-tree	title
Mobile Whirlwind	mobile whirlwind	talent:mobile_whirlwind	talent	title
Mobility	mobility	feat:mobility	feat	title
Mobility	mobility	wiki:Mobility	feat	title
Modification Specialist	modification specialist	talent:modification_specialist	talent	title
Modify Poison	modify poison	talent:modify_poison	talent	title
Momentum Strike	momentum strike	feat:momentum_strike	feat	title
Momentum Strike	momentum strike	wiki:Momentum_Strike	feat	title
Mon Calamari	mon calamari	species:mon_calamari	species	title
Mon Calamari	mon calamari	wiki:Mon_Calamari	species	title
Mon Calamari Shipwright	mon calamari shipwright	feat:mon_calamari_shipwright	feat	title
Mon Calamari Shipwright	mon calamari shipwright	wiki:Mon_Calamari_Shipwright	feat	title
Morichro	morichro	force-power:morichro	force-power	title
Morichro	morichro	wiki:Morichro	force-power	title
Motion of the Future	motion of the future	talent:motion_of_the_future	talent	title
Mounted Combat	mounted combat	feat:mounted_combat	feat	title
Mounted Combat	mounted combat	wiki:Mounted_Combat	feat	title
Mounted Defense	mounted defense	feat:mounted_defense	feat	title
Mounted Defense	mounted defense	wiki:Mounted_Defense	feat	title
Mounted Regiment	mounted regiment	feat:mounted_regiment	feat	title
Mounted Regiment	mounted regiment	wiki:Mounted_Regiment	feat	title
Move Actions	move action	wiki:Category:Move_Actions	index	slug
Move Actions (Category)	move actions category	index:move_actions_category	index	title
Move Massive Object	move massive object	talent:move_massive_object	talent	title
Move Object	move object	force-power:move_object	force-power	title
Move Object	move object	wiki:Move_Object	force-power	anchor
Moving Target	moving target	feat:moving_target	feat	title
Moving Target	moving target	wiki:Moving_Target	feat	title
Mrlssi	mrlssi	species:mrlssi	species	title
Mrlssi	mrlssi	wiki:Mrlssi	species	title
Multi-Grab	multi grab	feat:multi_grab	feat	title
Multi-Grab	multi grab	wiki:Multi-Grab	feat	title
Multi-Targeting	multi targeting	feat:multi_targeting	feat	title
Multi-Targeting	multi targeting	wiki:Multi-Targeting	feat	title
Multiattack Proficiency (Advanced Melee Weapons)	multiattack proficiency advanced melee weapon	talent:multiattack_proficiency_advanced_melee_weapon	talent	title
Multiattack Proficiency (Exotic Weapons)	multiattack proficiency exotic weapon	talent:multiattack_proficiency_exotic_weapon	talent	title
Multiattack Proficiency (Heavy Weapons)	multiattack proficiency heavy weapon	talent:multiattack_proficiency_heavy_weapon	talent	title
Multiattack Proficiency (lightsabers)	multiattack proficiency lightsaber	talent:multiattack_proficiency_lightsaber	talent	title
Multiattack Proficiency (Pistols)	multiattack proficiency pistol	talent:multiattack_proficiency_pistol	talent	title
Multiattack Proficiency (Rifles)	multiattack proficiency rifle	talent:multiattack_proficiency_rifle	talent	title
Multiattack Proficiency (Simple Weapons)	multiattack proficiency simple weapon	talent:multiattack_proficiency_simple_weapon	talent	title
Multitarget Power	multitarget power	class-ability:multitarget_power	class-ability	title
Murderous Arts I	murderous arts i	talent:murderous_arts_i	talent	title
Murderous Arts II	murderous arts ii	talent:murderous_arts_ii	talent	title
Mystic Mastery	mystic mastery	talent:mystic_mastery	talent	title
Mystic Talent Tree	mystic talent tree	talent-tree:mystic_talent_tree	talent-tree	title
Mystic Talent Tree	mystic talent tree	wiki:Mystic_Talent_Tree	talent-tree	title
Nagai	nagai	species:nagai	species	title
Nagai	nagai	wiki:Nagai	species	title
Natural	natural	wiki:Category:Natural	index	slug
Natural (Category)	natural category	index:natural_category	index	title
Natural Healing	natural healing	talent:natural_healing	talent	title
Natural Healing Techniques	natural healing technique	talent:natural_healing_technique	talent	title
Natural Leader	natural leader	feat:natural_leader	feat	title
Natural Leader	natural leader	wiki:Natural_Leader	feat	title
Nature Specialist	nature specialist	feat:nature_specialist	feat	title
Nature Specialist	nature specialist	wiki:Nature_Specialist	feat	title
Nautolan	nautolan	species:nautolan	species	title
Nautolan	nautolan	wiki:Nautolan	species	title
Naval Officer Talent Tree	naval officer talent tree	talent-tree:naval_officer_talent_tree	talent-tree	title
Naval Officer Talent Tree	naval officer talent tree	wiki:Naval_Officer_Talent_Tree	talent-tree	title
Nazren	nazren	species:nazren	species	title
Nazren	nazren	wiki:Nazren	species	title
Near-Human	near human	species:near_human	species	title
Near-Human	near human	wiki:Near-Human	species	title
Negate and Redirect	negate and redirect	talent:negate_and_redirect	talent	title
Negate Energy	negate energy	force-power:negate_energy	force-power	title
Negate Energy	negate energy	wiki:Negate_Energy	force-power	title
Neimoidian	neimoidian	species:neimoidian	species	title
Neimoidian	neimoidian	wiki:Neimoidian	species	title
Nelvaanian	nelvaanian	species:nelvaanian	species	title
Nelvaanian	nelvaanian	wiki:Nelvaanian	species	title
Never Surrender	never surrender	feat:never_surrender	feat	title
Never Surrender	never surrender	wiki:Never_Surrender	feat	title
The New Jedi Order Era	new jedi order era	wiki:Category:The_New_Jedi_Order_Era	index	slug
The New Jedi Order Era (Category)	new jedi order era category	index:new_jedi_order_era_category	index	title
The New Republic	new republic	affiliation:new_republic	affiliation	title
The New Republic	new republic	wiki:The_New_Republic	affiliation	title
Nibble dodge	nibble dodge	talent:nibble_dodge	talent	title
Nikto	nikto	species:nikto	species	title
Nikto	nikto	wiki:Nikto	species	title
Nikto Survival	nikto survival	feat:nikto_survival	feat	title
Nikto Survival	nikto survival	wiki:Nikto_Survival	feat	title
Niman	niman	talent:niman	talent	title
Niman	niman	wiki:Lightsaber_Forms_Talent_Tree	talent-tree	redirect
Nimble Dodge	nimble dodge	talent:nimble_dodge	talent	title
Nimble Team	nimble team	feat:nimble_team	feat	title
Nimble Team	nimble team	wiki:Nimble_Team	feat	title
No Escape	no escape	talent:no_escape	talent	title
Noble	noble	heroic-class:noble	heroic-class	title
Noble	noble	wiki:Noble	heroic-class	title
Noble Bonus Feats	noble bonus feat	feat:noble_bonus_feat	feat	title
Noble Bonus Feats	noble bonus feat	wiki:Noble_Bonus_Feats	feat	title
Noble Fencing Style	noble fencing style	talent:noble_fencing_style	talent	title
Noble Sacrifice	noble sacrifice	talent:noble_sacrifice	talent	title
Noghri	noghri	species:noghri	species	title
Noghri	noghri	wiki:Noghri	species	title
Nonlethal Tactics	nonlethal tactic	talent:nonlethal_tactic	talent	title
Nosaurian	nosaurian	species:nosaurian	species	title
Nosaurian	nosaurian	wiki:Nosaurian	species	title
Notorious	notorious	talent:notorious	talent	title
Notorious Crime Lord	notorious crime lord	talent:notorious_crime_lord	talent	title
Nowhere to Hide	nowhere to hide	talent:nowhere_to_hide	talent	title
Nowhere to Run	nowhere to run	talent:nowhere_to_run	talent	title
Nuanced	nuanced	talent:nuanced	talent	title
Numbing Poison	numbing poison	talent:numbing_poison	talent	title
Nyriaanan	nyriaanan	species:nyriaanan	species	title
Nyriaanan	nyriaanan	wiki:Nyriaanan	species	title
O'reenian	o'reenian	species:o'reenian	species	title
O'reenian	o'reenian	wiki:O'reenian	species	title
Oafish	oafish	talent:oafish	talent	title
Oath of Duty	oath of duty	talent:oath_of_duty	talent	title
Obscure	obscure	force-power:obscure	force-power	title
Obscure	obscure	wiki:Obscure	force-power	title
Obscuring Defenses	obscuring defense	talent:obscuring_defense	talent	title
Observant	observant	talent:observant	talent	title
Officer	officer	prestige-class:officer	prestige-class	title
Officer	officer	wiki:Officer	prestige-class	title
Officer Candidacy Training	officer candidacy training	feat:officer_candidacy_training	feat	title
Officer Candidacy Training	officer candidacy training	wiki:Officer_Candidacy_Training	feat	title
Old Faithful	old faithful	talent:old_faithful	talent	title
The Old Republic Era	old republic era	wiki:Category:The_Old_Republic_Era	compilation	slug
Old Republic Era Campaigns	old republic era campaign	other:old_republic_era_campaign	other	title
Old Republic Era Campaigns	old republic era campaign	wiki:Old_Republic_Era_Campaigns	other	title
The Old Republic Era (Compilation)	old republic era compilation	compilation:old_republic_era_compilation	compilation	title
Omens	omen	talent:omen	talent	title
On-Board System Link	on board system link	talent:on_board_system_link	talent	title
One for the Team	one for the team	talent:one_for_the_team	talent	title
Only the Finest	only the finest	talent:only_the_finest	talent	title
Opportunist Talent Tree	opportunist talent tree	talent-tree:opportunist_talent_tree	talent-tree	title
Opportunist Talent Tree	opportunist talent tree	wiki:Opportunist_Talent_Tree	talent-tree	title
Opportunistic Defense	opportunistic defense	talent:opportunistic_defense	talent	title
Opportunistic Retreat	opportunistic retreat	feat:opportunistic_retreat	feat	title
Opportunistic Retreat	opportunistic retreat	wiki:Opportunistic_Retreat	feat	title
Opportunistic Shooter	opportunistic shooter	feat:opportunistic_shooter	feat	title
Opportunistic Shooter	opportunistic shooter	wiki:Opportunistic_Shooter	feat	title
Opportunistic Strike	opportunistic strike	talent:opportunistic_strike	talent	title
Opportunistic Trickery	opportunistic trickery	feat:opportunistic_trickery	feat	title
Opportunistic Trickery	opportunistic trickery	wiki:Opportunistic_Trickery	feat	title
Opportunity Fire	opportunity fire	talent:opportunity_fire	talent	title
The Order of Shasa	order of shasa	affiliation:order_of_shasa	affiliation	title
The Order of Shasa	order of shasa	wiki:The_Order_of_Shasa	affiliation	title
Order of Shasa Talent Tree	order of shasa talent tree	talent-tree:order_of_shasa_talent_tree	talent-tree	title
Order of Shasa Talent Tree	order of shasa talent tree	wiki:Order_of_Shasa_Talent_Tree	talent-tree	title
Order the Retreat and Keep Moving!	order the retreat and keep moving	feat:order_the_retreat_and_keep_moving	feat	title
Organizations	organization	organization:organization	organization	title
Organizations	organization	wiki:Organizations	organization	title
Out of Harm	out of harm	talent:out_of_harm	talent	title
Out of Harm's Way	out of harm's way	talent:out_of_harm's_way	talent	title
Out of Nowhere	out of nowhere	talent:out_of_nowhere	talent	title
Outlaw	outlaw	prestige-class:outlaw	prestige-class	title
Outlaw	outlaw	wiki:Outlaw	prestige-class	title
Outlaw Talent Tree	outlaw talent tree	talent-tree:outlaw_talent_tree	talent-tree	title
Outlaw Talent Tree	outlaw talent tree	wiki:Outlaw_Talent_Tree	talent-tree	title
Outlaw Tech Talent Tree	outlaw tech talent tree	talent-tree:outlaw_tech_talent_tree	talent-tree	title
Outlaw Tech Talent Tree	outlaw tech talent tree	wiki:Outlaw_Tech_Talent_Tree	talent-tree	title
Outmaneuver	outmaneuver	talent:outmaneuver	talent	title
Outrun	outrun	talent:outrun	talent	title
Outsider Talent Tree	outsider talent tree	talent-tree:outsider_talent_tree	talent-tree	title
Outsider Talent Tree	outsider talent tree	wiki:Outsider_Talent_Tree	talent-tree	title
Outsider's Eye	outsider's eye	talent:outsider's_eye	talent	title
Outsider's Query	outsider's query	talent:outsider's_query	talent	title
Overcharged Shot	overcharged shot	talent:overcharged_shot	talent	title
Overclocked Troops	overclocked troop	talent:overclocked_troop	talent	title
Override Talent Tree	override talent tree	talent-tree:override_talent_tree	talent-tree	title
Override Talent Tree	override talent tree	wiki:Override_Talent_Tree	talent-tree	title
Overwhelming Attack	overwhelming attack	feat:overwhelming_attack	feat	title
Overwhelming Attack	overwhelming attack	wiki:Overwhelming_Attack	feat	title
Pa'lowick	pa'lowick	species:pa'lowick	species	title
Pa'lowick	pa'lowick	wiki:Pa'lowick	species	title
Pall of the Dark Side	pall of the dark side	feat:pall_of_the_dark_side	feat	title
Pall of the Dark Side	pall of the dark side	wiki:Pall_of_the_Dark_Side	feat	title
Pass the Blade	pass the blade	force-power:pass_the_blade	force-power	title
Pass the Blade	pass the blade	wiki:Pass_the_Blade	force-power	title
Past Visions	past vision	talent:past_vision	talent	title
Pathfinder	pathfinder	prestige-class:pathfinder	prestige-class	title
Pathfinder	pathfinder	wiki:Pathfinder	prestige-class	title
Pathfinder Talent Tree	pathfinder talent tree	talent-tree:pathfinder_talent_tree	talent-tree	title
Pathfinder Talent Tree	pathfinder talent tree	wiki:Pathfinder_Talent_Tree	talent-tree	title
Pau'an	pau'an	species:pau'an	species	title
Pau'an	pau'an	wiki:Pau'an	species	title
Penetrating Attack	penetrating attack	talent:penetrating_attack	talent	title
Perception	perception	wiki:Perception	skill	slug
Perception (Wis)	perception wis	skill:perception_wis	skill	title
Perception (Wis)	perception wis	wiki:Perception	skill	title
Perceptive Ambusher	perceptive ambusher	talent:perceptive_ambusher	talent	title
Perfect Attunement	perfect attunement	talent:perfect_attunement	talent	title
Perfect Intuition	perfect intuition	feat:perfect_intuition	feat	title
Perfect Intuition	perfect intuition	wiki:Perfect_Intuition	feat	title
Perfect Swimmer	perfect swimmer	feat:perfect_swimmer	feat	title
Perfect Swimmer	perfect swimmer	wiki:Perfect_Swimmer	feat	title
Perfect Telepathy	perfect telepathy	talent:perfect_telepathy	talent	title
Persistant Haze	persistant haze	talent:persistant_haze	talent	title
Persistent Haze	persistent haze	talent:persistent_haze	talent	title
Personal Affront	personal affront	talent:personal_affront	talent	title
Personal Vendetta	personal vendetta	talent:personal_vendetta	talent	title
Personalized Modifications	personalized modification	talent:personalized_modification	talent	title
Persuasion	persuasion	wiki:Persuasion	skill	slug
Persuasion (Cha)	persuasion cha	skill:persuasion_cha	skill	title
Persuasion (Cha)	persuasion cha	wiki:Persuasion	skill	title
Phalanx	phalanx	talent:phalanx	talent	title
Phantasm	phantasm	talent:phantasm	talent	title
Phase	phase	force-power:phase	force-power	title
Phase	phase	wiki:Phase	force-power	title
Philosophy	philosophy	other:philosophy	other	title
Philosophy	philosophy	wiki:Philosophy	other	title
Phindian	phindian	species:phindian	species	title
Phindian	phindian	wiki:Phindian	species	title
Physical Surge	physical surge	talent:physical_surge	talent	title
Pick a Fight	pick a fight	talent:pick_a_fight	talent	title
Piercing Hit	piercing hit	talent:piercing_hit	talent	title
Pilot	pilot	wiki:Pilot	skill	slug
Pilot (Dex)	pilot dex	skill:pilot_dex	skill	title
Pilot (Dex)	pilot dex	wiki:Pilot	skill	title
Piloting	piloting	wiki:Vehicle_Pilot	crew-position	redirect
Pin	pin	feat:pin	feat	title
Pin	pin	wiki:Pin	feat	title
Pincer	pincer	feat:pincer	feat	title
Pincer	pincer	wiki:Pincer	feat	title
Pinning Shot	pinning shot	talent:pinning_shot	talent	title
Pinpoint Accuracy	pinpoint accuracy	feat:pinpoint_accuracy	feat	title
Pinpoint Accuracy	pinpoint accuracy	wiki:Pinpoint_Accuracy	feat	title
Piracy Talent Tree	piracy talent tree	talent-tree:piracy_talent_tree	talent-tree	title
Piracy Talent Tree	piracy talent tree	wiki:Piracy_Talent_Tree	talent-tree	title
Pistols	pistol	weapon-group:pistol	weapon-group	title
Pistols	pistol	wiki:Pistols	weapon-group	title
Pistol Duelist	pistol duelist	talent:pistol_duelist	talent	title
Pistoleer	pistoleer	feat:pistoleer	feat	title
Pistoleer	pistoleer	wiki:Pistoleer	feat	title
Pistoleer Talent Tree	pistoleer talent tree	talent-tree:pistoleer_talent_tree	talent-tree	title
Pistoleer Talent Tree	pistoleer talent tree	wiki:Pistoleer_Talent_Tree	talent-tree	title
Pitiless Warrior	pitiless warrior	feat:pitiless_warrior	feat	title
Pitiless Warrior	pitiless warrior	wiki:Pitiless_Warrior	feat	title
Planetary Attunement	planetary attunement	talent:planetary_attunement	talent	title
Plant Surge	plant surge	force-power:plant_surge	force-power	title
Plant Surge	plant surge	wiki:Plant_Surge	force-power	title
Point-Blank Shot	point blank shot	feat:point_blank_shot	feat	title
Point-Blank Shot	point blank shot	wiki:Point-Blank_Shot	feat	title
Poison	poison	wiki:Category:Poison	index	slug
Poison (Category)	poison category	index:poison_category	index	title
Poison Resistance	poison resistance	feat:poison_resistance	feat	title
Poison Resistance	poison resistance	wiki:Poison_Resistance	feat	title
Polis Massan	polis massan	species:polis_massan	species	title
Polis Massan	polis massan	wiki:Polis_Massan	species	title
Power Attack	power attack	feat:power_attack	feat	title
Power Attack	power attack	wiki:Power_Attack	feat	title
Power Blast	power blast	feat:power_blast	feat	title
Power Blast	power blast	wiki:Power_Blast	feat	title
Power Boost	power boost	talent:power_boost	talent	title
Power Generator	power generator	equipment:power_generator	equipment	title
Power Generator	power generator	wiki:Power_Generator	equipment	title
Power of Hatred	power of hatred	talent:power_of_hatred	talent	title
Power of the Dark Side	power of the dark side	talent:power_of_the_dark_side	talent	title
Power Pack	power pack	equipment:power_pack	equipment	title
Power Pack	power pack	wiki:Power_Pack	equipment	title
Power Supply	power supply	talent:power_supply	talent	title
Power Surge	power surge	talent:power_surge	talent	title
Powerful Charge	powerful charge	feat:powerful_charge	feat	title
Powerful Charge	powerful charge	wiki:Powerful_Charge	feat	title
Powerful Friends	powerful friend	talent:powerful_friend	talent	title
Powerful Rage	powerful rage	feat:powerful_rage	feat	title
Powerful Rage	powerful rage	wiki:Powerful_Rage	feat	title
Praetoria Ishu	praetoria ishu	talent:praetoria_ishu	talent	title
Praetoria Vonil	praetoria vonil	talent:praetoria_vonil	talent	title
Precise Redirect	precise redirect	talent:precise_redirect	talent	title
Precise Shot	precise shot	feat:precise_shot	feat	title
Precise Shot	precise shot	wiki:Precise_Shot	feat	title
Precision	precision	talent:precision	talent	title
Precision Fire	precision fire	talent:precision_fire	talent	title
Precision Implant	precision implant	talent:precision_implant	talent	title
Precision Shot	precision shot	talent:precision_shot	talent	title
Precognitive Meditation	precognitive meditation	talent:precognitive_meditation	talent	title
Predictive Defense	predictive defense	feat:predictive_defense	feat	title
Predictive Defense	predictive defense	wiki:Predictive_Defense	feat	title
Prepared Explosive	prepared explosive	talent:prepared_explosive	talent	title
Prepared for Danger	prepared for danger	talent:prepared_for_danger	talent	title
Prescience	prescience	force-power:prescience	force-power	title
Prescience	prescience	wiki:Prescience	force-power	title
Presence	presence	talent:presence	talent	title
Preserving Shot	preserving shot	talent:preserving_shot	talent	title
Prestige Class	prestige class	wiki:Heroic_Classes	rule	redirect
Prestige Classes	prestige classe	wiki:Heroic_Classes	rule	redirect
Preternatural Senses	preternatural sense	talent:preternatural_sense	talent	title
Prime Shot	prime shot	feat:prime_shot	feat	title
Prime Shot	prime shot	wiki:Prime_Shot	feat	title
Prime Targets	prime target	talent:prime_target	talent	title
Primitive Block	primitive block	talent:primitive_block	talent	title
Primitive Warrior	primitive warrior	feat:primitive_warrior	feat	title
Primitive Warrior	primitive warrior	wiki:Primitive_Warrior	feat	title
Privateer Talent Tree	privateer talent tree	talent-tree:privateer_talent_tree	talent-tree	title
Privateer Talent Tree	privateer talent tree	wiki:Privateer_Talent_Tree	talent-tree	title
Problem Solver	problem solver	talent:problem_solver	talent	title
Procurement Talent Tree	procurement talent tree	talent-tree:procurement_talent_tree	talent-tree	title
Procurement Talent Tree	procurement talent tree	wiki:Procurement_Talent_Tree	talent-tree	title
Progenitor's Call	progenitor's call	talent:progenitor's_call	talent	title
Prone	prone	rule:prone	rule	title
Prone	prone	wiki:Prone	rule	title
Protection	protection	talent:protection	talent	title
Protection Talent Tree	protection talent tree	talent-tree:protection_talent_tree	talent-tree	title
Protection Talent Tree	protection talent tree	wiki:Protection_Talent_Tree	talent-tree	title
Protective Reaction	protective reaction	talent:protective_reaction	talent	title
Protector Actions	protector action	talent:protector_action	talent	title
Protocol	protocol	talent:protocol	talent	title
Provocateur Talent Tree	provocateur talent tree	talent-tree:provocateur_talent_tree	talent-tree	title
Provocateur Talent Tree	provocateur talent tree	wiki:Provocateur_Talent_Tree	talent-tree	title
Psychic Citadel	psychic citadel	talent:psychic_citadel	talent	title
Psychic Defenses	psychic defense	talent:psychic_defense	talent	title
Psychometry	psychometry	talent:psychometry	talent	title
Pulling the Strings	pulling the string	talent:pulling_the_string	talent	title
Punch Through	punch through	talent:punch_through	talent	title
Punishing Protection	punishing protection	talent:punishing_protection	talent	title
Punishing Strike	punishing strike	talent:punishing_strike	talent	title
Pure Power	pure power	class-ability:pure_power	class-ability	title
Pursuit	pursuit	talent:pursuit	talent	title
Pushing Slash	pushing slash	force-power:pushing_slash	force-power	title
Pushing Slash	pushing slash	wiki:Pushing_Slash	force-power	title
Quarren	quarren	species:quarren	species	title
Quarren	quarren	wiki:Quarren	species	title
Quick Astrogation	quick astrogation	talent:quick_astrogation	talent	title
Quick Comeback	quick comeback	feat:quick_comeback	feat	title
Quick Comeback	quick comeback	wiki:Quick_Comeback	feat	title
Quick Cuffs	quick cuff	talent:quick_cuff	talent	title
Quick Draw	quick draw	feat:quick_draw	feat	title
Quick Draw	quick draw	wiki:Quick_Draw	feat	title
Quick Fix	quick fix	talent:quick_fix	talent	title
Quick Modification	quick modification	talent:quick_modification	talent	title
Quick on Your Feet	quick on your feet	talent:quick_on_your_feet	talent	title
Quick Skill	quick skill	feat:quick_skill	feat	title
Quick Skill	quick skill	wiki:Quick_Skill	feat	title
Quick Strike	quick strike	talent:quick_strike	talent	title
Quick Study	quick study	talent:quick_study	talent	title
Quick Trigger	quick trigger	talent:quick_trigger	talent	title
Quicken Power	quicken power	class-ability:quicken_power	class-ability	title
Quickseeing	quickseeing	talent:quickseeing	talent	title
Quicktrap	quicktrap	talent:quicktrap	talent	title
Rage	rage	wiki:Category:Rage	index	slug
Rage (Category)	rage category	index:rage_category	index	title
Raider's Frenzy	raider's frenzy	talent:raider's_frenzy	talent	title
Raider's Surge	raider's surge	talent:raider's_surge	talent	title
Rakata	rakata	species:rakata	species	title
Rakata	rakata	wiki:Rakata	species	title
Rally	rally	talent:rally	talent	title
Rancor Crush	rancor crush	feat:rancor_crush	feat	title
Rancor Crush	rancor crush	wiki:Rancor_Crush	feat	title
Range	range	wiki:Ranged_Attacks	action	redirect
Ranged Attacks	ranged attack	action:ranged_attack	action	title
Ranged Attacks	ranged attack	wiki:Ranged_Attacks	action	title
Ranged Disarm	ranged disarm	talent:ranged_disarm	talent	title
Ranged Flank	ranged flank	talent:ranged_flank	talent	title
Ranged Weapons	ranged weapon	wiki:Category:Ranged_Weapons	index	slug
Ranged Weapons (Category)	ranged weapons category	index:ranged_weapons_category	index	title
Rank and Privilege	rank and privilege	other:rank_and_privilege	other	title
Rank and Privilege	rank and privilege	wiki:Rank_and_Privilege	other	title
Rapid Alchemy	rapid alchemy	talent:rapid_alchemy	talent	title
Rapid Reaction	rapid reaction	feat:rapid_reaction	feat	title
Rapid Reaction	rapid reaction	wiki:Rapid_Reaction	feat	title
Rapid Reload	rapid reload	talent:rapid_reload	talent	title
Rapid Shot	rapid shot	feat:rapid_shot	feat	title
Rapid Shot	rapid shot	wiki:Rapid_Shot	feat	title
Rapid Strike	rapid strike	feat:rapid_strike	feat	title
Rapid Strike	rapid strike	wiki:Rapid_Strike	feat	title
Rapport	rapport	feat:rapport	feat	title
Rapport	rapport	wiki:Rapport	feat	title
Razor Bug	razor bug	weapon:razor_bug	weapon	title
Razor Bug	razor bug	wiki:Razor_Bug	weapon	title
Reaction	reaction	wiki:Actions	rule	redirect
Reactionary Attack	reactionary attack	talent:reactionary_attack	talent	title
Read the Winds	read the wind	feat:read_the_wind	feat	title
Read the Winds	read the wind	wiki:Read_the_Winds	feat	title
Reading the Flame	reading the flame	talent:reading_the_flame	talent	title
Ready and Willing	ready and willing	talent:ready_and_willing	talent	title
Reap Retribution	reap retribution	talent:reap_retribution	talent	title
Rebel Military Training	rebel military training	feat:rebel_military_training	feat	title
Rebel Military Training	rebel military training	wiki:Rebel_Military_Training	feat	title
Rebel Recruiter Talent Tree	rebel recruiter talent tree	talent-tree:rebel_recruiter_talent_tree	talent-tree	title
Rebel Recruiter Talent Tree	rebel recruiter talent tree	wiki:Rebel_Recruiter_Talent_Tree	talent-tree	title
The Rebellion Era	rebellion era	wiki:Category:The_Rebellion_Era	index	slug
Rebellion Era Campaign Guide	rebellion era campaign guide	wiki:Category:Rebellion_Era_Campaign_Guide	compilation	slug
Rebellion Era Campaign Guide (Compilation)	rebellion era campaign guide compilation	compilation:rebellion_era_campaign_guide_compilation	compilation	title
The Rebellion Era (Category)	rebellion era category	index:rebellion_era_category	index	title
Rebound Leap	rebound leap	talent:rebound_leap	talent	title
Rebuke	rebuke	force-power:rebuke	force-power	title
Rebuke	rebuke	wiki:Rebuke	force-power	title
Rebuke the Dark	rebuke the dark	talent:rebuke_the_dark	talent	title
Recall	recall	feat:recall	feat	title
Recall	recall	talent:recall	talent	title
Recall	recall	wiki:Recall	feat	title
Recall Discblade	recall discblade	talent:recall_discblade	talent	title
Recall Power	recall power	talent:recall_power	talent	title
Recharge Shields	recharge shield	action:recharge_shield	action	title
Recharge Shields	recharge shield	wiki:Recharge_Shields	action	title
Reckless	reckless	talent:reckless	talent	title
Recklessness Talent Tree	recklessness talent tree	talent-tree:recklessness_talent_tree	talent-tree	title
Recklessness Talent Tree	recklessness talent tree	wiki:Recklessness_Talent_Tree	talent-tree	title
Reconnaissance Actions	reconnaissance action	talent:reconnaissance_action	talent	title
Reconnaissance Talent Tree	reconnaissance talent tree	talent-tree:reconnaissance_talent_tree	talent-tree	title
Reconnaissance Talent Tree	reconnaissance talent tree	wiki:Reconnaissance_Talent_Tree	talent-tree	title
Reconnaissance Team Leader	reconnaissance team leader	talent:reconnaissance_team_leader	talent	title
Recover	recover	action:recover	action	title
Recover	recover	wiki:Recover	action	title
Recovering Surge	recovering surge	feat:recovering_surge	feat	title
Recovering Surge	recovering surge	wiki:Recovering_Surge	feat	title
Recovery	recovery	challenge:recovery	challenge	title
Recovery	recovery	wiki:Recovery	challenge	title
Recruit Enemy	recruit enemy	talent:recruit_enemy	talent	title
Recurring Success	recurring success	feat:recurring_success	feat	title
Recurring Success	recurring success	wiki:Recurring_Success	feat	title
Redirect Shot	redirect shot	talent:redirect_shot	talent	title
Reduce Defense	reduce defense	talent:reduce_defense	talent	title
Reduce Mobility	reduce mobility	talent:reduce_mobility	talent	title
Reflex Defense	reflex defense	wiki:Defenses	rule	redirect
Regenerative Healing	regenerative healing	feat:regenerative_healing	feat	title
Regenerative Healing	regenerative healing	wiki:Regenerative_Healing	feat	title
Regimen Mastery	regimen mastery	talent:regimen_mastery	talent	title
Regroup	regroup	talent:regroup	talent	title
Reinforced Commands	reinforced command	talent:reinforced_command	talent	title
Relentless	relentless	talent:relentless	talent	title
Relentless Attack	relentless attack	feat:relentless_attack	feat	title
Relentless Attack	relentless attack	wiki:Relentless_Attack	feat	title
Relentless Pursuit	relentless pursuit	talent:relentless_pursuit	talent	title
Reliable Boon	reliable boon	talent:reliable_boon	talent	title
Relocate	relocate	talent:relocate	talent	title
Remote Attack	remote attack	talent:remote_attack	talent	title
Remote Power	remote power	class-ability:remote_power	class-ability	title
Rend	rend	force-power:rend	force-power	title
Rend	rend	wiki:Rend	force-power	title
Renew Vision	renew vision	talent:renew_vision	talent	title
Renowned Pilot	renowned pilot	talent:renowned_pilot	talent	title
Repair Self	repair self	talent:repair_self	talent	title
Repairs on the Fly	repairs on the fly	talent:repairs_on_the_fly	talent	title
Repel Discord	repel discord	talent:repel_discord	talent	title
Repelling Whirlwind	repelling whirlwind	talent:repelling_whirlwind	talent	title
Replica Droid	replica droid	species:replica_droid	species	title
Replica Droid	replica droid	wiki:Replica_Droid	species	title
Republic Clone	republic clone	species:republic_clone	species	title
Republic Clone	republic clone	wiki:Republic_Clone	species	title
Republic Commando Talent Tree	republic commando talent tree	talent-tree:republic_commando_talent_tree	talent-tree	title
Republic Commando Talent Tree	republic commando talent tree	wiki:Republic_Commando_Talent_Tree	talent-tree	title
Republic Military Training	republic military training	feat:republic_military_training	feat	title
Republic Military Training	republic military training	wiki:Republic_Military_Training	feat	title
Repulse	repulse	force-power:repulse	force-power	title
Repulse	repulse	wiki:Repulse	force-power	title
Reroute Power	reroute power	action:reroute_power	action	title
Reroute Power	reroute power	wiki:Reroute_Power	action	title
Reset Initiative	reset initiative	talent:reset_initiative	talent	title
Resilience	resilience	talent:resilience	talent	title
Resilience Implant	resilience implant	talent:resilience_implant	talent	title
Resilient Strength	resilient strength	feat:resilient_strength	feat	title
Resilient Strength	resilient strength	wiki:Resilient_Strength	feat	title
Resist Enervation	resist enervation	talent:resist_enervation	talent	title
Resist Force	resist force	force-power:resist_force	force-power	title
Resist Force	resist force	wiki:Resist_Force	force-power	title
Resist the Dark Side	resist the dark side	talent:resist_the_dark_side	talent	title
Resolute Stance	resolute stance	feat:resolute_stance	feat	title
Resolute Stance	resolute stance	wiki:Resolute_Stance	feat	title
Respected Officer	respected officer	talent:respected_officer	talent	title
Resurgance	resurgance	feat:resurgance	feat	title
Resurgence	resurgence	feat:resurgence	feat	title
Resurgence	resurgence	wiki:Resurgence	feat	title
Resurgent Vitality	resurgent vitality	feat:resurgent_vitality	feat	title
Resurgent Vitality	resurgent vitality	wiki:Resurgent_Vitality	feat	title
Retaliation	retaliation	talent:retaliation	talent	title
Retaliation Jab	retaliation jab	talent:retaliation_jab	talent	title
Retreating Fire	retreating fire	talent:retreating_fire	talent	title
Retribution	retribution	talent:retribution	talent	title
Return Fire	return fire	feat:return_fire	feat	title
Return Fire	return fire	wiki:Return_Fire	feat	title
Returning Bug	returning bug	feat:returning_bug	feat	title
Returning Bug	returning bug	wiki:Returning_Bug	feat	title
Revealing Secrets	revealing secret	talent:revealing_secret	talent	title
Revelation	revelation	talent:revelation	talent	title
Revenge	revenge	talent:revenge	talent	title
Reverse Strength	reverse strength	talent:reverse_strength	talent	title
Revolutionary Rhetoric	revolutionary rhetoric	talent:revolutionary_rhetoric	talent	title
Revolutionary Talent Tree	revolutionary talent tree	talent-tree:revolutionary_talent_tree	talent-tree	title
Revolutionary Talent Tree	revolutionary talent tree	wiki:Revolutionary_Talent_Tree	talent-tree	title
Ricochet Shot	ricochet shot	talent:ricochet_shot	talent	title
Ride	ride	wiki:Ride	skill	slug
Ride (Dex)	ride dex	skill:ride_dex	skill	title
Ride (Dex)	ride dex	wiki:Ride	skill	title
Ride the Current	ride the current	talent:ride_the_current	talent	title
Rifles	rifle	weapon-group:rifle	weapon-group	title
Rifles	rifle	wiki:Rifles	weapon-group	title
Rifle Master	rifle master	talent:rifle_master	talent	title
Riflemaster	riflemaster	feat:riflemaster	feat	title
Riflemaster	riflemaster	wiki:Riflemaster	feat	title
Right Gear for the Job	right gear for the job	talent:right_gear_for_the_job	talent	title
Riposte	riposte	talent:riposte	talent	title
The Rise of the Empire Era	rise of the empire era	wiki:Category:The_Rise_of_the_Empire_Era	index	slug
The Rise of the Empire Era (Category)	rise of the empire era category	index:rise_of_the_empire_era_category	index	title
Rising Anger	rising anger	talent:rising_anger	talent	title
Rising Panic	rising panic	talent:rising_panic	talent	title
Rising Whirlwind	rising whirlwind	force-power:rising_whirlwind	force-power	title
Rising Whirlwind	rising whirlwind	wiki:Rising_Whirlwind	force-power	title
Risk for Reward	risk for reward	talent:risk_for_reward	talent	title
Risk Taker	risk taker	feat:risk_taker	feat	title
Risk Taker	risk taker	wiki:Risk_Taker	feat	title
Rocket Jumper Talent Tree	rocket jumper talent tree	talent-tree:rocket_jumper_talent_tree	talent-tree	title
Rocket Jumper Talent Tree	rocket jumper talent tree	wiki:Rocket_Jumper_Talent_Tree	talent-tree	title
Rodian	rodian	species:rodian	species	title
Rodian	rodian	wiki:Rodian	species	title
Roll With It	roll with it	talent:roll_with_it	talent	title
Run and Gun Talent Tree	run and gun talent tree	talent-tree:run_and_gun_talent_tree	talent-tree	title
Run and Gun Talent Tree	run and gun talent tree	wiki:Run_and_Gun_Talent_Tree	talent-tree	title
Run Interference	run interference	talent:run_interference	talent	title
Run lnterference	run lnterference	talent:run_lnterference	talent	title
Running Attack	running attack	feat:running_attack	feat	title
Running Attack	running attack	wiki:Running_Attack	feat	title
Ruthless	ruthless	talent:ruthless	talent	title
Ruthless Mercenary	ruthless mercenary	talent:ruthless_mercenary	talent	title
Ruthless Negotiator	ruthless negotiator	talent:ruthless_negotiator	talent	title
Ryn	ryn	species:ryn	species	title
Ryn	ryn	wiki:Ryn	species	title
Saber Swarm	saber swarm	force-power:saber_swarm	force-power	title
Saber Swarm	saber swarm	wiki:Saber_Swarm	force-power	title
Sabotage Device	sabotage device	talent:sabotage_device	talent	title
Sabotage Talent Tree	sabotage talent tree	talent-tree:sabotage_talent_tree	talent-tree	title
Sabotage Talent Tree	sabotage talent tree	wiki:Sabotage_Talent_Tree	talent-tree	title
Saboteur	saboteur	prestige-class:saboteur	prestige-class	title
Saboteur	saboteur	wiki:Saboteur	prestige-class	title
Sadistic Strike	sadistic strike	feat:sadistic_strike	feat	title
Sadistic Strike	sadistic strike	wiki:Sadistic_Strike	feat	title
Safe Passage	safe passage	talent:safe_passage	talent	title
Safe Zone	safe zone	talent:safe_zone	talent	title
Sakiyan	sakiyan	species:sakiyan	species	title
Sakiyan	sakiyan	wiki:Sakiyan	species	title
Sarlacc Sweep	sarlacc sweep	force-power:sarlacc_sweep	force-power	title
Sarlacc Sweep	sarlacc sweep	wiki:Sarlacc_Sweep	force-power	title
Savage Attack	savage attack	feat:savage_attack	feat	title
Savage Attack	savage attack	wiki:Savage_Attack	feat	title
Savage Reputation	savage reputation	talent:savage_reputation	talent	title
Scavenger	scavenger	feat:scavenger	feat	title
Scavenger	scavenger	wiki:Scavenger	feat	title
Scavenger's Guide to Droids	scavenger's guide to droid	wiki:Category:Scavenger's_Guide_to_Droids	compilation	slug
Scavenger's Guide to Droids (Compilation)	scavenger's guide to droids compilation	compilation:scavenger's_guide_to_droids_compilation	compilation	title
Scent	scent	wiki:Category:Scent	index	slug
Scent (Category)	scent category	index:scent_category	index	title
Scholarly Knowledge	scholarly knowledge	talent:scholarly_knowledge	talent	title
Science Analyzer	science analyzer	talent:science_analyzer	talent	title
Scion of Dorin	scion of dorin	feat:scion_of_dorin	feat	title
Scion of Dorin	scion of dorin	wiki:Scion_of_Dorin	feat	title
Scomp Link Slicer	scomp link slicer	talent:scomp_link_slicer	talent	title
Scoundrel	scoundrel	heroic-class:scoundrel	heroic-class	title
Scoundrel	scoundrel	wiki:Scoundrel	heroic-class	title
Scoundrel Bonus Feats	scoundrel bonus feat	feat:scoundrel_bonus_feat	feat	title
Scoundrel Bonus Feats	scoundrel bonus feat	wiki:Scoundrel_Bonus_Feats	feat	title
Scout	scout	heroic-class:scout	heroic-class	title
Scout	scout	wiki:Scout	heroic-class	title
Scout Bonus Feats	scout bonus feat	feat:scout_bonus_feat	feat	title
Scout Bonus Feats	scout bonus feat	wiki:Scout_Bonus_Feats	feat	title
Scripted Routines	scripted routine	talent:scripted_routine	talent	title
Scum and Villainy	scum and villainy	wiki:Category:Scum_and_Villainy	compilation	slug
Scum and Villainy (Compilation)	scum and villainy compilation	compilation:scum_and_villainy_compilation	compilation	title
Search and Destroy	search and destroy	talent:search_and_destroy	talent	title
Second Chance	second chance	talent:second_chance	talent	title
Second Skin	second skin	talent:second_skin	talent	title
Second Strike	second strike	talent:second_strike	talent	title
Security Slicer	security slicer	talent:security_slicer	talent	title
Seducer	seducer	talent:seducer	talent	title
Seek and Destroy	seek and destroy	talent:seek_and_destroy	talent	title
Seen It All	seen it all	talent:seen_it_all	talent	title
Seize a Moment	seize a moment	talent:seize_a_moment	talent	title
Seize Object	seize object	talent:seize_object	talent	title
Seize the Moment	seize the moment	talent:seize_the_moment	talent	title
Selkath	selkath	species:selkath	species	title
Selkath	selkath	wiki:Selkath	species	title
Sense	sense	wiki:Sense_Talent_Tree	talent-tree	anchor
Sense Deception	sense deception	talent:sense_deception	talent	title
Sense Deceptive Influence	sense deceptive influence	talent:sense_deceptive_influence	talent	title
Sense Primal Force	sense primal force	talent:sense_primal_force	talent	title
Sense Talent Tree	sense talent tree	talent-tree:sense_talent_tree	talent-tree	title
Sense Talent Tree	sense talent tree	wiki:Sense_Talent_Tree	talent-tree	title
Sensor Link	sensor link	feat:sensor_link	feat	title
Sensor Link	sensor link	wiki:Sensor_Link	feat	title
Sentinel Strike	sentinel strike	talent:sentinel_strike	talent	title
Sentinel's Gambit	sentinel's gambit	talent:sentinel's_gambit	talent	title
Sentinel's Observation	sentinel's observation	talent:sentinel's_observation	talent	title
Separatist Military Training	separatist military training	feat:separatist_military_training	feat	title
Separatist Military Training	separatist military training	wiki:Separatist_Military_Training	feat	title
Serenity	serenity	class-ability:serenity	class-ability	title
Set for Stun	set for stun	talent:set_for_stun	talent	title
Sever Force	sever force	force-power:sever_force	force-power	title
Sever Force	sever force	wiki:Sever_Force	force-power	title
Severing Strike	severing strike	talent:severing_strike	talent	title
Seyugi Cyclone	seyugi cyclone	talent:seyugi_cyclone	talent	title
Seyugi Dervish Talent Tree	seyugi dervish talent tree	talent-tree:seyugi_dervish_talent_tree	talent-tree	title
Seyugi Dervish Talent Tree	seyugi dervish talent tree	wiki:Seyugi_Dervish_Talent_Tree	talent-tree	title
The Seyugi Dervishes	seyugi dervishe	affiliation:seyugi_dervishe	affiliation	title
The Seyugi Dervishes	seyugi dervishe	wiki:The_Seyugi_Dervishes	affiliation	title
Shadow Armour	shadow armour	talent:shadow_armour	talent	title
Shadow Striker	shadow striker	talent:shadow_striker	talent	title
Shadow Vision	shadow vision	talent:shadow_vision	talent	title
Shake It Off	shake it off	feat:shake_it_off	feat	title
Shake It Off	shake it off	wiki:Shake_It_Off	feat	title
Shaped Explosion	shaped explosion	talent:shaped_explosion	talent	title
Shaped Power	shaped power	class-ability:shaped_power	class-ability	title
Shaper	shaper	prestige-class:shaper	prestige-class	title
Shaper	shaper	wiki:Shaper	prestige-class	title
Shaper of Kro Var Talent Tree	shaper of kro var talent tree	talent-tree:shaper_of_kro_var_talent_tree	talent-tree	title
Shaper of Kro Var Talent Tree	shaper of kro var talent tree	wiki:Shaper_of_Kro_Var_Talent_Tree	talent-tree	title
Shaper Talent Tree	shaper talent tree	talent-tree:shaper_talent_tree	talent-tree	title
Shaper Talent Tree	shaper talent tree	wiki:Shaper_Talent_Tree	talent-tree	title
The Shapers of Kro Var	shapers of kro var	affiliation:shapers_of_kro_var	affiliation	title
The Shapers of Kro Var	shapers of kro var	wiki:The_Shapers_of_Kro_Var	affiliation	title
Shapeshift	shapeshift	wiki:Category:Shapeshift	index	slug
Shapeshift (Category)	shapeshift category	index:shapeshift_category	index	title
Shard	shard	species:shard	species	title
Shard	shard	wiki:Shard	species	title
Share Force Secret	share force secret	talent:share_force_secret	talent	title
Share Force Technique	share force technique	talent:share_force_technique	talent	title
Share Jedi Talent	share jedi talent	talent:share_jedi_talent	talent	title
Share Talent	share talent	class-ability:share_talent	class-ability	title
Share Talent	share talent	talent:share_talent	talent	title
Shared Notoriety	shared notoriety	talent:shared_notoriety	talent	title
Sharp Senses	sharp sense	feat:sharp_sense	feat	title
Sharp Senses	sharp sense	wiki:Sharp_Senses	feat	title
Sharpshooter Talent Tree	sharpshooter talent tree	talent-tree:sharpshooter_talent_tree	talent-tree	title
Sharpshooter Talent Tree	sharpshooter talent tree	wiki:Sharpshooter_Talent_Tree	talent-tree	title
Shatterpoint	shatterpoint	force-power:shatterpoint	force-power	title
Shatterpoint	shatterpoint	wiki:Shatterpoint	force-power	title
Shellshock	shellshock	talent:shellshock	talent	title
Shelter	shelter	talent:shelter	talent	title
Sheltering Stance	sheltering stance	talent:sheltering_stance	talent	title
Shield Expert	shield expert	talent:shield_expert	talent	title
Shield Gauntlet	shield gauntlet	armor:shield_gauntlet	armor	title
Shield Gauntlet	shield gauntlet	wiki:Shield_Gauntlet	armor	title
Shield Gauntlet Defense	shield gauntlet defense	talent:shield_gauntlet_defense	talent	title
Shield Gauntlet Deflect	shield gauntlet deflect	talent:shield_gauntlet_deflect	talent	title
Shield Gauntlet Redirect	shield gauntlet redirect	talent:shield_gauntlet_redirect	talent	title
Shield Generator System	shield generator system	droid-system:shield_generator_system	droid-system	title
Shield Generator System	shield generator system	wiki:Shield_Generator_System	droid-system	title
Shield Rating	shield rating	wiki:Attacks	rule	redirect
Shield Surge	shield surge	feat:shield_surge	feat	title
Shield Surge	shield surge	wiki:Shield_Surge	feat	title
Shien	shien	talent:shien	talent	title
Shien	shien	wiki:Lightsaber_Forms_Talent_Tree	talent-tree	redirect
Shien Deflection	shien deflection	force-power:shien_deflection	force-power	title
Shien Deflection	shien deflection	wiki:Shien_Deflection	force-power	title
Shift	shift	talent:shift	talent	title
Shift Defense I	shift defense i	talent:shift_defense_i	talent	title
Shift Defense II	shift defense ii	talent:shift_defense_ii	talent	title
Shift Defense III	shift defense iii	talent:shift_defense_iii	talent	title
Shift Sense	shift sense	talent:shift_sense	talent	title
Shii-Cho	shii cho	talent:shii_cho	talent	title
Shii-Cho	shii cho	wiki:Lightsaber_Forms_Talent_Tree	talent-tree	redirect
Shistavanen	shistavanen	species:shistavanen	species	title
Shistavanen	shistavanen	wiki:Shistavanen	species	title
Shockboxer Talent Tree	shockboxer talent tree	talent-tree:shockboxer_talent_tree	talent-tree	title
Shockboxer Talent Tree	shockboxer talent tree	wiki:Shockboxer_Talent_Tree	talent-tree	title
Shockboxing	shockboxing	other:shockboxing	other	title
Shockboxing	shockboxing	wiki:Shockboxing	other	title
Shoot from the Hip	shoot from the hip	talent:shoot_from_the_hip	talent	title
Shoto Focus	shoto focus	talent:shoto_focus	talent	title
Shoto Master	shoto master	talent:shoto_master	talent	title
Shoto Pin	shoto pin	talent:shoto_pin	talent	title
Shoulder to Shoulder	shoulder to shoulder	talent:shoulder_to_shoulder	talent	title
Shrewd Bargainer	shrewd bargainer	feat:shrewd_bargainer	feat	title
Shrewd Bargainer	shrewd bargainer	wiki:Shrewd_Bargainer	feat	title
Siang Lance	siang lance	weapon:siang_lance	weapon	title
Siang Lance	siang lance	wiki:Siang_Lance	weapon	title
Siang Lance Mastery	siang lance mastery	talent:siang_lance_mastery	talent	title
Sickening Blast	sickening blast	talent:sickening_blast	talent	title
Sidestep	sidestep	talent:sidestep	talent	title
Signature Device	signature device	feat:signature_device	feat	title
Signature Device	signature device	wiki:Signature_Device	feat	title
Signature Item	signature item	talent:signature_item	talent	title
Silent Movement	silent movement	talent:silent_movement	talent	title
Silent Takedown	silent takedown	talent:silent_takedown	talent	title
Silicon Mind	silicon mind	talent:silicon_mind	talent	title
Silver Tongue	silver tongue	feat:silver_tongue	feat	title
Silver Tongue	silver tongue	wiki:Silver_Tongue	feat	title
Similatanous Strike	similatanous strike	talent:similatanous_strike	talent	title
Simple Opportunity	simple opportunity	talent:simple_opportunity	talent	title
Simple Weapons	simple weapon	wiki:Category:Simple_Weapons	index	slug
Simple Weapons (Category)	simple weapons category	index:simple_weapons_category	index	title
Simple Weapons (Melee)	simple weapons melee	weapon-group:simple_weapons_melee	weapon-group	title
Simple Weapons (Melee)	simple weapons melee	wiki:Simple_Weapons_(Melee)	weapon-group	title
Simultaneous Strike	simultaneous strike	talent:simultaneous_strike	talent	title
Single Weapon Flourish I	single weapon flourish i	talent:single_weapon_flourish_i	talent	title
Single Weapon Flourish II	single weapon flourish ii	talent:single_weapon_flourish_ii	talent	title
The Sith	sith	affiliation:sith	affiliation	title
The Sith	sith	wiki:The_Sith	affiliation	title
Sith Advanced Alchemy	sith advanced alchemy	talent:sith_advanced_alchemy	talent	title
Sith Alchemy	sith alchemy	talent:sith_alchemy	talent	title
Sith Alchemy Specialist	sith alchemy specialist	talent:sith_alchemy_specialist	talent	title
Sith Alchemy Talent Tree	sith alchemy talent tree	talent-tree:sith_alchemy_talent_tree	talent-tree	title
Sith Alchemy Talent Tree	sith alchemy talent tree	wiki:Sith_Alchemy_Talent_Tree	talent-tree	title
Sith Apprentice	sith apprentice	prestige-class:sith_apprentice	prestige-class	title
Sith Apprentice	sith apprentice	wiki:Sith_Apprentice	prestige-class	title
Sith Commander Talent Tree	sith commander talent tree	talent-tree:sith_commander_talent_tree	talent-tree	title
Sith Commander Talent Tree	sith commander talent tree	wiki:Sith_Commander_Talent_Tree	talent-tree	title
Sith Lord	sith lord	prestige-class:sith_lord	prestige-class	title
Sith Lord	sith lord	wiki:Sith_Lord	prestige-class	title
Sith Military Training	sith military training	feat:sith_military_training	feat	title
Sith Military Training	sith military training	wiki:Sith_Military_Training	feat	title
Sith Reverence	sith reverence	talent:sith_reverence	talent	title
Sith Talent Tree	sith talent tree	talent-tree:sith_talent_tree	talent-tree	title
Sith Talent Tree	sith talent tree	wiki:Sith_Talent_Tree	talent-tree	title
Six Questions	six question	talent:six_question	talent	title
Skakoan	skakoan	species:skakoan	species	title
Skakoan	skakoan	wiki:Skakoan	species	title
Skills	skill	rule:skill	rule	title
Skills	skill	wiki:Skills	rule	title
Skill Boon	skill boon	talent:skill_boon	talent	title
Skill Challenges	skill challenge	rule:skill_challenge	rule	title
Skill Challenges	skill challenge	wiki:Skill_Challenges	rule	title
Skill Challenge: Catastrophic Avoidance	skill challenge catastrophic avoidance	feat:skill_challenge_catastrophic_avoidance	feat	title
Skill Challenge: Catastrophic Avoidance	skill challenge catastrophic avoidance	wiki:Skill_Challenge:_Catastrophic_Avoidance	feat	title
Skill Challenge: Last Resort	skill challenge last resort	feat:skill_challenge_last_resort	feat	title
Skill Challenge: Last Resort	skill challenge last resort	wiki:Skill_Challenge:_Last_Resort	feat	title
Skill Challenge: Recovery	skill challenge recovery	feat:skill_challenge_recovery	feat	title
Skill Challenge: Recovery	skill challenge recovery	wiki:Skill_Challenge:_Recovery	feat	title
Skill Challenge Talent Tree	skill challenge talent tree	talent-tree:skill_challenge_talent_tree	talent-tree	title
Skill Challenge Talent Tree	skill challenge talent tree	wiki:Skill_Challenge_Talent_Tree	talent-tree	title
Skill Checks	skill check	wiki:Skills	rule	redirect
Skill Confidence	skill confidence	talent:skill_confidence	talent	title
Skill Conversion	skill conversion	talent:skill_conversion	talent	title
Skill Focus	skill focus	feat:skill_focus	feat	title
Skill Focus	skill focus	wiki:Skill_Focus	feat	title
Skill Focus (Deception)	skill focus deception	wiki:Skill_Focus	feat	redirect
Skill Focus (Knowledge (Galactic Lore))	skill focus knowledge galactic lore	wiki:Skill_Focus	feat	redirect
Skill Focus (Knowledge (Social Sciences))	skill focus knowledge social science	wiki:Skill_Focus	feat	redirect
Skill Training	skill training	feat:skill_training	feat	title
Skill Training	skill training	wiki:Skill_Training	feat	title
Skilled Advisor	skilled advisor	talent:skilled_advisor	talent	title
Skilled Demolitionist	skilled demolitionist	talent:skilled_demolitionist	talent	title
Skilled Implanter	skilled implanter	talent:skilled_implanter	talent	title
Skillful Recovery	skillful recovery	talent:skillful_recovery	talent	title
Skillful Recovery (Use the Force)	skillful recovery use the force	talent:skillful_recovery_use_the_force	talent	title
Skirmisher	skirmisher	talent:skirmisher	talent	title
Slammer	slammer	feat:slammer	feat	title
Slammer	slammer	wiki:Slammer	feat	title
Slashing Charge	slashing charge	talent:slashing_charge	talent	title
Slicer Talent Tree	slicer talent tree	talent-tree:slicer_talent_tree	talent-tree	title
Slicer Talent Tree	slicer talent tree	wiki:Slicer_Talent_Tree	talent-tree	title
Slicer Team	slicer team	feat:slicer_team	feat	title
Slicer Team	slicer team	wiki:Slicer_Team	feat	title
Slip By	slip by	talent:slip_by	talent	title
Slippery Maneuver	slippery maneuver	feat:slippery_maneuver	feat	title
Slippery Maneuver	slippery maneuver	wiki:Slippery_Maneuver	feat	title
Slippery Strike	slippery strike	talent:slippery_strike	talent	title
Slipping By	slipping by	talent:slipping_by	talent	title
Slow	slow	force-power:slow	force-power	title
Slow	slow	wiki:Slow	force-power	title
Slowing Shot	slowing shot	talent:slowing_shot	talent	title
Slowing Stun	slowing stun	talent:slowing_stun	talent	title
Sluissi	sluissi	species:sluissi	species	title
Sluissi	sluissi	wiki:Sluissi	species	title
Sly Combatant	sly combatant	talent:sly_combatant	talent	title
Small Favor	small favor	talent:small_favor	talent	title
Small Target	small target	talent:small_target	talent	title
Smuggling Talent Tree	smuggling talent tree	talent-tree:smuggling_talent_tree	talent-tree	title
Smuggling Talent Tree	smuggling talent tree	wiki:Smuggling_Talent_Tree	talent-tree	title
Snap Shot	snap shot	talent:snap_shot	talent	title
Sneak Attack	sneak attack	talent:sneak_attack	talent	title
Sniper	sniper	feat:sniper	feat	title
Sniper	sniper	wiki:Sniper	feat	title
Sniper Shot	sniper shot	feat:sniper_shot	feat	title
Sniper Shot	sniper shot	wiki:Sniper_Shot	feat	title
Sniping Assassin	sniping assassin	talent:sniping_assassin	talent	title
Sniping Marksman	sniping marksman	talent:sniping_marksman	talent	title
Sniping Master	sniping master	talent:sniping_master	talent	title
Snivvian	snivvian	species:snivvian	species	title
Snivvian	snivvian	wiki:Snivvian	species	title
Soft Reset	soft reset	talent:soft_reset	talent	title
Soft to Solid	soft to solid	talent:soft_to_solid	talent	title
Soften the Target	soften the target	talent:soften_the_target	talent	title
Sokan	sokan	talent:sokan	talent	title
Sokan	sokan	wiki:Lightsaber_Forms_Talent_Tree	talent-tree	redirect
Soldier	soldier	heroic-class:soldier	heroic-class	title
Soldier	soldier	wiki:Soldier	heroic-class	title
Soldier Bonus Feats	soldier bonus feat	feat:soldier_bonus_feat	feat	title
Soldier Bonus Feats	soldier bonus feat	wiki:Soldier_Bonus_Feats	feat	title
Soothe	soothe	talent:soothe	talent	title
Soothing Presence	soothing presence	talent:soothing_presence	talent	title
Sorcerer of Rhand	sorcerer of rhand	species:sorcerer_of_rhand	species	title
Sorcerer of Rhand	sorcerer of rhand	wiki:Sorcerer_of_Rhand	species	title
Soresu	soresu	talent:soresu	talent	title
Soresu	soresu	wiki:Lightsaber_Forms_Talent_Tree	talent-tree	redirect
Sow Confusion	sow confusion	talent:sow_confusion	talent	title
Spacehound	spacehound	talent:spacehound	talent	title
Spacer Talent Tree	spacer talent tree	talent-tree:spacer_talent_tree	talent-tree	title
Spacer Talent Tree	spacer talent tree	wiki:Spacer_Talent_Tree	talent-tree	title
Spacer's Surge	spacer's surge	feat:spacer's_surge	feat	title
Spacer's Surge	spacer's surge	wiki:Spacer's_Surge	feat	title
Spatial Integrity	spatial integrity	talent:spatial_integrity	talent	title
Specialized Droid Talent Tree	specialized droid talent tree	talent-tree:specialized_droid_talent_tree	talent-tree	title
Specialized Droid Talent Tree	specialized droid talent tree	wiki:Specialized_Droid_Talent_Tree	talent-tree	title
Species	specie	rule:specie	rule	title
Species	specie	wiki:Species	rule	title
Species Feat	species feat	feat:species_feat	feat	title
Speed	speed	rule:speed	rule	title
Speed	speed	wiki:Speed	rule	title
Speed Implant	speed implant	talent:speed_implant	talent	title
Speedclimber	speedclimber	talent:speedclimber	talent	title
Speeders	speeder	rule:speeder	rule	title
Speeders	speeder	wiki:Speeders	rule	title
Splash	splash	wiki:Attacks	rule	redirect
Spontaneous Skill	spontaneous skill	talent:spontaneous_skill	talent	title
Sport Hunter	sport hunter	feat:sport_hunter	feat	title
Sport Hunter	sport hunter	wiki:Sport_Hunter	feat	title
Spotter	spotter	talent:spotter	talent	title
Spray Shot	spray shot	feat:spray_shot	feat	title
Spray Shot	spray shot	wiki:Spray_Shot	feat	title
Spring the Trap	spring the trap	talent:spring_the_trap	talent	title
Sprint	sprint	talent:sprint	talent	title
Spy Talent Tree	spy talent tree	talent-tree:spy_talent_tree	talent-tree	title
Spy Talent Tree	spy talent tree	wiki:Spy_Talent_Tree	talent-tree	title
SpyNet Agent	spynet agent	talent:spynet_agent	talent	title
Squad Actions	squad action	talent:squad_action	talent	title
Squad Brutality	squad brutality	talent:squad_brutality	talent	title
Squad Leader Talent Tree	squad leader talent tree	talent-tree:squad_leader_talent_tree	talent-tree	title
Squad Leader Talent Tree	squad leader talent tree	wiki:Squad_Leader_Talent_Tree	talent-tree	title
Squad Leadership Talent Tree	squad leadership talent tree	talent-tree:squad_leadership_talent_tree	talent-tree	title
Squad Leadership Talent Tree	squad leadership talent tree	wiki:Squad_Leadership_Talent_Tree	talent-tree	title
Squad Superiority	squad superiority	talent:squad_superiority	talent	title
Squadron Leader Talent Tree	squadron leader talent tree	talent-tree:squadron_leader_talent_tree	talent-tree	title
Squadron Leader Talent Tree	squadron leader talent tree	wiki:Squadron_Leader_Talent_Tree	talent-tree	title
Squadron Maneuvers	squadron maneuver	talent:squadron_maneuver	talent	title
Squadron Tactics	squadron tactic	talent:squadron_tactic	talent	title
Squib	squib	species:squib	species	title
Squib	squib	wiki:Squib	species	title
Ssi-Ruu	ssi ruu	species:ssi_ruu	species	title
Ssi-Ruu	ssi ruu	wiki:Ssi-Ruu	species	title
Stagger	stagger	force-power:stagger	force-power	title
Stagger	stagger	wiki:Stagger	force-power	title
Staggering Attack	staggering attack	feat:staggering_attack	feat	title
Staggering Attack	staggering attack	wiki:Staggering_Attack	feat	title
Staggering Attack (GAW)	staggering attack gaw	feat:staggering_attack_gaw	feat	title
Stalwart Subordanates	stalwart subordanate	talent:stalwart_subordanate	talent	title
Stalwart Subordinates	stalwart subordinate	talent:stalwart_subordinate	talent	title
Stand Tall	stand tall	feat:stand_tall	feat	title
Stand Tall	stand tall	wiki:Stand_Tall	feat	title
Standard Actions	standard action	wiki:Category:Standard_Actions	index	slug
Standard Actions (Category)	standard actions category	index:standard_actions_category	index	title
Starships	starship	wiki:Category:Starships	index	slug
Starship Designer	starship designer	feat:starship_designer	feat	title
Starship Designer	starship designer	wiki:Starship_Designer	feat	title
Starship Maneuvers	starship maneuver	other:starship_maneuver	other	title
Starship Maneuvers	starship maneuver	wiki:Starship_Maneuvers	other	title
Starship Modifications	starship modification	other:starship_modification	other	title
Starship Modifications	starship modification	wiki:Starship_Modifications	other	title
Starship Raider	starship raider	talent:starship_raider	talent	title
Starship Tactics	starship tactic	feat:starship_tactic	feat	title
Starship Tactics	starship tactic	wiki:Starship_Tactics	feat	title
Starships (Category)	starships category	index:starships_category	index	title
Starships of the Galaxy	starships of the galaxy	wiki:Category:Starships_of_the_Galaxy	compilation	slug
Starships of the Galaxy (Compilation)	starships of the galaxy compilation	compilation:starships_of_the_galaxy_compilation	compilation	title
Stava Expertise	stava expertise	talent:stava_expertise	talent	title
Stava Training	stava training	feat:stava_training	feat	title
Stava Training	stava training	wiki:Stava_Training	feat	title
Stay Fighting	stay fighting	talent:stay_fighting	talent	title
Stay in the Fight	stay in the fight	talent:stay_in_the_fight	talent	title
Stay Up	stay up	feat:stay_up	feat	title
Stay Up	stay up	wiki:Stay_Up	feat	title
Steady Under Pressure	steady under pressure	talent:steady_under_pressure	talent	title
Steadying Position	steadying position	feat:steadying_position	feat	title
Steadying Position	steadying position	wiki:Steadying_Position	feat	title
Stealth	stealth	wiki:Stealth	skill	slug
Stealth (Dex)	stealth dex	skill:stealth_dex	skill	title
Stealth (Dex)	stealth dex	wiki:Stealth	skill	title
Stealthy Withdrawal	stealthy withdrawal	talent:stealthy_withdrawal	talent	title
Stealthy Withdrawl	stealthy withdrawl	talent:stealthy_withdrawl	talent	title
Steel Mind	steel mind	talent:steel_mind	talent	title
Steel Resolve	steel resolve	talent:steel_resolve	talent	title
Stellar Warrior	stellar warrior	talent:stellar_warrior	talent	title
Stereb	stereb	species:stereb	species	title
Stereb	stereb	wiki:Stereb	species	title
Stick Together	stick together	talent:stick_together	talent	title
Stifle Conflict	stifle conflict	talent:stifle_conflict	talent	title
Stinging Assault	stinging assault	talent:stinging_assault	talent	title
Stinging Jab	stinging jab	talent:stinging_jab	talent	title
Stolen Advantage	stolen advantage	talent:stolen_advantage	talent	title
Stolen Form	stolen form	talent:stolen_form	talent	title
Strafe	strafe	feat:strafe	feat	title
Strafe	strafe	wiki:Strafe	feat	title
Strength	strength	wiki:Abilities	rule	redirect
Strength Implant	strength implant	talent:strength_implant	talent	title
Strength in Numbers	strength in number	talent:strength_in_number	talent	title
Strength of the Empire	strength of the empire	talent:strength_of_the_empire	talent	title
Strike and Run	strike and run	talent:strike_and_run	talent	title
Strong Bellow	strong bellow	feat:strong_bellow	feat	title
Strong Bellow	strong bellow	wiki:Strong_Bellow	feat	title
Strong Grab	strong grab	talent:strong_grab	talent	title
Strong in the Force	strong in the force	feat:strong_in_the_force	feat	title
Strong in the Force	strong in the force	wiki:Strong_in_the_Force	feat	title
Strong-Willed	strong willed	talent:strong_willed	talent	title
Stun Turret	stun turret	talent:stun_turret	talent	title
Stunning Shockboxer	stunning shockboxer	talent:stunning_shockboxer	talent	title
Stunning Strike	stunning strike	talent:stunning_strike	talent	title
Stymie	stymie	talent:stymie	talent	title
Subcutaneous Comlink	subcutaneous comlink	equipment:subcutaneous_comlink	equipment	title
Subcutaneous Comlink	subcutaneous comlink	wiki:Subcutaneous_Comlink	equipment	title
Sucker Punch	sucker punch	talent:sucker_punch	talent	title
Sudden Storm	sudden storm	talent:sudden_storm	talent	title
Sudden Strike	sudden strike	talent:sudden_strike	talent	title
Sullustan	sullustan	species:sullustan	species	title
Sullustan	sullustan	wiki:Sullustan	species	title
Summon Aid	summon aid	talent:summon_aid	talent	title
Superior Skills Talent Tree	superior skills talent tree	talent-tree:superior_skills_talent_tree	talent-tree	title
Superior Skills Talent Tree	superior skills talent tree	wiki:Superior_Skills_Talent_Tree	talent-tree	title
Superior Tech	superior tech	feat:superior_tech	feat	title
Superior Tech	superior tech	wiki:Superior_Tech	feat	title
Supervising Droid	supervising droid	talent:supervising_droid	talent	title
Suppress Force	suppress force	talent:suppress_force	talent	title
Suppression Fire	suppression fire	feat:suppression_fire	feat	title
Suppression Fire	suppression fire	wiki:Suppression_Fire	feat	title
Sure Climber	sure climber	feat:sure_climber	feat	title
Sure Climber	sure climber	wiki:Sure_Climber	feat	title
Surefooted	surefooted	talent:surefooted	talent	title
Surge	surge	force-power:surge	force-power	title
Surge	surge	talent:surge	talent	title
Surge	surge	wiki:Surge	force-power	title
Surge of Light	surge of light	talent:surge_of_light	talent	title
Surgical Expertise	surgical expertise	feat:surgical_expertise	feat	title
Surgical Expertise	surgical expertise	wiki:Surgical_Expertise	feat	title
Surprise Strike	surprise strike	talent:surprise_strike	talent	title
Surprising Weapons	surprising weapon	talent:surprising_weapon	talent	title
Surprisingly Quick	surprisingly quick	talent:surprisingly_quick	talent	title
Surrender to the Current	surrender to the current	talent:surrender_to_the_current	talent	title
Surveillance	surveillance	talent:surveillance	talent	title
Surveillance Talent Tree	surveillance talent tree	talent-tree:surveillance_talent_tree	talent-tree	title
Surveillance Talent Tree	surveillance talent tree	wiki:Surveillance_Talent_Tree	talent-tree	title
Survival	survival	wiki:Survival	skill	slug
Survival (Wis)	survival wis	skill:survival_wis	skill	title
Survival (Wis)	survival wis	wiki:Survival	skill	title
Survivor of Ryloth	survivor of ryloth	feat:survivor_of_ryloth	feat	title
Survivor of Ryloth	survivor of ryloth	wiki:Survivor_of_Ryloth	feat	title
Survivor Talent Tree	survivor talent tree	talent-tree:survivor_talent_tree	talent-tree	title
Survivor Talent Tree	survivor talent tree	wiki:Survivor_Talent_Tree	talent-tree	title
Swarm	swarm	feat:swarm	feat	title
Swarm Attack	swarm attack	feat:swarm_attack	feat	title
Swarm Attack	swarm attack	wiki:Swarm_Attack	feat	title
Swerve	swerve	talent:swerve	talent	title
Swift Actions	swift action	wiki:Category:Swift_Actions	index	slug
Swift Actions (Category)	swift actions category	index:swift_actions_category	index	title
Swift Droid	swift droid	talent:swift_droid	talent	title
Swift Flank	swift flank	force-power:swift_flank	force-power	title
Swift Flank	swift flank	wiki:Swift_Flank	force-power	title
Swift Power	swift power	talent:swift_power	talent	title
Swift Shot	swift shot	talent:swift_shot	talent	title
Swift Strider	swift strider	talent:swift_strider	talent	title
Swim	swim	wiki:Swim	skill	slug
Swim (Str)	swim str	skill:swim_str	skill	title
Swim (Str)	swim str	wiki:Swim	skill	title
Sword of Vahl	sword of vahl	talent:sword_of_vahl	talent	title
Synchronized Fire	synchronized fire	talent:synchronized_fire	talent	title
System Hit	system hit	talent:system_hit	talent	title
Tactical Advantage	tactical advantage	feat:tactical_advantage	feat	title
Tactical Advantage	tactical advantage	wiki:Tactical_Advantage	feat	title
Tactical Edge	tactical edge	talent:tactical_edge	talent	title
Tactical Genius	tactical genius	feat:tactical_genius	feat	title
Tactical Genius	tactical genius	wiki:Tactical_Genius	feat	title
Tactical Savvy	tactical savvy	talent:tactical_savvy	talent	title
Tactical Superiority	tactical superiority	talent:tactical_superiority	talent	title
Tactical Withdraw	tactical withdraw	talent:tactical_withdraw	talent	title
Tae-Jitsu Expertise	tae jitsu expertise	talent:tae_jitsu_expertise	talent	title
Tae-Jitsu Training	tae jitsu training	feat:tae_jitsu_training	feat	title
Tae-Jitsu Training	tae jitsu training	wiki:Tae-Jitsu_Training	feat	title
Tag	tag	talent:tag	talent	title
Taint of the Dark Side	taint of the dark side	talent:taint_of_the_dark_side	talent	title
Take 10	take 10	wiki:Skills	rule	redirect
Take 20	take 20	wiki:Skills	rule	redirect
Take the Hit	take the hit	talent:take_the_hit	talent	title
Take Them Alive	take them alive	talent:take_them_alive	talent	title
Takedown	takedown	talent:takedown	talent	title
Talents	talent	rule:talent	rule	title
Talents	talent	wiki:Talents	rule	title
Talkdroid	talkdroid	talent:talkdroid	talent	title
Talz	talz	species:talz	species	title
Talz	talz	wiki:Talz	species	title
Tangle Up	tangle up	talent:tangle_up	talent	title
Target Acquisition	target acquisition	talent:target_acquisition	talent	title
Target Lock	target lock	talent:target_lock	talent	title
Target Visions	target vision	talent:target_vision	talent	title
Targeted Area	targeted area	feat:targeted_area	feat	title
Targeted Area	targeted area	wiki:Targeted_Area	feat	title
Targeted Lock	targeted lock	talent:targeted_lock	talent	title
Targeting Package	targeting package	talent:targeting_package	talent	title
Taris	taris	planet:taris	planet	title
Taris	taris	wiki:Taris	planet	title
Task Optimization	task optimization	talent:task_optimization	talent	title
Taung	taung	species:taung	species	title
Taung	taung	wiki:Taung	species	title
Team Feat	team feat	feat:team_feat	feat	title
Team Recruiting	team recruiting	talent:team_recruiting	talent	title
Tech Savant	tech savant	talent:tech_savant	talent	title
Tech Specialist	tech specialist	feat:tech_specialist	feat	title
Tech Specialist	tech specialist	wiki:Tech_Specialist	feat	title
Technical Experts	technical expert	feat:technical_expert	feat	title
Technical Experts	technical expert	wiki:Technical_Experts	feat	title
Technician	technician	heroic-class:technician	heroic-class	title
Technometry	technometry	force-power:technometry	force-power	title
Technometry	technometry	wiki:Technometry	force-power	title
Telekenetic Resistance	telekenetic resistance	talent:telekenetic_resistance	talent	title
Telekinetic Power	telekinetic power	talent:telekinetic_power	talent	title
Telekinetic Prodigy	telekinetic prodigy	talent:telekinetic_prodigy	talent	title
Telekinetic Resistance	telekinetic resistance	talent:telekinetic_resistance	talent	title
Telekinetic Savant	telekinetic savant	talent:telekinetic_savant	talent	title
Telekinetic Stability	telekinetic stability	talent:telekinetic_stability	talent	title
Telekinetic Strike	telekinetic strike	talent:telekinetic_strike	talent	title
Telekinetic Throw	telekinetic throw	talent:telekinetic_throw	talent	title
Telekinetic Vigilance	telekinetic vigilance	talent:telekinetic_vigilance	talent	title
Telepath Talent Tree	telepath talent tree	talent-tree:telepath_talent_tree	talent-tree	title
Telepath Talent Tree	telepath talent tree	wiki:Telepath_Talent_Tree	talent-tree	title
Telepathic Influence	telepathic influence	talent:telepathic_influence	talent	title
Telepathic Intruder	telepathic intruder	talent:telepathic_intruder	talent	title
Telepathic Link	telepathic link	talent:telepathic_link	talent	title
Tempered Aggression	tempered aggression	force-power:tempered_aggression	force-power	title
Tempered Aggression	tempered aggression	wiki:Tempered_Aggression	force-power	title
Tempest Tossed	tempest tossed	talent:tempest_tossed	talent	title
Temporal Awareness	temporal awareness	talent:temporal_awareness	talent	title
Temptation	temptation	class-ability:temptation	class-ability	title
Ter%C3%A4s K%C3%A4si Training	ter s k si training	wiki:Ter%C3%A4s_K%C3%A4si_Training	feat	slug
Teräs Käsi Basics	tera s ka si basic	talent:tera_s_ka_si_basic	talent	title
Teräs Käsi Mastery	tera s ka si mastery	talent:tera_s_ka_si_mastery	talent	title
Teräs Käsi Training	tera s ka si training	feat:tera_s_ka_si_training	feat	title
Teräs Käsi Training	tera s ka si training	wiki:Ter%C3%A4s_K%C3%A4si_Training	feat	anchor
Terrain Guidance	terrain guidance	talent:terrain_guidance	talent	title
Terrify	terrify	talent:terrify	talent	title
Tested in Battle	tested in battle	talent:tested_in_battle	talent	title
Thakwaash	thakwaash	species:thakwaash	species	title
Thakwaash	thakwaash	wiki:Thakwaash	species	title
Thick Skin	thick skin	feat:thick_skin	feat	title
Thick Skin	thick skin	wiki:Thick_Skin	feat	title
Thought Bomb	thought bomb	force-power:thought_bomb	force-power	title
Thought Bomb	thought bomb	wiki:Thought_Bomb	force-power	title
Threats of the Galaxy	threats of the galaxy	wiki:Category:Threats_of_the_Galaxy	compilation	slug
Threats of the Galaxy (Compilation)	threats of the galaxy compilation	compilation:threats_of_the_galaxy_compilation	compilation	title
Thrive on Chaos	thrive on chaos	talent:thrive_on_chaos	talent	title
Throw	throw	feat:throw	feat	title
Throw	throw	wiki:Throw	feat	title
Thrown Lightsaber Mastery	thrown lightsaber mastery	talent:thrown_lightsaber_mastery	talent	title
Thud Bug	thud bug	weapon:thud_bug	weapon	title
Thud Bug	thud bug	wiki:Thud_Bug	weapon	title
Thunderclap	thunderclap	talent:thunderclap	talent	title
Tireless Squad	tireless squad	feat:tireless_squad	feat	title
Tireless Squad	tireless squad	wiki:Tireless_Squad	feat	title
Tof	tof	species:tof	species	title
Tof	tof	wiki:Tof	species	title
Togorian	togorian	species:togorian	species	title
Togorian	togorian	wiki:Togorian	species	title
Togruta	togruta	species:togruta	species	title
Togruta	togruta	wiki:Togruta	species	title
Tool Frenzy	tool frenzy	feat:tool_frenzy	feat	title
Tool Frenzy	tool frenzy	wiki:Tool_Frenzy	feat	title
Tool Mount	tool mount	droid-system:tool_mount	droid-system	title
Tool Mount	tool mount	wiki:Tool_Mount	droid-system	title
Total Concealment	total concealment	talent:total_concealment	talent	title
Total Concealment	total concealment	wiki:Line_of_Sight	rule	redirect
Tough as Nails	tough as nail	talent:tough_as_nail	talent	title
Toughness	toughness	feat:toughness	feat	title
Toughness	toughness	wiki:Toughness	feat	title
Toydarian	toydarian	species:toydarian	species	title
Toydarian	toydarian	wiki:Toydarian	species	title
Trace	trace	talent:trace	talent	title
Traceless Tampering	traceless tampering	talent:traceless_tampering	talent	title
Tracked	tracked	droid-system:tracked	droid-system	title
Tracked	tracked	wiki:Tracked	droid-system	title
Tradition Talent Trees	tradition talent tree	wiki:Category:Tradition_Talent_Trees	index	slug
Tradition Talent Trees (Category)	tradition talent trees category	index:tradition_talent_trees_category	index	title
Trailblazer	trailblazer	talent:trailblazer	talent	title
Trained	trained	wiki:Skills	rule	redirect
Trained Skill	trained skill	wiki:Skills	rule	redirect
Trakata	trakata	talent:trakata	talent	title
Trakata	trakata	wiki:Lightsaber_Forms_Talent_Tree	talent-tree	redirect
Trample	trample	feat:trample	feat	title
Trample	trample	wiki:Trample	feat	title
Trandoshan	trandoshan	species:trandoshan	species	title
Trandoshan	trandoshan	wiki:Trandoshan	species	title
Transfer Essence	transfer essence	talent:transfer_essence	talent	title
Transfer Power	transfer power	talent:transfer_power	talent	title
Transposing Strike	transposing strike	talent:transposing_strike	talent	title
Treacherous	treacherous	talent:treacherous	talent	title
Treat Injury	treat injury	wiki:Treat_Injury	skill	slug
Treat Injury (Wis)	treat injury wis	skill:treat_injury_wis	skill	title
Treat Injury (Wis)	treat injury wis	wiki:Treat_Injury	skill	title
Trecherous	trecherous	talent:trecherous	talent	title
Trench Warrior	trench warrior	feat:trench_warrior	feat	title
Trench Warrior	trench warrior	wiki:Trench_Warrior	feat	title
Triage Scan	triage scan	talent:triage_scan	talent	title
Triangulate	triangulate	talent:triangulate	talent	title
Trianii	trianii	species:trianii	species	title
Trianii	trianii	wiki:Trianii	species	title
Trick Step	trick step	talent:trick_step	talent	title
Trickery Talent Tree	trickery talent tree	talent-tree:trickery_talent_tree	talent-tree	title
Trickery Talent Tree	trickery talent tree	wiki:Trickery_Talent_Tree	talent-tree	title
Trigger Work	trigger work	talent:trigger_work	talent	title
Trip	trip	feat:trip	feat	title
Trip	trip	wiki:Trip	feat	title
Triple Attack	triple attack	feat:triple_attack	feat	title
Triple Attack	triple attack	wiki:Triple_Attack	feat	title
Triple Crit	triple crit	feat:triple_crit	feat	title
Triple Crit	triple crit	wiki:Triple_Crit	feat	title
Triple Critical	triple critical	feat:triple_critical	feat	title
Tripwire	tripwire	talent:tripwire	talent	title
Trooper Talent Tree	trooper talent tree	talent-tree:trooper_talent_tree	talent-tree	title
Trooper Talent Tree	trooper talent tree	wiki:Trooper_Talent_Tree	talent-tree	title
True Betrayal	true betrayal	talent:true_betrayal	talent	title
True Betrayer	true betrayer	talent:true_betrayer	talent	title
Trust	trust	talent:trust	talent	title
Try Your Luck	try your luck	talent:try_your_luck	talent	title
Tumble Defense	tumble defense	feat:tumble_defense	feat	title
Tumble Defense	tumble defense	wiki:Tumble_Defense	feat	title
Turn and Burn	turn and burn	feat:turn_and_burn	feat	title
Turn and Burn	turn and burn	wiki:Turn_and_Burn	feat	title
Turn the Tide	turn the tide	talent:turn_the_tide	talent	title
Turret Self-Destruct	turret self destruct	talent:turret_self_destruct	talent	title
Turret Talent Tree	turret talent tree	talent-tree:turret_talent_tree	talent-tree	title
Turret Talent Tree	turret talent tree	wiki:Turret_Talent_Tree	talent-tree	title
Tusken Raider	tusken raider	species:tusken_raider	species	title
Tusken Raider	tusken raider	wiki:Tusken_Raider	species	title
Twi'lek	twi'lek	species:twi'lek	species	title
Twi'lek	twi'lek	wiki:Twi'lek	species	title
Twin Shot	twin shot	talent:twin_shot	talent	title
Twin Strike	twin strike	force-power:twin_strike	force-power	title
Twin Strike	twin strike	wiki:Twin_Strike	force-power	title
Twin Weapon Mastery	twin weapon mastery	talent:twin_weapon_mastery	talent	title
Twin Weapon Style	twin weapon style	talent:twin_weapon_style	talent	title
Two-Faced	two faced	talent:two_faced	talent	title
Two-For-One Throw	two for one throw	talent:two_for_one_throw	talent	title
Two-Handed Weapons	two handed weapon	wiki:Category:Weapons	index	redirect
The Tyia	tyia	affiliation:tyia	affiliation	title
The Tyia	tyia	wiki:The_Tyia	affiliation	title
Tyia Adept	tyia adept	talent:tyia_adept	talent	title
Tyia Adept Talent Tree	tyia adept talent tree	talent-tree:tyia_adept_talent_tree	talent-tree	title
Tyia Adept Talent Tree	tyia adept talent tree	wiki:Tyia_Adept_Talent_Tree	talent-tree	title
Ubese	ubese	species:ubese	species	title
Ubese	ubese	wiki:Ubese	species	title
Ultra Resilient	ultra resilient	talent:ultra_resilient	talent	title
Umbaran	umbaran	species:umbaran	species	title
Umbaran	umbaran	wiki:Umbaran	species	title
Unarmed	unarmed	wiki:Unarmed_Attacks	rule	redirect
Unarmed Attacks	unarmed attack	rule:unarmed_attack	rule	title
Unarmed Attacks	unarmed attack	wiki:Unarmed_Attacks	rule	title
Unarmed Counterstrike	unarmed counterstrike	talent:unarmed_counterstrike	talent	title
Unarmed Mastery Talent Tree	unarmed mastery talent tree	talent-tree:unarmed_mastery_talent_tree	talent-tree	title
Unarmed Mastery Talent Tree	unarmed mastery talent tree	wiki:Unarmed_Mastery_Talent_Tree	talent-tree	title
Unarmed Parry	unarmed parry	talent:unarmed_parry	talent	title
Unbalance Opponent	unbalance opponent	talent:unbalance_opponent	talent	title
Unbalancing Adaptation	unbalancing adaptation	talent:unbalancing_adaptation	talent	title
Unbalancing Block	unbalancing block	force-power:unbalancing_block	force-power	title
Unbalancing Block	unbalancing block	wiki:Unbalancing_Block	force-power	title
Uncanny Defense	uncanny defense	talent:uncanny_defense	talent	title
Uncanny Dodge I	uncanny dodge i	talent:uncanny_dodge_i	talent	title
Uncanny Dodge II	uncanny dodge ii	talent:uncanny_dodge_ii	talent	title
Uncanny Instincts	uncanny instinct	talent:uncanny_instinct	talent	title
Uncanny Luck	uncanny luck	talent:uncanny_luck	talent	title
Unclouded Judgement	unclouded judgement	talent:unclouded_judgement	talent	title
Unconditional Power	unconditional power	class-ability:unconditional_power	class-ability	title
Undetectable Poison	undetectable poison	talent:undetectable_poison	talent	title
Undying Loyalty	undying loyalty	talent:undying_loyalty	talent	title
Unhindered Approach	unhindered approach	feat:unhindered_approach	feat	title
Unhindered Approach	unhindered approach	wiki:Unhindered_Approach	feat	title
Unhindered Charge	unhindered charge	force-power:unhindered_charge	force-power	title
Unhindered Charge	unhindered charge	wiki:Unhindered_Charge	force-power	title
Unified Squadron	unified squadron	feat:unified_squadron	feat	title
Unified Squadron	unified squadron	wiki:Unified_Squadron	feat	title
Unknown Regions Campaign Guide	unknown regions campaign guide	wiki:Category:Unknown_Regions_Campaign_Guide	compilation	slug
Unknown Regions Campaign Guide (Compilation)	unknown regions campaign guide compilation	compilation:unknown_regions_campaign_guide_compilation	compilation	title
Unleashed	unleashed	feat:unleashed	feat	title
Unleashed	unleashed	wiki:Unleashed	feat	title
Unleashed Abilities	unleashed abilitie	other:unleashed_abilitie	other	title
Unleashed Abilities	unleashed abilitie	wiki:Unleashed_Abilities	other	title
Unlikely Shot	unlikely shot	talent:unlikely_shot	talent	title
Unlimited Power(s)!	unlimited power s	force-power:unlimited_power_s	force-power	title
Unpredictable Talent Tree	unpredictable talent tree	talent-tree:unpredictable_talent_tree	talent-tree	title
Unpredictable Talent Tree	unpredictable talent tree	wiki:Unpredictable_Talent_Tree	talent-tree	title
Unreadable	unreadable	talent:unreadable	talent	title
Unrelenting Assault	unrelenting assault	talent:unrelenting_assault	talent	title
Unsavory Reputation	unsavory reputation	talent:unsavory_reputation	talent	title
Unseen Eyes	unseen eyes	talent:unseen_eyes	talent	title
Unsettling Presence	unsettling presence	talent:unsettling_presence	talent	title
Unstoppable	unstoppable	talent:unstoppable	talent	title
Unstoppable Combatant	unstoppable combatant	feat:unstoppable_combatant	feat	title
Unstoppable Combatant	unstoppable combatant	wiki:Unstoppable_Combatant	feat	title
Unstoppable Force	unstoppable force	feat:unstoppable_force	feat	title
Unstoppable Force	unstoppable force	wiki:Unstoppable_Force	feat	title
Unswerving Resolve	unswerving resolve	feat:unswerving_resolve	feat	title
Unswerving Resolve	unswerving resolve	wiki:Unswerving_Resolve	feat	title
Untrained	untrained	wiki:Skills	rule	redirect
Untrained Skill	untrained skill	wiki:Skills	rule	redirect
Unwavering Ally	unwavering ally	talent:unwavering_ally	talent	title
Unwavering Focus	unwavering focus	feat:unwavering_focus	feat	title
Unwavering Focus	unwavering focus	wiki:Unwavering_Focus	feat	title
Unwavering Resolve	unwavering resolve	feat:unwavering_resolve	feat	title
Unwavering Resolve	unwavering resolve	wiki:Unwavering_Resolve	feat	title
Urgency	urgency	talent:urgency	talent	title
Use Computer	use computer	wiki:Use_Computer	skill	slug
Use Computer (Int)	use computer int	skill:use_computer_int	skill	title
Use Computer (Int)	use computer int	wiki:Use_Computer	skill	title
Use the Force	use the force	wiki:Use_the_Force	skill	slug
Use the Force (Cha)	use the force cha	skill:use_the_force_cha	skill	title
Use the Force (Cha)	use the force cha	wiki:Use_the_Force	skill	title
Utai	utai	species:utai	species	title
Utai	utai	wiki:Utai	species	title
Vaapad	vaapad	talent:vaapad	talent	title
Vagaari	vagaari	species:vagaari	species	title
Vagaari	vagaari	wiki:Vagaari	species	title
Vahl's Flame	vahl's flame	talent:vahl's_flame	talent	title
Vahl's Weapon	vahl's weapon	talent:vahl's_weapon	talent	title
Vahla	vahla	species:vahla	species	title
Vahla	vahla	wiki:Vahla	species	title
Valor	valor	force-power:valor	force-power	title
Valor	valor	wiki:Valor	force-power	title
Vanguard	vanguard	prestige-class:vanguard	prestige-class	title
Vanguard	vanguard	wiki:Vanguard	prestige-class	title
Vanguard Talent Tree	vanguard talent tree	talent-tree:vanguard_talent_tree	talent-tree	title
Vanguard Talent Tree	vanguard talent tree	wiki:Vanguard_Talent_Tree	talent-tree	title
Vanish	vanish	talent:vanish	talent	title
Vechicle Systems Expertise	vechicle systems expertise	feat:vechicle_systems_expertise	feat	title
Vehicles	vehicle	wiki:Category:Vehicles	index	slug
Vehicle Dodge	vehicle dodge	class-ability:vehicle_dodge	class-ability	title
Vehicle Focus	vehicle focus	talent:vehicle_focus	talent	title
Vehicle Mechanic	vehicle mechanic	talent:vehicle_mechanic	talent	title
Vehicle Pilot	vehicle pilot	crew-position:vehicle_pilot	crew-position	title
Vehicle Pilot	vehicle pilot	wiki:Vehicle_Pilot	crew-position	title
Vehicle Sneak	vehicle sneak	talent:vehicle_sneak	talent	title
Vehicle Systems Expertise	vehicle systems expertise	feat:vehicle_systems_expertise	feat	title
Vehicle Systems Expertise	vehicle systems expertise	wiki:Vehicle_Systems_Expertise	feat	title
Vehicles (Category)	vehicles category	index:vehicles_category	index	title
Vehicular Boost	vehicular boost	talent:vehicular_boost	talent	title
Vehicular Combat	vehicular combat	feat:vehicular_combat	feat	title
Vehicular Combat	vehicular combat	wiki:Vehicular_Combat	feat	title
Vehicular Evasion	vehicular evasion	talent:vehicular_evasion	talent	title
Vehicular Surge	vehicular surge	feat:vehicular_surge	feat	title
Vehicular Surge	vehicular surge	wiki:Vehicular_Surge	feat	title
Veiled Biotech	veiled biotech	talent:veiled_biotech	talent	title
Verpine	verpine	species:verpine	species	title
Verpine	verpine	wiki:Verpine	species	title
Versatility Talent Tree	versatility talent tree	talent-tree:versatility_talent_tree	talent-tree	title
Versatility Talent Tree	versatility talent tree	wiki:Versatility_Talent_Tree	talent-tree	title
Veteran Spacer	veteran spacer	feat:veteran_spacer	feat	title
Veteran Spacer	veteran spacer	wiki:Veteran_Spacer	feat	title
Veteran Talent Tree	veteran talent tree	talent-tree:veteran_talent_tree	talent-tree	title
Veteran Talent Tree	veteran talent tree	wiki:Veteran_Talent_Tree	talent-tree	title
Vicious Poison	vicious poison	talent:vicious_poison	talent	title
Victorious Force Mastery	victorious force mastery	talent:victorious_force_mastery	talent	title
Vigilance	vigilance	talent:vigilance	talent	title
Vindication	vindication	talent:vindication	talent	title
Virus	virus	talent:virus	talent	title
Visibility	visibility	rule:visibility	rule	title
Visibility	visibility	wiki:Visibility	rule	title
Visions	vision	talent:vision	talent	title
Visionary Attack	visionary attack	talent:visionary_attack	talent	title
Visionary Defense	visionary defense	talent:visionary_defense	talent	title
Vital Encouragement	vital encouragement	talent:vital_encouragement	talent	title
Vital Transfer	vital transfer	force-power:vital_transfer	force-power	title
Vital Transfer	vital transfer	wiki:Vital_Transfer	force-power	title
Vitality Surge	vitality surge	feat:vitality_surge	feat	title
Vitality Surge	vitality surge	wiki:Vitality_Surge	feat	title
Vornskr's Ferocity	vornskr's ferocity	force-power:vornskr's_ferocity	force-power	title
Vornskr's Ferocity	vornskr's ferocity	wiki:Vornskr's_Ferocity	force-power	title
Vultan	vultan	species:vultan	species	title
Vultan	vultan	wiki:Vultan	species	title
Vurk	vurk	species:vurk	species	title
Vurk	vurk	wiki:Vurk	species	title
Walk the Line	walk the line	talent:walk_the_line	talent	title
Wan-Shen Defense	wan shen defense	talent:wan_shen_defense	talent	title
Wan-Shen Kata	wan shen kata	talent:wan_shen_kata	talent	title
Wan-Shen Mastery	wan shen mastery	talent:wan_shen_mastery	talent	title
Ward	ward	talent:ward	talent	title
Warden of the Sky Talent Tree	warden of the sky talent tree	talent-tree:warden_of_the_sky_talent_tree	talent-tree	title
Warden of the Sky Talent Tree	warden of the sky talent tree	wiki:Warden_of_the_Sky_Talent_Tree	talent-tree	title
The Wardens of the Sky	wardens of the sky	affiliation:wardens_of_the_sky	affiliation	title
The Wardens of the Sky	wardens of the sky	wiki:The_Wardens_of_the_Sky	affiliation	title
Warrior Heritage	warrior heritage	feat:warrior_heritage	feat	title
Warrior Heritage	warrior heritage	wiki:Warrior_Heritage	feat	title
Warrior Talent Tree	warrior talent tree	talent-tree:warrior_talent_tree	talent-tree	title
Warrior Talent Tree	warrior talent tree	wiki:Warrior_Talent_Tree	talent-tree	title
Warrior's Awareness	warrior's awareness	talent:warrior's_awareness	talent	title
Warrior's Determination	warrior's determination	talent:warrior's_determination	talent	title
Wary	wary	talent:wary	talent	title
Wary Defender	wary defender	feat:wary_defender	feat	title
Wary Defender	wary defender	wiki:Wary_Defender	feat	title
Wary Sentries	wary sentrie	feat:wary_sentrie	feat	title
Wary Sentries	wary sentrie	wiki:Wary_Sentries	feat	title
Watch This	watch this	talent:watch_this	talent	title
Watch Your Back	watch your back	talent:watch_your_back	talent	title
WatchCircle Initiate	watchcircle initiate	talent:watchcircle_initiate	talent	title
Watchful Step	watchful step	talent:watchful_step	talent	title
Watchman's Advance	watchman's advance	talent:watchman's_advance	talent	title
Waveform	waveform	talent:waveform	talent	title
Weak Point	weak point	talent:weak_point	talent	title
Weaken Resolve	weaken resolve	talent:weaken_resolve	talent	title
Weakening Strike	weakening strike	talent:weakening_strike	talent	title
Wealth	wealth	talent:wealth	talent	title
Wealth of Allies	wealth of allie	talent:wealth_of_allie	talent	title
Weapons	weapon	wiki:Category:Weapons	index	slug
Weapon Finesse	weapon finesse	feat:weapon_finesse	feat	title
Weapon Finesse	weapon finesse	wiki:Weapon_Finesse	feat	title
Weapon Focus	weapon focus	feat:weapon_focus	feat	title
Weapon Focus	weapon focus	wiki:Weapon_Focus	feat	title
Weapon Master	weapon master	wiki:Weapon_Master_Talent_Tree	talent-tree	anchor
Weapon Master Talent Tree	weapon master talent tree	talent-tree:weapon_master_talent_tree	talent-tree	title
Weapon Master Talent Tree	weapon master talent tree	wiki:Weapon_Master_Talent_Tree	talent-tree	title
Weapon Proficiency	weapon proficiency	feat:weapon_proficiency	feat	title
Weapon Proficiency	weapon proficiency	wiki:Weapon_Proficiency	feat	title
Weapon Proficiency (Heavy Weapons)	weapon proficiency heavy weapon	wiki:Weapon_Proficiency	feat	redirect
Weapon Proficiency (Rifles)	weapon proficiency rifle	wiki:Weapon_Proficiency	feat	redirect
Weapon Proficiency (Simple Weapons)	weapon proficiency simple weapon	wiki:Weapon_Proficiency	feat	redirect
Weapon Shift	weapon shift	talent:weapon_shift	talent	title
Weapon Specialist	weapon specialist	wiki:Weapon_Specialist_Talent_Tree	talent-tree	anchor
Weapon Specialist Talent Tree	weapon specialist talent tree	talent-tree:weapon_specialist_talent_tree	talent-tree	title
Weapon Specialist Talent Tree	weapon specialist talent tree	wiki:Weapon_Specialist_Talent_Tree	talent-tree	title
Weapon Specialization	weapon specialization	talent:weapon_specialization	talent	title
Weapon Specialization (Discblade)	weapon specialization discblade	talent:weapon_specialization_discblade	talent	title
Weapon Specialization (Lightsabers)	weapon specialization lightsaber	talent:weapon_specialization_lightsaber	talent	title
Weapon Systems	weapon system	wiki:Category:Weapon_Systems	index	slug
Weapon Systems (Category)	weapon systems category	index:weapon_systems_category	index	title
Weapons (Category)	weapons category	index:weapons_category	index	title
Weapons Power Surge	weapons power surge	talent:weapons_power_surge	talent	title
Web Enhancements	web enhancement	wiki:Category:Web_Enhancements	compilation	slug
Web Enhancements (Compilation)	web enhancements compilation	compilation:web_enhancements_compilation	compilation	title
Weequay	weequay	species:weequay	species	title
Weequay	weequay	wiki:Weequay	species	title
Wheeled	wheeled	droid-system:wheeled	droid-system	title
Wheeled	wheeled	wiki:Wheeled	droid-system	title
Whiphid	whiphid	species:whiphid	species	title
Whiphid	whiphid	wiki:Whiphid	species	title
Whirling Death	whirling death	talent:whirling_death	talent	title
Whirlwind Attack	whirlwind attack	feat:whirlwind_attack	feat	title
Whirlwind Attack	whirlwind attack	wiki:Whirlwind_Attack	feat	title
White Current Adept	white current adept	talent:white_current_adept	talent	title
White Current Adept Talent Tree	white current adept talent tree	talent-tree:white_current_adept_talent_tree	talent-tree	title
White Current Adept Talent Tree	white current adept talent tree	wiki:White_Current_Adept_Talent_Tree	talent-tree	title
Wicked Attack	wicked attack	feat:wicked_attack	feat	title
Wicked Attack	wicked attack	wiki:Wicked_Attack	feat	title
Wicked Strike	wicked strike	feat:wicked_strike	feat	title
Wicked Strike	wicked strike	talent:wicked_strike	talent	title
Wild Sense	wild sense	talent:wild_sense	talent	title
Wilderness First Aid	wilderness first aid	feat:wilderness_first_aid	feat	title
Wilderness First Aid	wilderness first aid	wiki:Wilderness_First_Aid	feat	title
Wilderness Medic	wilderness medic	talent:wilderness_medic	talent	title
Wilderness Specialists	wilderness specialist	feat:wilderness_specialist	feat	title
Wilderness Specialists	wilderness specialist	wiki:Wilderness_Specialists	feat	title
Will Defense	will defense	wiki:Defenses	rule	redirect
The Will to Resist	will to resist	talent:will_to_resist	talent	title
Willful Resolve	willful resolve	talent:willful_resolve	talent	title
Willpower	willpower	talent:willpower	talent	title
Wind Vortex	wind vortex	talent:wind_vortex	talent	title
Wingman	wingman	talent:wingman	talent	title
Wingman Retribution	wingman retribution	talent:wingman_retribution	talent	title
Wingman Talent Tree	wingman talent tree	talent-tree:wingman_talent_tree	talent-tree	title
Wingman Talent Tree	wingman talent tree	wiki:Wingman_Talent_Tree	talent-tree	title
Wisdom	wisdom	wiki:Abilities	rule	redirect
The Witches of Dathomir	witches of dathomir	affiliation:witches_of_dathomir	affiliation	title
The Witches of Dathomir	witches of dathomir	wiki:The_Witches_of_Dathomir	affiliation	title
Withdraw	withdraw	action:withdraw	action	title
Withdraw	withdraw	wiki:Withdraw	action	title
Withdrawal Strike	withdrawal strike	feat:withdrawal_strike	feat	title
Withdrawal Strike	withdrawal strike	wiki:Withdrawal_Strike	feat	title
Wookiee	wookiee	species:wookiee	species	title
Wookiee	wookiee	wiki:Wookiee	species	title
Wookiee Grip	wookiee grip	feat:wookiee_grip	feat	title
Wookiee Grip	wookiee grip	wiki:Wookiee_Grip	feat	title
Wound	wound	force-power:wound	force-power	title
Wound	wound	wiki:Wound	force-power	title
Wrath of the Dark Side	wrath of the dark side	talent:wrath_of_the_dark_side	talent	title
Wrong Decision	wrong decision	talent:wrong_decision	talent	title
Wroonian	wroonian	species:wroonian	species	title
Wroonian	wroonian	wiki:Wroonian	species	title
Wroshyr Rage	wroshyr rage	feat:wroshyr_rage	feat	title
Wroshyr Rage	wroshyr rage	wiki:Wroshyr_Rage	feat	title
Wrruushi Expertise	wrruushi expertise	talent:wrruushi_expertise	talent	title
Wrruushi Training	wrruushi training	feat:wrruushi_training	feat	title
Wrruushi Training	wrruushi training	wiki:Wrruushi_Training	feat	title
Yarkora	yarkora	species:yarkora	species	title
Yarkora	yarkora	wiki:Yarkora	species	title
Yevetha	yevetha	species:yevetha	species	title
Yevetha	yevetha	wiki:Yevetha	species	title
Yuuzhan Vong	yuuzhan vong	species:yuuzhan_vong	species	title
Yuuzhan Vong	yuuzhan vong	wiki:Yuuzhan_Vong	species	title
Yuuzhan Vong Biotech	yuuzhan vong biotech	wiki:Biotech_General_Template	creature	redirect
Yuuzhan Vong Biotech Talent Tree	yuuzhan vong biotech talent tree	talent-tree:yuuzhan_vong_biotech_talent_tree	talent-tree	title
Yuuzhan Vong Biotech Talent Tree	yuuzhan vong biotech talent tree	wiki:Yuuzhan_Vong_Biotech_Talent_Tree	talent-tree	title
Yuzzem	yuzzem	species:yuzzem	species	title
Yuzzem	yuzzem	wiki:Yuzzem	species	title
Zabrak	zabrak	species:zabrak	species	title
Zabrak	zabrak	wiki:Zabrak	species	title
The Zeison Sha	zeison sha	affiliation:zeison_sha	affiliation	title
The Zeison Sha	zeison sha	wiki:The_Zeison_Sha	affiliation	title
Zeison Sha Warrior Talent Tree	zeison sha warrior talent tree	talent-tree:zeison_sha_warrior_talent_tree	talent-tree	title
Zeison Sha Warrior Talent Tree	zeison sha warrior talent tree	wiki:Zeison_Sha_Warrior_Talent_Tree	talent-tree	title
Zeltron	zeltron	species:zeltron	species	title
Zeltron	zeltron	wiki:Zeltron	species	title
Zero Range	zero range	feat:zero_range	feat	title
Zero Range	zero range	wiki:Zero_Range	feat	title
Zone of Recouperation	zone of recouperation	talent:zone_of_recouperation	talent	title
Zone of Recuperation	zone of recuperation	talent:zone_of_recuperation	talent	title
Zygerrian	zygerrian	species:zygerrian	species	title
Zygerrian	zygerrian	wiki:Zygerrian	species	title
The Sith Empire	sith empire	wiki:The_Sith	affiliation	variant
Attack of Opportunity	attack of opportunity	wiki:Attacks	rule	variant
Destiny Point	destiny point	wiki:Destiny	rule	variant
The Mandalorian Wars	mandalorian wars	wiki:The_Mandalorians	affiliation	variant
The Jedi Civil War	jedi civil war	wiki:The_Jedi	affiliation	variant
Starship Scale	starship scale	wiki:Category:Starships	index	variant
Talent Trees	talent tree	wiki:Talents	rule	variant
Force Power Suite	force power suite	wiki:Force_Powers	rule	variant
Weapon Group	weapon group	wiki:Category:Weapons	index	variant
Weapon Proficiency (Pistols)	weapon proficiency pistol	wiki:Weapon_Proficiency	feat	variant
Destiny Points	destiny point	wiki:Destiny	rule	variant
Force Technique	force technique	wiki:The_Force	rule	variant
Weapon Proficiency (Lightsabers)	weapon proficiency lightsaber	wiki:Weapon_Proficiency	feat	variant
Force Adept	force adept	wiki:The_Force	rule	variant
Vehicle Weapons	vehicle weapon	wiki:Category:Vehicles	index	variant
Jedi Counseling	jedi counseling	wiki:The_Jedi	affiliation	variant
The Sith-Imperial War	sith imperial war	wiki:The_Sith	affiliation	variant
Force Techniques	force technique	wiki:The_Force	rule	variant
Force Secret	force secret	wiki:The_Force	rule	variant
Armor Check Penalty	armor check penalty	wiki:Category:Armor	index	variant
Vehicle Weapon	vehicle weapon	wiki:Category:Vehicles	index	variant
The Hutt Kajidics	hutt kajidic	wiki:Hutt	species	variant
Vehicle Combat	vehicle combat	wiki:Category:Vehicles	index	variant
Starship Shields	starship shield	wiki:Category:Starships	index	variant
Force Secrets	force secret	wiki:The_Force	rule	variant
Speeder Bikes	speeder bike	wiki:Speeders	rule	variant
Starship Combat	starship combat	wiki:Category:Starships	index	variant
Weapon Focus (Lightsabers)	weapon focus lightsaber	wiki:Weapon_Focus	feat	variant
Lightsaber Defense	lightsaber defense	wiki:Lightsabers	weapon-group	variant
Clone Wars Campaign	clone wars campaign	wiki:Category:The_Clone_Wars	index	variant
Tracked Vehicles	tracked vehicle	wiki:Tracked	droid-system	variant
The Chiss Ascendancy	chiss ascendancy	wiki:Chiss	species	variant
Weapon and Armor Accessories	weapon and armor accessorie	wiki:Category:Weapons	index	variant
The Bothan SpyNet	bothan spynet	wiki:Bothan	species	variant
Defense Score	defense score	wiki:Defenses	rule	variant
The Jedi Code	jedi code	wiki:The_Jedi	affiliation	variant
Weapon Proficiency (Advanced Melee Weapons)	weapon proficiency advanced melee weapon	wiki:Weapon_Proficiency	feat	variant
Combat Gloves	combat glove	wiki:Combat	rule	variant
Natural Healing	natural healing	wiki:Category:Natural	index	variant
Lightsaber Construction	lightsaber construction	wiki:Lightsabers	weapon-group	variant
Speeder Bike	speeder bike	wiki:Speeders	rule	variant
Skill Focus (Persuasion)	skill focus persuasion	wiki:Skill_Focus	feat	variant
Noble Talent	noble talent	wiki:Noble	heroic-class	variant
Soldier Talent	soldier talent	wiki:Soldier	heroic-class	variant
Attack Run	attack run	wiki:Attacks	rule	variant
Cathar, Planet	cathar planet	wiki:Cathar	species	variant
Skill Focus (Mechanics)	skill focus mechanic	wiki:Skill_Focus	feat	variant
Force Point Recovery	force point recovery	wiki:The_Force	rule	variant
Defense Scores	defense score	wiki:Defenses	rule	variant
Crime Lord Talent	crime lord talent	wiki:Crime_Lord	prestige-class	variant
Jedi Talent	jedi talent	wiki:The_Jedi	affiliation	variant
Scoundrel Talent	scoundrel talent	wiki:Scoundrel	heroic-class	variant
Scout Talent	scout talent	wiki:Scout	heroic-class	variant
Rebellion Era Campaign	rebellion era campaign	wiki:Category:The_Rebellion_Era	index	variant
Force Perception	force perception	wiki:The_Force	rule	variant
Wheeled Vehicles	wheeled vehicle	wiki:Wheeled	droid-system	variant
Scout Troopers	scout trooper	wiki:Scout	heroic-class	variant
The Yuuzhan Vong Empire	yuuzhan vong empire	wiki:Yuuzhan_Vong	species	variant
Exotic Weapon (Ranged)	exotic weapon ranged	wiki:Category:Exotic_Weapons	index	variant
Exotic Weapon (Melee)	exotic weapon melee	wiki:Category:Exotic_Weapons	index	variant
The New Republic Era	new republic era	wiki:The_New_Republic	affiliation	variant
Weapon Battery	weapon battery	wiki:Category:Weapons	index	variant
Weapon Groups	weapon group	wiki:Category:Weapons	index	variant
Exotic Weapon Proficiency	exotic weapon proficiency	wiki:Category:Exotic_Weapons	index	variant
Force Adepts	force adept	wiki:The_Force	rule	variant
The Jedi Covenant	jedi covenant	wiki:The_Jedi	affiliation	variant
Sith Troopers	sith trooper	wiki:The_Sith	affiliation	variant
Sith Apprentice (CL 13)	sith apprentice cl 13	wiki:Sith_Apprentice	prestige-class	variant
Shockboxing Gloves	shockboxing glove	wiki:Shockboxing	other	variant
Skill Focus (Gather Information)	skill focus gather information	wiki:Skill_Focus	feat	variant
Force Deception	force deception	wiki:The_Force	rule	variant
Weapon Focus (Rifles)	weapon focus rifle	wiki:Weapon_Focus	feat	variant
Starship Weapons	starship weapon	wiki:Category:Starships	index	variant
Ace Pilot Talent	ace pilot talent	wiki:Ace_Pilot	prestige-class	variant
Skill Focus (Acrobatics)	skill focus acrobatic	wiki:Skill_Focus	feat	variant
Force Trance	force trance	wiki:The_Force	rule	variant
Attack Leader	attack leader	wiki:Attacks	rule	variant
Assassin Talent	assassin talent	wiki:Assassin	prestige-class	variant
Bounty Hunter Talent	bounty hunter talent	wiki:Bounty_Hunter	prestige-class	variant
Legacy Era Campaign	legacy era campaign	wiki:Category:The_Legacy_Era	index	variant
Simple Weapon (Ranged)	simple weapon ranged	wiki:Category:Simple_Weapons	index	variant
The Killik Hives	killik hive	wiki:Killik	species	variant
Grenade Launcher	grenade launcher	wiki:Grenades	weapon-group	variant
Weapon Focus (Simple Weapons)	weapon focus simple weapon	wiki:Weapon_Focus	feat	variant
Skill Focus (Perception)	skill focus perception	wiki:Skill_Focus	feat	variant
Charlatan Talent	charlatan talent	wiki:Charlatan	prestige-class	variant
Corporate Agent Talent	corporate agent talent	wiki:Corporate_Agent	prestige-class	variant
Gladiator Talent	gladiator talent	wiki:Gladiator	prestige-class	variant
Gunslinger Talent	gunslinger talent	wiki:Gunslinger	prestige-class	variant
Imperial Knight Talent	imperial knight talent	wiki:Imperial_Knight	prestige-class	variant
Improviser Talent	improviser talent	wiki:Improviser	prestige-class	variant
Independent Droid Talent	independent droid talent	wiki:Independent_Droid	prestige-class	variant
Infiltrator Talent	infiltrator talent	wiki:Infiltrator	prestige-class	variant
Jedi Knight Talent	jedi knight talent	wiki:Jedi_Knight	prestige-class	variant
Martial Arts Master Talent	martial arts master talent	wiki:Martial_Arts_Master	prestige-class	variant
Master Privateer Talent	master privateer talent	wiki:Master_Privateer	prestige-class	variant
Medic Talent	medic talent	wiki:Medic	prestige-class	variant
Melee Duelist Talent	melee duelist talent	wiki:Melee_Duelist	prestige-class	variant
Military Engineer Talent	military engineer talent	wiki:Military_Engineer	prestige-class	variant
Officer Talent	officer talent	wiki:Officer	prestige-class	variant
Outlaw Talent	outlaw talent	wiki:Outlaw	prestige-class	variant
Pathfinder Talent	pathfinder talent	wiki:Pathfinder	prestige-class	variant
Saboteur Talent	saboteur talent	wiki:Saboteur	prestige-class	variant
Shaper Talent	shaper talent	wiki:Shaper	prestige-class	variant
Sith Apprentice Talent	sith apprentice talent	wiki:Sith_Apprentice	prestige-class	variant
Vanguard Talent	vanguard talent	wiki:Vanguard	prestige-class	variant
Force Blast	force blast	wiki:The_Force	rule	variant
Sith Artifacts	sith artifact	wiki:The_Sith	affiliation	variant
Sith Lanvarok	sith lanvarok	wiki:The_Sith	affiliation	variant
Bothan Weapon Template	bothan weapon template	wiki:Bothan	species	variant
Sith Alchemical Weapon Template	sith alchemical weapon template	wiki:The_Sith	affiliation	variant
Legacy Era Campaigns	legacy era campaign	wiki:Category:The_Legacy_Era	index	variant
Yuuzhan Vong Biotechnology	yuuzhan vong biotechnology	wiki:Yuuzhan_Vong	species	variant
Weapon Emplacements	weapon emplacement	wiki:Category:Weapons	index	variant
Talent Tree	talent tree	wiki:Talents	rule	variant
Force Pilot	force pilot	wiki:The_Force	rule	variant
Weapon Batteries	weapon batterie	wiki:Category:Weapons	index	variant
Skill Focus (Use the Force)	skill focus use the force	wiki:Skill_Focus	feat	variant
Sith Amulet	sith amulet	wiki:The_Sith	affiliation	variant
Phase II Dark Trooper	phase ii dark trooper	wiki:Phase	force-power	variant
Phase III Dark Trooper	phase iii dark trooper	wiki:Phase	force-power	variant
Clone Wars Campaigns	clone wars campaign	wiki:Category:The_Clone_Wars	index	variant
Explosive Charge	explosive charge	wiki:Category:Explosives	index	variant
Skill Focus (Stealth)	skill focus stealth	wiki:Skill_Focus	feat	variant
Felucian Shaman Talent Tree	felucian shaman talent tree	wiki:The_Felucian_Shamans	affiliation	variant
Sith Alchemy	sith alchemy	wiki:The_Sith	affiliation	variant
Old Republic Era Heroes	old republic era heroe	wiki:Category:The_Old_Republic_Era	compilation	variant
Skill Focus (Knowledge (Bureaucracy))	skill focus knowledge bureaucracy	wiki:Skill_Focus	feat	variant
Massassi Lanvarok	massassi lanvarok	wiki:Massassi	species	variant
The Jedi Exile	jedi exile	wiki:The_Jedi	affiliation	variant
The Arkanian Legacy	arkanian legacy	wiki:Arkanian	species	variant
Mandalorian Neo-Crusader	mandalorian neo crusader	wiki:The_Mandalorians	affiliation	variant
Legacy Era Heroes	legacy era heroe	wiki:Category:The_Legacy_Era	index	variant
Ember of Vahl Talent Tree	ember of vahl talent tree	wiki:The_Ember_of_Vahl	affiliation	variant
Rebellion Era Heroes	rebellion era heroe	wiki:Category:The_Rebellion_Era	index	variant
Rebellion Era Campaigns	rebellion era campaign	wiki:Category:The_Rebellion_Era	index	variant
Combat Thrusters	combat thruster	wiki:Combat	rule	variant
Rakata Prime	rakata prime	wiki:Rakata	species	variant
Inspire Confidence	inspire confidence	wiki:Inspire	force-power	variant
Vehicle Dodge	vehicle dodge	wiki:Category:Vehicles	index	variant
Weapon Focus (Heavy Weapons)	weapon focus heavy weapon	wiki:Weapon_Focus	feat	variant
Lightsaber Tonfa	lightsaber tonfa	wiki:Lightsabers	weapon-group	variant
Soldier Talents	soldier talent	wiki:Soldier	heroic-class	variant
Weapon Specialization	weapon specialization	wiki:Category:Weapons	index	variant
Skill Focus (Survival)	skill focus survival	wiki:Skill_Focus	feat	variant
Force Adept Talent Tree	force adept talent tree	wiki:The_Force	rule	variant
Force Disciple Talent	force disciple talent	wiki:Force_Disciple	prestige-class	variant
Jedi Master Talent	jedi master talent	wiki:Jedi_Master	prestige-class	variant
Simple Weapon (Melee)	simple weapon melee	wiki:Category:Simple_Weapons	index	variant
Sith Lord Talent	sith lord talent	wiki:Sith_Lord	prestige-class	variant
Starship Armor	starship armor	wiki:Category:Starships	index	variant
Sith Elite Warbot	sith elite warbot	wiki:The_Sith	affiliation	variant
Krath War Droid	krath war droid	wiki:The_Krath	affiliation	variant
Phase I Dark Trooper	phase i dark trooper	wiki:Phase	force-power	variant
Clone Wars Heroes	clone wars heroe	wiki:Category:The_Clone_Wars	index	variant
Explosive Charges	explosive charge	wiki:Category:Explosives	index	variant
Lightsaber Pike	lightsaber pike	wiki:Lightsabers	weapon-group	variant
Combat Implant	combat implant	wiki:Combat	rule	variant
Lightsaber Form Powers	lightsaber form power	wiki:Lightsabers	weapon-group	variant
Sith Trooper	sith trooper	wiki:The_Sith	affiliation	variant
Sith Talismans	sith talisman	wiki:The_Sith	affiliation	variant
The Mon Calamari Resistance	mon calamari resistance	wiki:Mon_Calamari	species	variant
Sniper Blaster Rifle	sniper blaster rifle	wiki:Sniper	feat	variant
Starship Codex	starship codex	wiki:Category:Starships	index	variant
Attack Pattern Delta	attack pattern delta	wiki:Attacks	rule	variant
Medic (CL 3)	medic cl 3	wiki:Medic	prestige-class	variant
Jedi Master (CL 15)	jedi master cl 15	wiki:Jedi_Master	prestige-class	variant
Sith Lord (CL 19)	sith lord cl 19	wiki:Sith_Lord	prestige-class	variant
Soldier (CL 2)	soldier cl 2	wiki:Soldier	heroic-class	variant
Lightsaber Throw	lightsaber throw	wiki:Lightsabers	weapon-group	variant
Force Persuasion	force persuasion	wiki:The_Force	rule	variant
Force Talisman	force talisman	wiki:The_Force	rule	variant
Force Treatment	force treatment	wiki:The_Force	rule	variant
Skill Focus (Treat Injury)	skill focus treat injury	wiki:Skill_Focus	feat	variant
Skill Focus (Initiative)	skill focus initiative	wiki:Skill_Focus	feat	variant
Force Boon	force boon	wiki:The_Force	rule	variant
Gand, Planet	gand planet	wiki:Gand	species	variant
Weapon Specialization (Lightsabers)	weapon specialization lightsaber	wiki:Category:Weapons	index	variant
Weapon Focus (Fira)	weapon focus fira	wiki:Weapon_Focus	feat	variant
The Vagaari Empire	vagaari empire	wiki:Vagaari	species	variant
The Trianii Rangers	trianii ranger	wiki:Trianii	species	variant
Vehicle Attack	vehicle attack	wiki:Category:Vehicles	index	variant
Assault Droid Mark I	assault droid mark i	wiki:Assault	feat	variant
Assault Droid Mark IV	assault droid mark iv	wiki:Assault	feat	variant
Assault Crab Droid	assault crab droid	wiki:Assault	feat	variant
Starship Stealth	starship stealth	wiki:Category:Starships	index	variant
Jedi Archivist	jedi archivist	wiki:The_Jedi	affiliation	variant
Jedi Healer	jedi healer	wiki:The_Jedi	affiliation	variant
Jedi Instructor	jedi instructor	wiki:The_Jedi	affiliation	variant
Geonosian Industries	geonosian industrie	wiki:Geonosian	species	variant
Geonosian Warrior	geonosian warrior	wiki:Geonosian	species	variant
Geonosian Warriors	geonosian warrior	wiki:Geonosian	species	variant
Force Focus	force focus	wiki:The_Force	rule	variant
Force Recovery	force recovery	wiki:The_Force	rule	variant
Speeder Bike Chase	speeder bike chase	wiki:Speeders	rule	variant
Sith Spirit	sith spirit	wiki:The_Sith	affiliation	variant
Language Absorption	language absorption	wiki:Languages	rule	variant
Assault Blaster Rifle	assault blaster rifle	wiki:Assault	feat	variant
Armor Reinforcement	armor reinforcement	wiki:Category:Armor	index	variant
Jedi Covenanter	jedi covenanter	wiki:The_Jedi	affiliation	variant
Jedi Shadow	jedi shadow	wiki:The_Jedi	affiliation	variant
Jedi Watchman	jedi watchman	wiki:The_Jedi	affiliation	variant
Jedi Shadows	jedi shadow	wiki:The_Jedi	affiliation	variant
Sith Student	sith student	wiki:The_Sith	affiliation	variant
Sith Assassin	sith assassin	wiki:The_Sith	affiliation	variant
Sith Bladeborn	sith bladeborn	wiki:The_Sith	affiliation	variant
Sith Mage	sith mage	wiki:The_Sith	affiliation	variant
Sith Shadow Hand	sith shadow hand	wiki:The_Sith	affiliation	variant
Sith War Sword	sith war sword	wiki:The_Sith	affiliation	variant
Mandalorian Crusaders	mandalorian crusader	wiki:The_Mandalorians	affiliation	variant
Mandalorian Crusader	mandalorian crusader	wiki:The_Mandalorians	affiliation	variant
Mandalorian Combat Suit	mandalorian combat suit	wiki:The_Mandalorians	affiliation	variant
Mandalorian Battle Armor	mandalorian battle armor	wiki:The_Mandalorians	affiliation	variant
GenoHaradan Assassin	genoharadan assassin	wiki:The_GenoHaradan	affiliation	variant
Krath Adept	krath adept	wiki:The_Krath	affiliation	variant
Krath Commander	krath commander	wiki:The_Krath	affiliation	variant
Krath Warrior	krath warrior	wiki:The_Krath	affiliation	variant
Sith Spy	sith spy	wiki:The_Sith	affiliation	variant
Imperial Knight Armor	imperial knight armor	wiki:Imperial_Knight	prestige-class	variant
Gamorrean Guard	gamorrean guard	wiki:Gamorrean	species	variant
Force Cage	force cage	wiki:The_Force	rule	variant
Soldier Commander	soldier commander	wiki:Soldier	heroic-class	variant
Officer (CL 8)	officer cl 8	wiki:Officer	prestige-class	variant
Mandalorian Jet Pack	mandalorian jet pack	wiki:The_Mandalorians	affiliation	variant
Hutt Crime Lord	hutt crime lord	wiki:Hutt	species	variant
Jedi Knight (CL 12)	jedi knight cl 12	wiki:Jedi_Knight	prestige-class	variant
Jedi Refugee	jedi refugee	wiki:The_Jedi	affiliation	variant
Jedi Duelist	jedi duelist	wiki:The_Jedi	affiliation	variant
Jedi Sage Master	jedi sage master	wiki:The_Jedi	affiliation	variant
Jedi Battlemaster (CL 15)	jedi battlemaster cl 15	wiki:The_Jedi	affiliation	variant
Jedi Sentinel Master	jedi sentinel master	wiki:The_Jedi	affiliation	variant
Jedi Padawan	jedi padawan	wiki:The_Jedi	affiliation	variant
Jensaarai Defender	jensaarai defender	wiki:The_Jensaarai	affiliation	variant
New Republic Intelligence	new republic intelligence	wiki:The_New_Republic	affiliation	variant
Bothan Spy	bothan spy	wiki:Bothan	species	variant
Mandalorian Supercommando	mandalorian supercommando	wiki:The_Mandalorians	affiliation	variant
Mandalorian Armor Template	mandalorian armor template	wiki:The_Mandalorians	affiliation	variant
Mantellian Savrip (CL 5)	mantellian savrip cl 5	wiki:Mantellian_Savrip	species	variant
Squib Tensor Rifle	squib tensor rifle	wiki:Squib	species	variant
Verpine Shatter Gun	verpine shatter gun	wiki:Verpine	species	variant
Starship Droid Jammer	starship droid jammer	wiki:Category:Starships	index	variant
Zabrak Engineer	zabrak engineer	wiki:Zabrak	species	variant
Mon Calamari Outlaw Tech	mon calamari outlaw tech	wiki:Mon_Calamari	species	variant
Bounty Hunter (CL 7)	bounty hunter cl 7	wiki:Bounty_Hunter	prestige-class	variant
Sith Interceptors	sith interceptor	wiki:The_Sith	affiliation	variant
Sith Infiltrator	sith infiltrator	wiki:The_Sith	affiliation	variant
Sith Holocrons	sith holocron	wiki:The_Sith	affiliation	variant
The Sith Code	sith code	wiki:The_Sith	affiliation	variant
Skill Focus (Pilot)	skill focus pilot	wiki:Skill_Focus	feat	variant
Trandoshan Mercenary	trandoshan mercenary	wiki:Trandoshan	species	variant
Jedi Crusader	jedi crusader	wiki:The_Jedi	affiliation	variant
Sith Apprentice (CL 10)	sith apprentice cl 10	wiki:Sith_Apprentice	prestige-class	variant
GenoHaradan Assassin (CL 7)	genoharadan assassin cl 7	wiki:The_GenoHaradan	affiliation	variant
Mandalorian Marauder	mandalorian marauder	wiki:The_Mandalorians	affiliation	variant
Sith Marauder	sith marauder	wiki:The_Sith	affiliation	variant
Mandalorian Trooper	mandalorian trooper	wiki:The_Mandalorians	affiliation	variant
Darth Krayt, One Sith	darth krayt one sith	wiki:Darth_Krayt	npc	variant
Jedi Talents	jedi talent	wiki:The_Jedi	affiliation	variant
Jedi Guardian Talents	jedi guardian talent	wiki:The_Jedi	affiliation	variant
Lightsaber Combat Talents	lightsaber combat talent	wiki:Lightsabers	weapon-group	variant
Weapon Specialization (Rifles)	weapon specialization rifle	wiki:Category:Weapons	index	variant
Officer Talents	officer talent	wiki:Officer	prestige-class	variant
Sith Sword	sith sword	wiki:The_Sith	affiliation	variant
Noble Talents	noble talent	wiki:Noble	heroic-class	variant
Grenade Launchers	grenade launcher	wiki:Grenades	weapon-group	variant
Attack Formation Zeta Nine	attack formation zeta nine	wiki:Attacks	rule	variant
Force Tradition Talent Trees	force tradition talent tree	wiki:Force_Traditions	rule	variant
Skill Focus (Climb)	skill focus climb	wiki:Skill_Focus	feat	variant
Skill Focus (Endurance)	skill focus endurance	wiki:Skill_Focus	feat	variant
Scoundrel Talents	scoundrel talent	wiki:Scoundrel	heroic-class	variant
Human Jensaarai Defender	human jensaarai defender	wiki:Human	species	variant
Celegian Life-Support Chamber	celegian life support chamber	wiki:Celegian	species	variant
Combat Round	combat round	wiki:Combat	rule	variant
Sith Holocron	sith holocron	wiki:The_Sith	affiliation	variant
Sith Abomination Template	sith abomination template	wiki:The_Sith	affiliation	variant
Lightsaber Accessory or Modification	lightsaber accessory or modification	wiki:Lightsabers	weapon-group	variant
Rank and Privilege Score	rank and privilege score	wiki:Rank_and_Privilege	other	variant
Sith Alchemical Weapon	sith alchemical weapon	wiki:The_Sith	affiliation	variant
Combat Jumpsuit	combat jumpsuit	wiki:Combat	rule	variant
Bothan Spies	bothan spie	wiki:Bothan	species	variant
Combat Jumpsuits	combat jumpsuit	wiki:Combat	rule	variant
Scout Talent Trees	scout talent tree	wiki:Scout	heroic-class	variant
Force Repair	force repair	wiki:The_Force	rule	variant
Sith Poison	sith poison	wiki:The_Sith	affiliation	variant
Scout Trooper	scout trooper	wiki:Scout	heroic-class	variant
Combat Actions	combat action	wiki:Combat	rule	variant
Starship Maneuver Suite	starship maneuver suite	wiki:Starship_Maneuvers	other	variant
Force Haze	force haze	wiki:The_Force	rule	variant
The Arkanian Revolution	arkanian revolution	wiki:Arkanian	species	variant
Force Unleashed Abilities	force unleashed abilitie	wiki:The_Force	rule	variant
Weapon Focus (Discblade)	weapon focus discblade	wiki:Weapon_Focus	feat	variant
Sniper Droideka	sniper droideka	wiki:Sniper	feat	variant
Infiltrator-Series Droid	infiltrator series droid	wiki:Infiltrator	prestige-class	variant
Ace Pilot Talent Trees	ace pilot talent tree	wiki:Ace_Pilot	prestige-class	variant
The Anarrian Empire	anarrian empire	wiki:Anarrian	species	variant
Vehicle Attacks	vehicle attack	wiki:Category:Vehicles	index	variant
Taris Origin	taris origin	wiki:Taris	planet	variant
Poison Filters	poison filter	wiki:Category:Poison	index	variant
Natural Armor Bio-Implants	natural armor bio implant	wiki:Category:Natural	index	variant
Natural Weapon Bio-Implants	natural weapon bio implant	wiki:Category:Natural	index	variant
Inspire Loyalty	inspire loyalty	wiki:Inspire	force-power	variant
The Quarren Isolation League	quarren isolation league	wiki:Quarren	species	variant
Assault Crab Droids	assault crab droid	wiki:Assault	feat	variant
Trandoshan Bounty Hunter	trandoshan bounty hunter	wiki:Trandoshan	species	variant
Trandoshan Mercenary (CL 12)	trandoshan mercenary cl 12	wiki:Trandoshan	species	variant
Jedi Hunter	jedi hunter	wiki:The_Jedi	affiliation	variant
Force Exertion	force exertion	wiki:The_Force	rule	variant
Vehicle Mechanic	vehicle mechanic	wiki:Category:Vehicles	index	variant
Combat Repairs	combat repair	wiki:Combat	rule	variant
Phase 0 Dark Trooper	phase 0 dark trooper	wiki:Phase	force-power	variant
Noghri Warrior	noghri warrior	wiki:Noghri	species	variant
Noghri Infiltrator	noghri infiltrator	wiki:Noghri	species	variant
Gladiator-Class Star Destroyer	gladiator class star destroyer	wiki:Gladiator	prestige-class	variant
Wookiee Berserkers	wookiee berserker	wiki:Wookiee	species	variant
Jawa Scavenger	jawa scavenger	wiki:Jawa	species	variant
Wookiee Berserker	wookiee berserker	wiki:Wookiee	species	variant
Devaronian Blood-Poison	devaronian blood poison	wiki:Devaronian	species	variant
Lightsaber Form Power	lightsaber form power	wiki:Lightsabers	weapon-group	variant
Force Throw	force throw	wiki:The_Force	rule	variant
Force Flow	force flow	wiki:The_Force	rule	variant
Beast Trick	beast trick	wiki:Beast	creature	variant
Force Suppression	force suppression	wiki:The_Force	rule	variant
Jedi Battlemaster (CL 12)	jedi battlemaster cl 12	wiki:The_Jedi	affiliation	variant
Sith Pilot	sith pilot	wiki:The_Sith	affiliation	variant
Sith Commando	sith commando	wiki:The_Sith	affiliation	variant
Sith Officer	sith officer	wiki:The_Sith	affiliation	variant
Sith Tremor Sword	sith tremor sword	wiki:The_Sith	affiliation	variant
Sith Trooper Armor	sith trooper armor	wiki:The_Sith	affiliation	variant
Sith Interceptor	sith interceptor	wiki:The_Sith	affiliation	variant
Mon Calamari Resistance Member	mon calamari resistance member	wiki:Mon_Calamari	species	variant
Imperial Knight (CL 11)	imperial knight cl 11	wiki:Imperial_Knight	prestige-class	variant
Squib Battering Ram	squib battering ram	wiki:Squib	species	variant
Starship Hazards	starship hazard	wiki:Category:Starships	index	variant
Starship Adventures	starship adventure	wiki:Category:Starships	index	variant
Force Adept (CL 8)	force adept cl 8	wiki:The_Force	rule	variant
Assassin (CL 10)	assassin cl 10	wiki:Assassin	prestige-class	variant
Bounty Hunter (CL 10)	bounty hunter cl 10	wiki:Bounty_Hunter	prestige-class	variant
Crime Lord (CL 12)	crime lord cl 12	wiki:Crime_Lord	prestige-class	variant
Rodian Black Sun Vigo	rodian black sun vigo	wiki:Rodian	species	variant
Bith Black Sun Vigo	bith black sun vigo	wiki:Bith	species	variant
Infiltrator (CL 9)	infiltrator cl 9	wiki:Infiltrator	prestige-class	variant
Imperial Knight (CL 10)	imperial knight cl 10	wiki:Imperial_Knight	prestige-class	variant
Outlaw Tech	outlaw tech	wiki:Outlaw	prestige-class	variant
Ace Pilot (CL 14)	ace pilot cl 14	wiki:Ace_Pilot	prestige-class	variant
Saboteur (CL 8)	saboteur cl 8	wiki:Saboteur	prestige-class	variant
Twi'lek Saboteur	twi'lek saboteur	wiki:Twi'lek	species	variant
Replica Droid (CL 3)	replica droid cl 3	wiki:Replica_Droid	species	variant
Devaronian Drifter	devaronian drifter	wiki:Devaronian	species	variant
Noble Sacrifice	noble sacrifice	wiki:Noble	heroic-class	variant
Human Force Adept	human force adept	wiki:Human	species	variant
Wookiee Freedom Fighter	wookiee freedom fighter	wiki:Wookiee	species	variant
Yuuzhan Vong Advance Agent	yuuzhan vong advance agent	wiki:Yuuzhan_Vong	species	variant
Jawa Trader	jawa trader	wiki:Jawa	species	variant
Trandoshan Scavenger	trandoshan scavenger	wiki:Trandoshan	species	variant
Quarren Isolationist	quarren isolationist	wiki:Quarren	species	variant
Human Soldier of Fortune	human soldier of fortune	wiki:Human	species	variant
Twi'lek Black Sun Vigo	twi'lek black sun vigo	wiki:Twi'lek	species	variant
Whiphid Tracker	whiphid tracker	wiki:Whiphid	species	variant
Aqualish Tech Specialist	aqualish tech specialist	wiki:Aqualish	species	variant
Tusken Raider Scout	tusken raider scout	wiki:Tusken_Raider	species	variant
Bothan Commando	bothan commando	wiki:Bothan	species	variant
Chiss Mercenary	chiss mercenary	wiki:Chiss	species	variant
Yuuzhan Vong Shaper	yuuzhan vong shaper	wiki:Yuuzhan_Vong	species	variant
Wookiee Warrior	wookiee warrior	wiki:Wookiee	species	variant
Amani Scout	amani scout	wiki:Amani	species	variant
Weapon Focus (Bowcaster)	weapon focus bowcaster	wiki:Weapon_Focus	feat	variant
Force Tradition Talents	force tradition talent	wiki:Force_Traditions	rule	variant
Force Fortification	force fortification	wiki:The_Force	rule	variant
Weapon Sizes	weapon size	wiki:Category:Weapons	index	variant
Bounty Hunter Talents	bounty hunter talent	wiki:Bounty_Hunter	prestige-class	variant
Scout Talents	scout talent	wiki:Scout	heroic-class	variant
Inspire Fear I	inspire fear i	wiki:Inspire	force-power	variant
Inspire Fear II	inspire fear ii	wiki:Inspire	force-power	variant
Inspire Fear III	inspire fear iii	wiki:Inspire	force-power	variant
Skill Focus (Jump)	skill focus jump	wiki:Skill_Focus	feat	variant
Charlatan Talent Trees	charlatan talent tree	wiki:Charlatan	prestige-class	variant
Attack Leaders	attack leader	wiki:Attacks	rule	variant
Corporate Agent Talent Trees	corporate agent talent tree	wiki:Corporate_Agent	prestige-class	variant
Crime Lord Talent Trees	crime lord talent tree	wiki:Crime_Lord	prestige-class	variant
Vehicle Size	vehicle size	wiki:Category:Vehicles	index	variant
Force Blind	force blind	wiki:The_Force	rule	variant
Crime Lord (CL 8)	crime lord cl 8	wiki:Crime_Lord	prestige-class	variant
Gand Weapons	gand weapon	wiki:Gand	species	variant
Arkanian General Template	arkanian general template	wiki:Arkanian	species	variant
GenoHaradan General Template	genoharadan general template	wiki:The_GenoHaradan	affiliation	variant
Krath General Template	krath general template	wiki:The_Krath	affiliation	variant
Mandalorian General Template	mandalorian general template	wiki:The_Mandalorians	affiliation	variant
Massassi General Template	massassi general template	wiki:Massassi	species	variant
Verpine General Template	verpine general template	wiki:Verpine	species	variant
Dashade Weapon Template	dashade weapon template	wiki:Dashade	species	variant
Gand Weapon Template	gand weapon template	wiki:Gand	species	variant
Quick Draw Weapon Template	quick draw weapon template	wiki:Quick_Draw	feat	variant
Natural Armor Bio-Implant	natural armor bio implant	wiki:Category:Natural	index	variant
Natural Weapon Bio-Implant	natural weapon bio implant	wiki:Category:Natural	index	variant
Poison Filter	poison filter	wiki:Category:Poison	index	variant
Force Detector	force detector	wiki:The_Force	rule	variant
Force Training Aid	force training aid	wiki:Force_Training	feat	variant
Sith Battle Harness	sith battle harness	wiki:The_Sith	affiliation	variant
Sith Talisman	sith talisman	wiki:The_Sith	affiliation	variant
Gladiator Talent Trees	gladiator talent tree	wiki:Gladiator	prestige-class	variant
Exotic Weapon Proficiency (Shyarn)	exotic weapon proficiency shyarn	wiki:Category:Exotic_Weapons	index	variant
Weapon Focus (Shyarn)	weapon focus shyarn	wiki:Weapon_Focus	feat	variant
Attack an Object	attack an object	wiki:Attacks	rule	variant
Weapon Focus (Pistols)	weapon focus pistol	wiki:Weapon_Focus	feat	variant
Weapon Emplacement	weapon emplacement	wiki:Category:Weapons	index	variant
Imperial Knight Talent Trees	imperial knight talent tree	wiki:Imperial_Knight	prestige-class	variant
Independent Droid Talent Trees	independent droid talent tree	wiki:Independent_Droid	prestige-class	variant
Infiltrator Talent Trees	infiltrator talent tree	wiki:Infiltrator	prestige-class	variant
Skill Focus (Knowledge (Life Sciences))	skill focus knowledge life science	wiki:Skill_Focus	feat	variant
Jedi Talent Trees	jedi talent tree	wiki:The_Jedi	affiliation	variant
Lightsaber Modification	lightsaber modification	wiki:Lightsabers	weapon-group	variant
Jedi Knight Talent Trees	jedi knight talent tree	wiki:Jedi_Knight	prestige-class	variant
Jedi Covenanters	jedi covenanter	wiki:The_Jedi	affiliation	variant
Weapon Focus (Siang Lance)	weapon focus siang lance	wiki:Weapon_Focus	feat	variant
Armor Mastery	armor mastery	wiki:Category:Armor	index	variant
The Lugubraa Hordes	lugubraa horde	wiki:Lugubraa	species	variant
Martial Arts Master Talent Trees	martial arts master talent tree	wiki:Martial_Arts_Master	prestige-class	variant
Master Privateer Talent Trees	master privateer talent tree	wiki:Master_Privateer	prestige-class	variant
Medic Talent Trees	medic talent tree	wiki:Medic	prestige-class	variant
Jedi Battle Armor	jedi battle armor	wiki:The_Jedi	affiliation	variant
Organization Score	organization score	wiki:Organizations	organization	variant
Noble Talent Trees	noble talent tree	wiki:Noble	heroic-class	variant
The Nyriaanan Clans	nyriaanan clan	wiki:Nyriaanan	species	variant
Officer Talent Trees	officer talent tree	wiki:Officer	prestige-class	variant
Sith Officers	sith officer	wiki:The_Sith	affiliation	variant
Assault Tactics	assault tactic	wiki:Assault	feat	variant
Skill Training (Use the Force)	skill training use the force	wiki:Skill_Training	feat	variant
The Sith Order	sith order	wiki:The_Sith	affiliation	variant
Skill Training (Knowledge (Technology))	skill training knowledge technology	wiki:Skill_Training	feat	variant
Starship Deception	starship deception	wiki:Category:Starships	index	variant
Skill Focus (Knowledge (Tactics))	skill focus knowledge tactic	wiki:Skill_Focus	feat	variant
Skill Training (Perception)	skill training perception	wiki:Skill_Training	feat	variant
Skill Training (Stealth)	skill training stealth	wiki:Skill_Training	feat	variant
Saboteur Talent Trees	saboteur talent tree	wiki:Saboteur	prestige-class	variant
Scoundrel Talent Trees	scoundrel talent tree	wiki:Scoundrel	heroic-class	variant
Armor Check Penalties	armor check penaltie	wiki:Category:Armor	index	variant
Sith Apprentice Talent Trees	sith apprentice talent tree	wiki:Sith_Apprentice	prestige-class	variant
Force Power Adept	force power adept	wiki:Force_Powers	rule	variant
Soldier Talent Trees	soldier talent tree	wiki:Soldier	heroic-class	variant
Starship Weapon	starship weapon	wiki:Category:Starships	index	variant
Vehicle Battalion Template	vehicle battalion template	wiki:Category:Vehicles	index	variant
Explosive Shot	explosive shot	wiki:Category:Explosives	index	variant
Jedi Organizations	jedi organization	wiki:The_Jedi	affiliation	variant
Sniper Switch	sniper switch	wiki:Sniper	feat	variant
Sith Artifact	sith artifact	wiki:The_Sith	affiliation	variant
Believer Cultist	believer cultist	wiki:The_Believers	affiliation	variant
Believer Cultist Leader	believer cultist leader	wiki:The_Believers	affiliation	variant
Believer Zealot	believer zealot	wiki:The_Believers	affiliation	variant
Force Power Mastery	force power mastery	wiki:Force_Powers	rule	variant
Inquisitorius Recruit	inquisitorius recruit	wiki:The_Inquisitorius	affiliation	variant
Jedi Master Holocron Gatekeeper	jedi master holocron gatekeeper	wiki:Jedi_Master	prestige-class	variant
Jedi Battlemaster	jedi battlemaster	wiki:The_Jedi	affiliation	variant
Jedi Crusader Squad	jedi crusader squad	wiki:The_Jedi	affiliation	variant
Jedi Knight Squad	jedi knight squad	wiki:Jedi_Knight	prestige-class	variant
Jedi Crusader Battalion	jedi crusader battalion	wiki:The_Jedi	affiliation	variant
Jedi Knight Battalion	jedi knight battalion	wiki:Jedi_Knight	prestige-class	variant
Krath War Droids	krath war droid	wiki:The_Krath	affiliation	variant
Sith Spirits	sith spirit	wiki:The_Sith	affiliation	variant
Krath Warrior Squad	krath warrior squad	wiki:The_Krath	affiliation	variant
Krath Adept Squad	krath adept squad	wiki:The_Krath	affiliation	variant
Krath War Droid Squad	krath war droid squad	wiki:The_Krath	affiliation	variant
Krath Warrior Battalion	krath warrior battalion	wiki:The_Krath	affiliation	variant
Krath Adept Battalion	krath adept battalion	wiki:The_Krath	affiliation	variant
Krath War Droid Battalion	krath war droid battalion	wiki:The_Krath	affiliation	variant
Mandalorian Neo-Crusader Squad	mandalorian neo crusader squad	wiki:The_Mandalorians	affiliation	variant
Mandalorian Crusader Squad	mandalorian crusader squad	wiki:The_Mandalorians	affiliation	variant
Mandalorian Trooper Squad	mandalorian trooper squad	wiki:The_Mandalorians	affiliation	variant
Mandalorian Marauder Squad	mandalorian marauder squad	wiki:The_Mandalorians	affiliation	variant
Mandalorian Neo-Crusader Battalion	mandalorian neo crusader battalion	wiki:The_Mandalorians	affiliation	variant
Mandalorian Crusader Battalion	mandalorian crusader battalion	wiki:The_Mandalorians	affiliation	variant
Mandalorian Trooper Battalion	mandalorian trooper battalion	wiki:The_Mandalorians	affiliation	variant
Mandalorian Marauder Battalion	mandalorian marauder battalion	wiki:The_Mandalorians	affiliation	variant
Force Harmony	force harmony	wiki:The_Force	rule	variant
Sith Descendant	sith descendant	wiki:The_Sith	affiliation	variant
Sith Lord Holocron Gatekeeper	sith lord holocron gatekeeper	wiki:Sith_Lord	prestige-class	variant
Sith Student Squad	sith student squad	wiki:The_Sith	affiliation	variant
Sith Elite Warbot Squad	sith elite warbot squad	wiki:The_Sith	affiliation	variant
Sith Warbird	sith warbird	wiki:The_Sith	affiliation	variant
Massassi Abomination	massassi abomination	wiki:Massassi	species	variant
Sith Apprentice Squad	sith apprentice squad	wiki:Sith_Apprentice	prestige-class	variant
Sith Student Battalion	sith student battalion	wiki:The_Sith	affiliation	variant
Sith Elite Warbot Battalion	sith elite warbot battalion	wiki:The_Sith	affiliation	variant
Sith Apprentice Battalion	sith apprentice battalion	wiki:Sith_Apprentice	prestige-class	variant
The Tof Kingdom	tof kingdom	wiki:Tof	species	variant
Tof, Planet	tof planet	wiki:Tof	species	variant
Weapon Specialization (Simple Weapons)	weapon specialization simple weapon	wiki:Category:Weapons	index	variant
