rank	target_slug	guess	kind	refs	n_pages	in_master_reference_manifest	approx_to	approx_by	sample_pages
1	Droid	Droid	rules-term	447	78	yes			wiki:Abilities wiki:Aiming_Accuracy wiki:Alter_Talent_Tree wiki:Attacks
2	Droids	Droids	rules-term	304	56	yes			wiki:1st-Degree_Droids wiki:2nd-Degree_Droids wiki:3rd-Degree_Droids wiki:4th-Degree_Droids
3	Feats	Feats	rules-term	289	96	yes			wiki:Ace_Pilot wiki:Actions wiki:Amani wiki:Ambusher_Talent_Tree
4	Base_Attack_Bonus	Base Attack Bonus	frequently-referenced	265	108	no			wiki:Accelerated_Strike wiki:Advantageous_Attack wiki:Assault wiki:Attack_Combo_(Fire_and_Strike)
5	Military	Military	frequently-referenced	248	23	no			wiki:Category:Clone_Wars_Campaign_Guide wiki:Category:Explosives wiki:Category:Force_Unleashed_Campaign_Guide wiki:Category:Knights_of_the_Old_Republic_Campaign_Guide
6	Fortitude_Defense	Fortitude Defense	frequently-referenced	227	120	no			wiki:4th-Degree_Droid_Talent_Tree wiki:5th-Degree_Droid_Talent_Tree wiki:Abilities wiki:Ace_Pilot
7	Charisma	Charisma	frequently-referenced	206	119	no			wiki:2nd-Degree_Droids wiki:3rd-Degree_Droid_Talent_Tree wiki:3rd-Degree_Droids wiki:4th-Degree_Droids
8	Feat	Feat	rules-term	192	92	yes			wiki:Actions wiki:Anarrian wiki:Aqualish wiki:Beast
9	Equipment	Equipment	frequently-referenced	178	67	yes			wiki:5th-Degree_Droid_Talent_Tree wiki:Acrobatics wiki:Aqualish wiki:Armor_Proficiency_(Heavy)
10	The_Outer_Rim	The Outer Rim	rules-term	172	52	no			wiki:Amani wiki:Barabel wiki:Bith wiki:Category:Clone_Wars_Campaign_Guide
11	The_Galactic_Empire	The Galactic Empire	rules-term	160	34	no			wiki:Category:Bio-Implants wiki:Category:Clone_Wars_Campaign_Guide wiki:Category:Core_Rulebook wiki:Category:Force_Unleashed_Campaign_Guide
12	The_Old_Republic	The Old Republic	rules-term	145	24	no			wiki:Arkanian wiki:Category:Core_Rulebook wiki:Category:Knights_of_the_Old_Republic_Campaign_Guide wiki:Category:Legacy_Era_Campaign_Guide
13	Dark_Side_Score	Dark Side Score	frequently-referenced	139	36	no			wiki:Believer_Disciple_Talent_Tree wiki:Blazing_Chain_Talent_Tree wiki:Category:Clone_Wars_Campaign_Guide wiki:Category:Force_Powers
14	Restricted	Restricted	frequently-referenced	133	26	no			wiki:Blaster_Carbine wiki:Category:Appendages wiki:Category:Clone_Wars_Campaign_Guide wiki:Category:Explosives
15	Coruscant	Coruscant	frequently-referenced	132	34	no			wiki:Biotech_General_Template wiki:Blood_Carver wiki:Category:Clone_Wars_Campaign_Guide wiki:Category:Force_Unleashed_Campaign_Guide
16	Bonus_Hit_Points	Bonus Hit Points	frequently-referenced	119	36	no			wiki:Anzati wiki:Bando_Gora_Captain_Talent_Tree wiki:Fortifying_Recovery wiki:Fugitive_Commander_Talent_Tree
17	Age_Groups	Age Groups	frequently-referenced	112	112	no			wiki:Advozse wiki:Aleena wiki:Altiri wiki:Amani
18	Starfighters	Starfighters	frequently-referenced	111	26	no			wiki:Attacks wiki:Category:Clone_Wars_Campaign_Guide wiki:Category:Force_Unleashed_Campaign_Guide wiki:Category:Galaxy_of_Intrigue
19	The_Dark_Times	The Dark Times	rules-term	106	28	no			wiki:Aleena wiki:Caamasi wiki:Category:Core_Rulebook wiki:Category:Force_Unleashed_Campaign_Guide
20	Rare	Rare	frequently-referenced	105	28	no			wiki:Atlatl wiki:Biotech_General_Template wiki:Bothan_SpyNet_Talent_Tree wiki:Bowcaster
21	The_Unknown_Regions	The Unknown Regions	rules-term	105	32	no			wiki:Beast wiki:Category:Clone_Wars_Campaign_Guide wiki:Category:Knights_of_the_Old_Republic_Campaign_Guide wiki:Category:Legacy_Era_Campaign_Guide
22	Concealment	Concealment	frequently-referenced	102	72	no			wiki:Advozse wiki:Anzati wiki:Arcona wiki:Arkanian
23	The_Sith_Empire	The Sith Empire	rules-term	102	12	no	wiki:The_Sith	variant-name(-1)	wiki:Arkanian wiki:Category:Knights_of_the_Old_Republic_Campaign_Guide wiki:Category:The_Old_Republic_Era wiki:Category:Web_Enhancements
24	Licensed	Licensed	frequently-referenced	102	21	no			wiki:Bowcaster wiki:Category:Appendages wiki:Category:Clone_Wars_Campaign_Guide wiki:Category:Explosives
25	Attack_of_Opportunity	Attack of Opportunity	frequently-referenced	100	58	no	wiki:Attacks	variant-name(-2)	wiki:Acrobatic_Dodge wiki:Acrobatic_Strike wiki:Acrobatics wiki:Actions
26	The_Rebel_Alliance	The Rebel Alliance	rules-term	97	24	no			wiki:Category:Force_Unleashed_Campaign_Guide wiki:Category:Galaxy_at_War wiki:Category:Galaxy_of_Intrigue wiki:Category:Legacy_Era_Campaign_Guide
27	The_Great_Sith_War	The Great Sith War	rules-term	88	12	no			wiki:Category:Galaxy_at_War wiki:Category:Knights_of_the_Old_Republic_Campaign_Guide wiki:Dashade wiki:Old_Republic_Era_Campaigns
28	Stormtroopers	Stormtroopers	frequently-referenced	84	22	no			wiki:Abilities wiki:Category:Core_Rulebook wiki:Category:Force_Unleashed_Campaign_Guide wiki:Category:Legacy_Era_Campaign_Guide
29	Destiny_Point	Destiny Point	frequently-referenced	84	25	no	wiki:Destiny	variant-name(-1)	wiki:Attacks wiki:Baran_Do_Sage_Talent_Tree wiki:Category:Clone_Wars_Campaign_Guide wiki:Category:Force_Unleashed_Campaign_Guide
30	Illegal	Illegal	frequently-referenced	82	26	no			wiki:Biotech_General_Template wiki:Category:Appendages wiki:Category:Bio-Implants wiki:Category:Clone_Wars_Campaign_Guide
31	Endurance	Endurance	frequently-referenced	79	39	no			wiki:Abilities wiki:Arkanian_Offshoot wiki:Armor_Proficiency_(Heavy) wiki:Armor_Proficiency_(Light)
32	The_Galactic_Republic	The Galactic Republic	rules-term	79	24	no			wiki:Bith wiki:Category:Clone_Wars_Campaign_Guide wiki:Category:Core_Rulebook wiki:Category:Force_Unleashed_Campaign_Guide
33	Class	Class	frequently-referenced	77	47	no			wiki:Abilities wiki:Ace_Pilot wiki:Adaptable_Talent wiki:Amani
34	Starfighter	Starfighter	frequently-referenced	76	19	no			wiki:Ace_Pilot wiki:Category:Clone_Wars_Campaign_Guide wiki:Category:Force_Unleashed_Campaign_Guide wiki:Category:Galaxy_at_War
35	Darth_Vader	Darth Vader	frequently-referenced	73	18	no			wiki:Category:Clone_Wars_Campaign_Guide wiki:Category:Force_Unleashed_Campaign_Guide wiki:Category:Legacy_Era_Campaign_Guide wiki:Category:Rebellion_Era_Campaign_Guide
36	Total_Concealment	Total Concealment	frequently-referenced	70	52	no			wiki:Advozse wiki:Agent_of_Ossus_Talent_Tree wiki:Anzati wiki:Arkanian
37	Battalion	Battalion	frequently-referenced	70	12	no			wiki:Aid_Another wiki:Attacks wiki:Category:Clone_Wars_Campaign_Guide wiki:Charge
38	Deflect	Deflect	frequently-referenced	69	20	no			wiki:Actions wiki:Attacks wiki:Category:Web_Enhancements wiki:Circle_of_Shelter
39	Revan	Revan	entity-page	69	11	no			wiki:Category:Knights_of_the_Old_Republic_Campaign_Guide wiki:Category:The_Old_Republic_Era wiki:Category:Web_Enhancements wiki:Cathar
40	Double_Attack	Double Attack	frequently-referenced	68	13	yes			wiki:Assault wiki:Category:Web_Enhancements wiki:Darth_Krayt wiki:Full_Attacks
41	Capital_Ships	Capital Ships	frequently-referenced	68	18	no			wiki:Category:Clone_Wars_Campaign_Guide wiki:Category:Force_Unleashed_Campaign_Guide wiki:Category:Galaxy_of_Intrigue wiki:Category:Knights_of_the_Old_Republic_Campaign_Guide
42	Stun	Stun	frequently-referenced	67	27	no			wiki:Atlatl wiki:Barabel wiki:Blaster_Carbine wiki:Bowcaster
43	Farseeing	Farseeing	frequently-referenced	64	21	yes			wiki:Agent_of_Ossus_Talent_Tree wiki:Baran_Do_Sage_Talent_Tree wiki:Category:Jedi_Academy_Training_Manual wiki:Category:Knights_of_the_Old_Republic_Campaign_Guide
44	BASE_ATTACK_BONUS	BASE ATTACK BONUS	frequently-referenced	63	33	no			wiki:Ace_Pilot wiki:Assassin wiki:Bounty_Hunter wiki:Charlatan
45	Move	Move	frequently-referenced	63	46	no			wiki:Actions wiki:Advance_Patrol_Talent_Tree wiki:Anointed_Hunter wiki:Anticipation_Talent_Tree
46	Tatooine	Tatooine	frequently-referenced	62	25	no			wiki:Actions wiki:Backgrounds wiki:Category:Clone_Wars_Campaign_Guide wiki:Category:Force_Unleashed_Campaign_Guide
47	Second_Wind	Second Wind	frequently-referenced	62	33	no			wiki:Advanced_Medicine_Talent_Tree wiki:Category:Web_Enhancements wiki:Commando_Talent_Tree wiki:Control_Talent_Tree
48	The_Mandalorian_Wars	The Mandalorian Wars	rules-term	62	13	no	wiki:The_Mandalorians	variant-name(-1)	wiki:Anarrian wiki:Category:Clone_Wars_Campaign_Guide wiki:Category:Knights_of_the_Old_Republic_Campaign_Guide wiki:Category:Legacy_Era_Campaign_Guide
49	STUN	STUN	frequently-referenced	62	12	no			wiki:Category:Clone_Wars_Campaign_Guide wiki:Category:Force_Unleashed_Campaign_Guide wiki:Category:Galaxy_of_Intrigue wiki:Category:Knights_of_the_Old_Republic_Campaign_Guide
50	Reach	Reach	frequently-referenced	61	41	no			wiki:4th-Degree_Droid_Talent_Tree wiki:Amani wiki:Assured_Strike wiki:Attacks_of_Opportunity
51	Critical_Hit	Critical Hit	frequently-referenced	60	26	no			wiki:Assassin wiki:Blockade_Runner_Talent_Tree wiki:Bothan_SpyNet_Talent_Tree wiki:Category:Web_Enhancements
52	The_Jedi_Civil_War	The Jedi Civil War	rules-term	58	15	no	wiki:The_Jedi	variant-name(-2)	wiki:Category:Galaxy_at_War wiki:Category:Jedi_Academy_Training_Manual wiki:Category:Knights_of_the_Old_Republic_Campaign_Guide wiki:Category:The_Clone_Wars
53	Block	Block	frequently-referenced	55	18	no			wiki:Actions wiki:Attacks wiki:Category:Web_Enhancements wiki:Circle_of_Shelter
54	Damage_Reduction	Damage Reduction	frequently-referenced	55	37	no			wiki:Autonomy_Talent_Tree wiki:Awareness_Talent_Tree wiki:Beast wiki:Biotech_Specialist
55	The_Galactic_Alliance	The Galactic Alliance	rules-term	55	14	no			wiki:Category:Legacy_Era_Campaign_Guide wiki:Category:The_Legacy_Era wiki:Category:The_New_Jedi_Order_Era wiki:Category:Web_Enhancements
56	Nonheroic	Nonheroic	frequently-referenced	52	22	no			wiki:Catch_a_Second_Wind wiki:Category:Clone_Wars_Campaign_Guide wiki:Category:Core_Rulebook wiki:Category:Force_Unleashed_Campaign_Guide
57	Space_Transports	Space Transports	frequently-referenced	50	19	no			wiki:Ace_Pilot wiki:Category:Clone_Wars_Campaign_Guide wiki:Category:Force_Unleashed_Campaign_Guide wiki:Category:Galaxy_of_Intrigue
58	Persistent_Condition	Persistent Condition	frequently-referenced	49	27	no			wiki:Anzati wiki:Attacks wiki:Barabel wiki:Brigand_Talent_Tree
59	Starship_Scale	Starship Scale	rules-term	48	21	no	wiki:Category:Starships	variant-name(-1)	wiki:Attacks wiki:Biotech_Specialist wiki:Category:Clone_Wars_Campaign_Guide wiki:Category:Scum_and_Villainy
60	Talent_Trees	Talent Trees	rules-term	48	13	no	wiki:Talents	variant-name(-1)	wiki:Category:Droid_Talent_Trees wiki:Category:Force_Unleashed_Campaign_Guide wiki:Category:Galaxy_of_Intrigue wiki:Category:Jedi_Academy_Training_Manual
61	Naboo	Naboo	frequently-referenced	46	18	no			wiki:Category:Clone_Wars_Campaign_Guide wiki:Category:Force_Unleashed_Campaign_Guide wiki:Category:Knights_of_the_Old_Republic_Campaign_Guide wiki:Category:Legacy_Era_Campaign_Guide
62	Korriban	Korriban	frequently-referenced	46	13	no			wiki:Category:Knights_of_the_Old_Republic_Campaign_Guide wiki:Category:Legacy_Era_Campaign_Guide wiki:Category:The_Old_Republic_Era wiki:Category:Web_Enhancements
63	Darth_Sidious	Darth Sidious	entity-page	45	7	no			wiki:Category:Clone_Wars_Campaign_Guide wiki:Category:Force_Unleashed_Campaign_Guide wiki:Category:The_Clone_Wars wiki:Category:Web_Enhancements
64	Force_Power_Suite	Force Power Suite	frequently-referenced	44	26	no	wiki:Force_Powers	variant-name(-1)	wiki:Aing-Tii_Monk_Talent_Tree wiki:Alter_Talent_Tree wiki:Assured_Strike wiki:Bando_Gora_Captain_Talent_Tree
65	Endor	Endor	frequently-referenced	44	19	no			wiki:Amani wiki:Category:Rebellion_Era_Campaign_Guide wiki:Category:The_Rebellion_Era wiki:Category:Unknown_Regions_Campaign_Guide
66	Luke_Skywalker	Luke Skywalker	entity-page	44	11	no			wiki:Category:Force_Unleashed_Campaign_Guide wiki:Category:Jedi_Academy_Training_Manual wiki:Category:Legacy_Era_Campaign_Guide wiki:Category:Rebellion_Era_Campaign_Guide
67	Weapon_Group	Weapon Group	frequently-referenced	44	14	no	wiki:Category:Weapons	variant-name(-1)	wiki:Category:Web_Enhancements wiki:Critical_Master_Talent_Tree wiki:Gladiatorial_Combat_Talent_Tree wiki:Mandalorian_Warrior_Talent_Tree
68	Difficult_Terrain	Difficult Terrain	frequently-referenced	43	25	no			wiki:Acrobatics wiki:Advance_Patrol_Talent_Tree wiki:Alter_Talent_Tree wiki:Category:Vehicles
69	Weapon_Proficiency_(Pistols)	Weapon Proficiency (Pistols)	frequently-referenced	41	29	no	wiki:Weapon_Proficiency	variant-name(-1)	wiki:Agent_of_Ossus_Talent_Tree wiki:Amani wiki:Barabel wiki:Category:Web_Enhancements
70	Dawn_of_Defiance	Dawn of Defiance	frequently-referenced	40	17	no			wiki:1st-Degree_Droids wiki:4th-Degree_Droids wiki:5th-Degree_Droids wiki:Abilities
71	The_Mid_Rim	The Mid Rim	rules-term	39	21	no			wiki:Advozse wiki:Anzati wiki:Bothan wiki:Category:Clone_Wars_Campaign_Guide
72	The_Death_Star	The Death Star	rules-term	39	12	no			wiki:Category:Galaxy_at_War wiki:Category:Rebellion_Era_Campaign_Guide wiki:Category:Scavenger's_Guide_to_Droids wiki:Category:Starships
73	Elite_Trooper	Elite Trooper	frequently-referenced	38	14	yes			wiki:Ace_Pilot wiki:Category:Clone_Wars_Campaign_Guide wiki:Category:Force_Unleashed_Campaign_Guide wiki:Category:Knights_of_the_Old_Republic_Campaign_Guide
74	Destiny_Points	Destiny Points	frequently-referenced	38	12	no	wiki:Destiny	variant-name(-1)	wiki:Backgrounds wiki:Beast wiki:Bothan_SpyNet_Talent_Tree wiki:Category:Clone_Wars_Campaign_Guide
75	Force_Technique	Force Technique	frequently-referenced	38	13	no	wiki:The_Force	variant-name(-1)	wiki:Category:Clone_Wars_Campaign_Guide wiki:Category:Knights_of_the_Old_Republic_Campaign_Guide wiki:Category:Legacy_Era_Campaign_Guide wiki:Category:Web_Enhancements
76	Hyperdrive	Hyperdrive	frequently-referenced	37	14	no			wiki:Aing-Tii_Monk_Talent_Tree wiki:Category:Force_Unleashed_Campaign_Guide wiki:Category:Galaxy_of_Intrigue wiki:Category:Legacy_Era_Campaign_Guide
77	Capital_Ship	Capital Ship	frequently-referenced	37	15	no			wiki:Blockade_Runner_Talent_Tree wiki:Category:Clone_Wars_Campaign_Guide wiki:Category:Force_Unleashed_Campaign_Guide wiki:Category:Galaxy_at_War
78	The_Confederacy_of_Independent_Systems	The Confederacy of Independent Systems	rules-term	37	12	no			wiki:Category:Clone_Wars_Campaign_Guide wiki:Category:Force_Unleashed_Campaign_Guide wiki:Category:Rebellion_Era_Campaign_Guide wiki:Category:The_Clone_Wars
79	Stormtrooper	Stormtrooper	entity-page	37	7	no			wiki:Category:Force_Unleashed_Campaign_Guide wiki:Category:Rebellion_Era_Campaign_Guide wiki:Category:Web_Enhancements wiki:Deception
80	Weapon_Proficiency_(Lightsabers)	Weapon Proficiency (Lightsabers)	frequently-referenced	37	16	no	wiki:Weapon_Proficiency	variant-name(-1)	wiki:Category:Jedi_Academy_Training_Manual wiki:Category:Legacy_Era_Campaign_Guide wiki:Category:Web_Enhancements wiki:Darth_Krayt
81	Force_Adept	Force Adept	frequently-referenced	36	18	yes	wiki:The_Force	variant-name(-1)	wiki:Category:Clone_Wars_Campaign_Guide wiki:Category:Force_Unleashed_Campaign_Guide wiki:Category:Jedi_Academy_Training_Manual wiki:Category:Knights_of_the_Old_Republic_Campaign_Guide
82	Han_Solo	Han Solo	entity-page	36	7	no			wiki:Category:Force_Unleashed_Campaign_Guide wiki:Category:Rebellion_Era_Campaign_Guide wiki:Category:Scum_and_Villainy wiki:Category:The_Rebellion_Era
83	The_Core	The Core	rules-term	35	11	no			wiki:Category:Clone_Wars_Campaign_Guide wiki:Category:Force_Unleashed_Campaign_Guide wiki:Category:Knights_of_the_Old_Republic_Campaign_Guide wiki:Category:Legacy_Era_Campaign_Guide
84	Yavin	Yavin	frequently-referenced	35	21	no			wiki:Category:Force_Unleashed_Campaign_Guide wiki:Category:Legacy_Era_Campaign_Guide wiki:Category:Rebellion_Era_Campaign_Guide wiki:Category:Scum_and_Villainy
85	Thugs	Thugs	entity-page	35	3	no			wiki:Category:Web_Enhancements wiki:Gamemastering wiki:The_Force
86	Chewbacca	Chewbacca	entity-page	35	1	no			wiki:Category:Web_Enhancements
87	Utapau	Utapau	entity-page	34	8	no			wiki:Ascension_Specialists wiki:Category:Clone_Wars_Campaign_Guide wiki:Category:The_Clone_Wars wiki:Category:Web_Enhancements
88	Vehicle_Weapons	Vehicle Weapons	rules-term	34	19	no	wiki:Category:Vehicles	variant-name(-1)	wiki:Burst_Fire wiki:Category:Clone_Wars_Campaign_Guide wiki:Category:Starships_of_the_Galaxy wiki:Category:Weapons
89	Ossus	Ossus	entity-page	34	9	no			wiki:Category:Jedi_Academy_Training_Manual wiki:Category:Legacy_Era_Campaign_Guide wiki:Category:The_Legacy_Era wiki:Category:The_Old_Republic_Era
90	Jedi_Counseling	Jedi Counseling	frequently-referenced	33	27	no	wiki:The_Jedi	variant-name(-1)	wiki:Actions wiki:Catch_a_Second_Wind wiki:Conditions wiki:Control_Talent_Tree
91	Dual_Weapon_Mastery_I	Dual Weapon Mastery I	frequently-referenced	33	15	yes			wiki:Assault wiki:Category:Web_Enhancements wiki:Codru-Ji wiki:Darth_Krayt
92	The_Sith-Imperial_War	The Sith-Imperial War	rules-term	33	9	no	wiki:The_Sith	variant-name(-2)	wiki:Category:Galaxy_at_War wiki:Category:Legacy_Era_Campaign_Guide wiki:Category:Web_Enhancements wiki:Darth_Krayt
93	Dodge	Dodge	frequently-referenced	32	16	yes			wiki:A_Few_Maneuvers wiki:Acrobatic_Dodge wiki:Category:Scavenger's_Guide_to_Droids wiki:Category:Web_Enhancements
94	Blaster_Pistol	Blaster Pistol	frequently-referenced	32	15	no			wiki:Actions wiki:Category:Rebellion_Era_Campaign_Guide wiki:Category:Weapons wiki:Category:Web_Enhancements
95	Kashyyyk	Kashyyyk	frequently-referenced	32	17	no			wiki:Aleena wiki:Bowcaster wiki:Category:Clone_Wars_Campaign_Guide wiki:Category:Force_Unleashed_Campaign_Guide
96	Persistent	Persistent	frequently-referenced	32	24	no			wiki:Aleena wiki:Catch_a_Second_Wind wiki:Category:Bio-Implants wiki:Category:Legacy_Era_Campaign_Guide
97	Force_Techniques	Force Techniques	frequently-referenced	32	13	no	wiki:The_Force	variant-name(-1)	wiki:Category:Clone_Wars_Campaign_Guide wiki:Category:Force_Unleashed_Campaign_Guide wiki:Category:Jedi_Academy_Training_Manual wiki:Category:Knights_of_the_Old_Republic_Campaign_Guide
98	The_Star_Forge	The Star Forge	rules-term	32	9	no			wiki:Category:Knights_of_the_Old_Republic_Campaign_Guide wiki:Category:The_Old_Republic_Era wiki:Category:Web_Enhancements wiki:Gamemastering
99	Grabbed	Grabbed	entity-page	31	11	no			wiki:Aing-Tii_Monk_Talent_Tree wiki:Anzati wiki:Bantha_Herder wiki:Bantha_Rush
100	Mind-Affecting	Mind-Affecting	frequently-referenced	31	21	no			wiki:Alter_Talent_Tree wiki:Bounty_Hunter_Talent_Tree wiki:Category:Web_Enhancements wiki:Cerean
101	The_Deep_Core	The Deep Core	rules-term	31	10	no			wiki:Category:Clone_Wars_Campaign_Guide wiki:Category:Force_Unleashed_Campaign_Guide wiki:Category:Knights_of_the_Old_Republic_Campaign_Guide wiki:Category:Legacy_Era_Campaign_Guide
102	Force_Secret	Force Secret	entity-page	31	11	no	wiki:The_Force	variant-name(-1)	wiki:Category:Clone_Wars_Campaign_Guide wiki:Category:Force_Unleashed_Campaign_Guide wiki:Category:Web_Enhancements wiki:Force_Disciple
103	Darth_Malak	Darth Malak	entity-page	31	7	no			wiki:Category:Knights_of_the_Old_Republic_Campaign_Guide wiki:Category:Legacy_Era_Campaign_Guide wiki:Category:The_Old_Republic_Era wiki:Category:Web_Enhancements
104	The_Inner_Rim	The Inner Rim	rules-term	30	12	no			wiki:Aleena wiki:Category:Force_Unleashed_Campaign_Guide wiki:Category:Knights_of_the_Old_Republic_Campaign_Guide wiki:Category:Legacy_Era_Campaign_Guide
105	Dogfight	Dogfight	entity-page	30	8	no			wiki:Blockade_Runner_Talent_Tree wiki:Category:Web_Enhancements wiki:Gunner_Talent_Tree wiki:Intercept
106	Followers	Followers	entity-page	30	6	yes			wiki:Category:Clone_Wars_Campaign_Guide wiki:Korunnai_Adept_Talent_Tree wiki:Loyal_Protector_Talent_Tree wiki:Reconnaissance_Talent_Tree
107	The_Core_Worlds	The Core Worlds	rules-term	30	15	no			wiki:Category:Clone_Wars_Campaign_Guide wiki:Category:Core_Rulebook wiki:Category:Force_Unleashed_Campaign_Guide wiki:Category:Jedi_Academy_Training_Manual
108	Armor_Check_Penalty	Armor Check Penalty	frequently-referenced	29	19	no	wiki:Category:Armor	variant-name(-2)	wiki:Acrobatics wiki:Armor_Proficiency_(Heavy) wiki:Armor_Proficiency_(Light) wiki:Armor_Proficiency_(Medium)
109	Surprise_Round	Surprise Round	frequently-referenced	29	18	no			wiki:Advance_Patrol_Talent_Tree wiki:Ambusher_Talent_Tree wiki:Awareness_Talent_Tree wiki:Bad_Feeling
110	Vehicle_Weapon	Vehicle Weapon	rules-term	29	15	no	wiki:Category:Vehicles	variant-name(-1)	wiki:Attacks wiki:Burst_Fire wiki:Category:Web_Enhancements wiki:Gunner
111	Boba_Fett	Boba Fett	entity-page	29	6	no			wiki:Category:Rebellion_Era_Campaign_Guide wiki:Category:Scum_and_Villainy wiki:Category:Web_Enhancements wiki:Gamemastering
112	Disabled	Disabled	frequently-referenced	28	16	no			wiki:5th-Degree_Droid_Talent_Tree wiki:Autonomy_Talent_Tree wiki:Category:Web_Enhancements wiki:Combat
113	The_Hutt_Kajidics	The Hutt Kajidics	rules-term	28	9	no	wiki:Hutt	variant-name(-1)	wiki:Amani wiki:Category:Clone_Wars_Campaign_Guide wiki:Category:Force_Unleashed_Campaign_Guide wiki:Category:Knights_of_the_Old_Republic_Campaign_Guide
114	Imperial_Intelligence	Imperial Intelligence	entity-page	28	8	no			wiki:Category:Force_Unleashed_Campaign_Guide wiki:Category:Galaxy_of_Intrigue wiki:Category:Legacy_Era_Campaign_Guide wiki:Category:Rebellion_Era_Campaign_Guide
115	Emplacement_Points	Emplacement Points	entity-page	28	2	no			wiki:Category:Web_Enhancements wiki:Starship_Designer
116	Knowledge_(Tactics)	Knowledge (Tactics)	frequently-referenced	27	15	no			wiki:Aid_Another wiki:Category:Clone_Wars_Campaign_Guide wiki:Category:Web_Enhancements wiki:Class_Skills
117	Count_Dooku	Count Dooku	entity-page	27	6	no			wiki:Category:Clone_Wars_Campaign_Guide wiki:Category:The_Clone_Wars wiki:Category:The_Rise_of_the_Empire_Era wiki:Category:Web_Enhancements
118	Clone_Troopers	Clone Troopers	frequently-referenced	27	13	no			wiki:Category:Clone_Wars_Campaign_Guide wiki:Category:Core_Rulebook wiki:Category:Force_Unleashed_Campaign_Guide wiki:Category:Rebellion_Era_Campaign_Guide
119	Exar_Kun	Exar Kun	entity-page	27	9	no			wiki:Category:Knights_of_the_Old_Republic_Campaign_Guide wiki:Category:The_Old_Republic_Era wiki:Category:Web_Enhancements wiki:Cathar
120	Ulic_Qel-Droma	Ulic Qel-Droma	entity-page	27	7	no			wiki:Category:Knights_of_the_Old_Republic_Campaign_Guide wiki:Category:The_Old_Republic_Era wiki:Old_Republic_Era_Campaigns wiki:The_Jedi
121	Nizon	Nizon	entity-page	27	3	no			wiki:Category:Web_Enhancements wiki:Galactic_Gazetteer wiki:Nazren
122	Hazards	Hazards	frequently-referenced	26	18	no			wiki:5th-Degree_Droid_Talent_Tree wiki:Baran_Do_Sage_Talent_Tree wiki:Category:Clone_Wars_Campaign_Guide wiki:Category:Galaxy_at_War
123	Fighting_Space	Fighting Space	frequently-referenced	26	17	no			wiki:Acrobatics wiki:Bantha_Herder wiki:Bantha_Rush wiki:Beast
124	Alderaan	Alderaan	entity-page	26	11	no			wiki:Blood_Carver wiki:Caamasi wiki:Category:Force_Unleashed_Campaign_Guide wiki:Category:Rebellion_Era_Campaign_Guide
125	Anakin_Skywalker	Anakin Skywalker	entity-page	26	10	no			wiki:Category:Clone_Wars_Campaign_Guide wiki:Category:Force_Unleashed_Campaign_Guide wiki:Category:Jedi_Academy_Training_Manual wiki:Category:The_Clone_Wars
126	Dark_Times_Campaign	Dark Times Campaign	entity-page	26	6	no			wiki:Category:Force_Unleashed_Campaign_Guide wiki:Category:Rebellion_Era_Campaign_Guide wiki:Category:The_Rebellion_Era wiki:Independent_Droid
127	Surgery	Surgery	frequently-referenced	25	13	no			wiki:Attacks wiki:Brigand_Talent_Tree wiki:Catch_a_Second_Wind wiki:Category:Bio-Implants
128	Emperor_Palpatine	Emperor Palpatine	frequently-referenced	25	12	no			wiki:Bounty_Hunter wiki:Category:Force_Unleashed_Campaign_Guide wiki:Category:Jedi_Academy_Training_Manual wiki:Category:Legacy_Era_Campaign_Guide
129	Accurate	Accurate	frequently-referenced	25	14	no			wiki:Carbineer_Talent_Tree wiki:Category:Clone_Wars_Campaign_Guide wiki:Category:Force_Unleashed_Campaign_Guide wiki:Category:Knights_of_the_Old_Republic_Campaign_Guide
130	Darth_Revan	Darth Revan	entity-page	25	7	no			wiki:Category:Knights_of_the_Old_Republic_Campaign_Guide wiki:Category:Legacy_Era_Campaign_Guide wiki:Category:The_Old_Republic_Era wiki:Category:Web_Enhancements
131	Thug	Thug	entity-page	25	2	no			wiki:Category:Web_Enhancements wiki:Gamemastering
132	Threatened_Area	Threatened Area	frequently-referenced	24	15	no			wiki:Acrobatics wiki:Attacks_of_Opportunity wiki:Beast wiki:Camouflage_Talent_Tree
133	Caamas	Caamas	entity-page	24	6	no			wiki:Caamasi wiki:Category:Force_Unleashed_Campaign_Guide wiki:Category:Legacy_Era_Campaign_Guide wiki:Category:The_Legacy_Era
134	The_Light_Side	The Light Side	rules-term	24	19	no			wiki:Category:Clone_Wars_Campaign_Guide wiki:Category:Galaxy_of_Intrigue wiki:Category:Jedi_Academy_Training_Manual wiki:Category:Knights_of_the_Old_Republic_Campaign_Guide
135	Blaster_Rifle	Blaster Rifle	frequently-referenced	24	14	no			wiki:Category:Knights_of_the_Old_Republic_Campaign_Guide wiki:Category:Legacy_Era_Campaign_Guide wiki:Category:Web_Enhancements wiki:Destiny
136	Lando_Calrissian	Lando Calrissian	entity-page	24	6	no			wiki:Category:Rebellion_Era_Campaign_Guide wiki:Category:Scum_and_Villainy wiki:Category:The_Rebellion_Era wiki:Category:Web_Enhancements
137	Tool_Kit	Tool Kit	entity-page	24	8	no			wiki:Category:Scavenger's_Guide_to_Droids wiki:Category:Web_Enhancements wiki:General_Equipment wiki:Improviser
138	Telekinetic	Telekinetic	frequently-referenced	23	20	no			wiki:Alter_Talent_Tree wiki:Ballistakinesis wiki:Detonate wiki:Force_Disarm
139	Intrigue_Campaign	Intrigue Campaign	entity-page	23	2	no			wiki:Category:Galaxy_of_Intrigue wiki:Heroic_Traits
140	Darth_Sion	Darth Sion	entity-page	23	5	no			wiki:Category:Knights_of_the_Old_Republic_Campaign_Guide wiki:Category:The_Old_Republic_Era wiki:Category:Web_Enhancements wiki:Old_Republic_Era_Campaigns
141	Blaster_Cannon	Blaster Cannon	entity-page	23	5	no			wiki:Category:Weapon_Systems wiki:Category:Weapons wiki:Category:Web_Enhancements wiki:Heavy_Weapons
142	Pinned	Pinned	entity-page	23	5	no			wiki:Category:Web_Enhancements wiki:Perception wiki:Pincer wiki:Soldier_Bonus_Feats
143	Total_Cover	Total Cover	frequently-referenced	22	15	no			wiki:Actions wiki:Angled_Throw wiki:Camouflage_Talent_Tree wiki:Category:Vehicles
144	Surprised	Surprised	frequently-referenced	22	13	no			wiki:Ambusher_Talent_Tree wiki:Bad_Feeling wiki:Baran_Do_Sage_Talent_Tree wiki:Camouflage_Talent_Tree
145	REFLEX	REFLEX	entity-page	22	10	no			wiki:Beast wiki:Category:Clone_Wars_Campaign_Guide wiki:Category:Knights_of_the_Old_Republic_Campaign_Guide wiki:Category:Legacy_Era_Campaign_Guide
146	General_Grievous	General Grievous	entity-page	22	6	no			wiki:Category:Clone_Wars_Campaign_Guide wiki:Category:The_Clone_Wars wiki:Category:Web_Enhancements wiki:Cyborg_Hybrid
147	Space_Transport	Space Transport	entity-page	22	6	no			wiki:Category:Knights_of_the_Old_Republic_Campaign_Guide wiki:Category:Rebellion_Era_Campaign_Guide wiki:Category:Starships_of_the_Galaxy wiki:Category:Web_Enhancements
148	Roan_Fel	Roan Fel	entity-page	22	6	no			wiki:Category:Legacy_Era_Campaign_Guide wiki:Category:The_Legacy_Era wiki:Category:Web_Enhancements wiki:Heroic_Traits
149	Tools	Tools	entity-page	22	4	no			wiki:Category:Web_Enhancements wiki:General_Equipment wiki:Polis_Massan wiki:The_Sith
150	Airspeeders	Airspeeders	frequently-referenced	21	14	no			wiki:Attacks wiki:Category:Clone_Wars_Campaign_Guide wiki:Category:Rebellion_Era_Campaign_Guide wiki:Category:Starships_of_the_Galaxy
151	Geonosis	Geonosis	entity-page	21	8	no			wiki:Category:Clone_Wars_Campaign_Guide wiki:Category:The_Clone_Wars wiki:Category:Threats_of_the_Galaxy wiki:Category:Web_Enhancements
152	Inaccurate	Inaccurate	frequently-referenced	21	14	no			wiki:Category:Clone_Wars_Campaign_Guide wiki:Category:Force_Unleashed_Campaign_Guide wiki:Category:Galaxy_of_Intrigue wiki:Category:Knights_of_the_Old_Republic_Campaign_Guide
153	Black_Sun	Black Sun	entity-page	21	7	no			wiki:Category:Clone_Wars_Campaign_Guide wiki:Category:Force_Unleashed_Campaign_Guide wiki:Category:Legacy_Era_Campaign_Guide wiki:Category:Rebellion_Era_Campaign_Guide
154	The_Fel_Empire	The Fel Empire	rules-term	21	4	no			wiki:Category:Legacy_Era_Campaign_Guide wiki:Category:Threats_of_the_Galaxy wiki:Category:Web_Enhancements wiki:Imperial_Knight
155	Darth_Maul	Darth Maul	entity-page	21	4	no			wiki:Category:Rebellion_Era_Campaign_Guide wiki:Category:Threats_of_the_Galaxy wiki:Category:Web_Enhancements wiki:The_Sith
156	Fire	Fire	entity-page	21	4	no			wiki:Combustion wiki:Convection wiki:Heavy_Weapons wiki:Shaper_of_Kro_Var_Talent_Tree
157	Aing-Tii	Aing-Tii	entity-page	21	2	no			wiki:Force_Traditions wiki:The_Aing-Tii_Monks
158	Detection_and_Surveillance_Devices	Detection and Surveillance Devices	entity-page	21	2	no			wiki:General_Equipment wiki:Luka_Sene_Talent_Tree
159	Radiation	Radiation	frequently-referenced	20	12	no			wiki:Abilities wiki:Barabel wiki:Category:Web_Enhancements wiki:Chagrian
160	Initiative_Count	Initiative Count	entity-page	20	8	no			wiki:Acrobatic_Ally wiki:Actions wiki:Awareness_Talent_Tree wiki:Category:Unknown_Regions_Campaign_Guide
161	Vehicle_Combat	Vehicle Combat	rules-term	20	9	no	wiki:Category:Vehicles	variant-name(-1)	wiki:Aid_Another wiki:Category:Clone_Wars_Campaign_Guide wiki:Category:Legacy_Era_Campaign_Guide wiki:Category:Starships_of_the_Galaxy
162	Redirect_Shot	Redirect Shot	entity-page	20	5	no			wiki:Barrier_of_Blades wiki:Category:Web_Enhancements wiki:Deflecting_Slash wiki:Lightsaber_Forms_Talent_Tree
163	Darkvision	Darkvision	entity-page	20	9	no			wiki:Beast wiki:Beastwarden_Talent_Tree wiki:Category:Web_Enhancements wiki:Darth_Krayt
164	FORTITUDE	FORTITUDE	entity-page	20	9	no			wiki:Beast wiki:Category:Clone_Wars_Campaign_Guide wiki:Category:Knights_of_the_Old_Republic_Campaign_Guide wiki:Category:Legacy_Era_Campaign_Guide
165	Persistent_Conditions	Persistent Conditions	entity-page	20	10	no			wiki:Bith wiki:Category:Scavenger's_Guide_to_Droids wiki:Category:Web_Enhancements wiki:Commando_Talent_Tree
166	Obi-Wan_Kenobi	Obi-Wan Kenobi	entity-page	20	11	no			wiki:Category:Clone_Wars_Campaign_Guide wiki:Category:Force_Unleashed_Campaign_Guide wiki:Category:Jedi_Academy_Training_Manual wiki:Category:Legacy_Era_Campaign_Guide
167	The_Expansion_Region	The Expansion Region	rules-term	20	11	no			wiki:Category:Clone_Wars_Campaign_Guide wiki:Category:Knights_of_the_Old_Republic_Campaign_Guide wiki:Category:Legacy_Era_Campaign_Guide wiki:Category:Web_Enhancements
168	Nyriaan	Nyriaan	entity-page	20	4	no			wiki:Category:Galaxy_of_Intrigue wiki:Galactic_Gazetteer wiki:Nyriaanan wiki:Skill_Challenges
169	Malachor_V	Malachor V	entity-page	20	6	no			wiki:Category:Knights_of_the_Old_Republic_Campaign_Guide wiki:Category:The_Old_Republic_Era wiki:Galactic_Gazetteer wiki:Old_Republic_Era_Campaigns
170	Fortitude	Fortitude	entity-page	20	8	no			wiki:Category:Web_Enhancements wiki:Dark_Side_Devotee_Talent_Tree wiki:Darth_Krayt wiki:Destiny
171	Starship_Shields	Starship Shields	rules-term	20	1	no	wiki:Category:Starships	variant-name(-1)	wiki:Starship_Modifications
172	Reference_Books	Reference Books	frequently-referenced	19	18	no			wiki:Acrobatics wiki:Category:Core_Rulebook wiki:Category:Rebellion_Era_Campaign_Guide wiki:Category:The_Rebellion_Era
173	Commander	Commander	entity-page	19	10	no			wiki:Aid_Another wiki:Category:Galaxy_at_War wiki:Category:Scum_and_Villainy wiki:Category:Web_Enhancements
174	Force_Secrets	Force Secrets	entity-page	19	8	no	wiki:The_Force	variant-name(-1)	wiki:Category:Clone_Wars_Campaign_Guide wiki:Category:Force_Unleashed_Campaign_Guide wiki:Category:Jedi_Academy_Training_Manual wiki:Category:Knights_of_the_Old_Republic_Campaign_Guide
175	Mon_Mothma	Mon Mothma	entity-page	19	6	no			wiki:Category:Clone_Wars_Campaign_Guide wiki:Category:Force_Unleashed_Campaign_Guide wiki:Category:Rebellion_Era_Campaign_Guide wiki:Category:The_Rebellion_Era
176	Speeder_Bikes	Speeder Bikes	entity-page	19	7	no	wiki:Speeders	variant-name(-1)	wiki:Category:Galaxy_of_Intrigue wiki:Category:Knights_of_the_Old_Republic_Campaign_Guide wiki:Category:Legacy_Era_Campaign_Guide wiki:Category:Web_Enhancements
177	Space_Stations	Space Stations	frequently-referenced	19	12	no			wiki:Category:Jedi_Academy_Training_Manual wiki:Category:Legacy_Era_Campaign_Guide wiki:Category:Rebellion_Era_Campaign_Guide wiki:Category:Starships
178	Visions	Visions	entity-page	19	8	no			wiki:Category:Knights_of_the_Old_Republic_Campaign_Guide wiki:Category:Web_Enhancements wiki:Darth_Krayt wiki:Keetael_Talent_Tree
179	Darth_Nihilus	Darth Nihilus	entity-page	19	5	no			wiki:Category:Knights_of_the_Old_Republic_Campaign_Guide wiki:Category:The_Old_Republic_Era wiki:Category:Web_Enhancements wiki:Old_Republic_Era_Campaigns
180	Lumiya	Lumiya	entity-page	19	4	no			wiki:Category:Legacy_Era_Campaign_Guide wiki:Category:Threats_of_the_Galaxy wiki:Category:Web_Enhancements wiki:The_Sith
181	Starship_Combat	Starship Combat	rules-term	19	2	no	wiki:Category:Starships	variant-name(-1)	wiki:Category:Starships_of_the_Galaxy wiki:Category:Web_Enhancements
182	Jar'Kai	Jar'Kai	entity-page	19	5	no			wiki:Category:Web_Enhancements wiki:Darth_Krayt wiki:Force_Powers wiki:Rising_Whirlwind
183	Sense_Surroundings	Sense Surroundings	entity-page	18	10	no			wiki:Actions wiki:Category:Force_Powers wiki:Category:Web_Enhancements wiki:Force_Hunter_Talent_Tree
184	Cone	Cone	entity-page	18	10	no			wiki:Autofire_Sweep wiki:Category:Bellow wiki:Category:Explosives wiki:Category:Web_Enhancements
185	Yoda	Yoda	entity-page	18	9	no			wiki:Category:Clone_Wars_Campaign_Guide wiki:Category:Force_Unleashed_Campaign_Guide wiki:Category:Legacy_Era_Campaign_Guide wiki:Category:Rebellion_Era_Campaign_Guide
186	Malak	Malak	entity-page	18	6	no			wiki:Category:Knights_of_the_Old_Republic_Campaign_Guide wiki:Category:The_Old_Republic_Era wiki:Category:Web_Enhancements wiki:Old_Republic_Era_Campaigns
187	Mandalore_the_Ultimate	Mandalore the Ultimate	entity-page	18	5	no			wiki:Category:Knights_of_the_Old_Republic_Campaign_Guide wiki:Category:The_Old_Republic_Era wiki:Old_Republic_Era_Campaigns wiki:The_Jedi
188	Helpless	Helpless	frequently-referenced	18	13	no			wiki:Category:Web_Enhancements wiki:Conditions wiki:Coup_de_Grace wiki:Hit_Points
189	Hoth	Hoth	entity-page	17	8	no			wiki:Abilities wiki:Category:Core_Rulebook wiki:Category:Rebellion_Era_Campaign_Guide wiki:Category:The_Rebellion_Era
190	Initiative_Order	Initiative Order	frequently-referenced	17	12	no			wiki:Actions wiki:Category:Scum_and_Villainy wiki:Combat wiki:Combat_Sequence
191	Battalions	Battalions	entity-page	17	7	no			wiki:Attacks wiki:Category:Clone_Wars_Campaign_Guide wiki:Combat wiki:Line_of_Sight
192	Tumble	Tumble	entity-page	17	10	no			wiki:Attacks_of_Opportunity wiki:Beast wiki:Category:Web_Enhancements wiki:Charge
193	Core_Worlds	Core Worlds	entity-page	17	11	no			wiki:Backgrounds wiki:Balosar wiki:Category:Force_Unleashed_Campaign_Guide wiki:Category:Legacy_Era_Campaign_Guide
194	Dac	Dac	entity-page	17	10	no			wiki:Category:Clone_Wars_Campaign_Guide wiki:Category:Force_Unleashed_Campaign_Guide wiki:Category:Knights_of_the_Old_Republic_Campaign_Guide wiki:Category:Legacy_Era_Campaign_Guide
195	Dorin	Dorin	entity-page	17	8	no			wiki:Category:Clone_Wars_Campaign_Guide wiki:Category:Knights_of_the_Old_Republic_Campaign_Guide wiki:Category:Legacy_Era_Campaign_Guide wiki:Galactic_Gazetteer
196	Walkers	Walkers	entity-page	17	8	no			wiki:Category:Clone_Wars_Campaign_Guide wiki:Category:Force_Unleashed_Campaign_Guide wiki:Category:Legacy_Era_Campaign_Guide wiki:Category:Rebellion_Era_Campaign_Guide
197	Darth_Tyranus	Darth Tyranus	entity-page	17	3	no			wiki:Category:Clone_Wars_Campaign_Guide wiki:Category:Web_Enhancements wiki:The_Sith
198	Star_Destroyers	Star Destroyers	entity-page	17	6	no			wiki:Category:Force_Unleashed_Campaign_Guide wiki:Category:Legacy_Era_Campaign_Guide wiki:Category:Rebellion_Era_Campaign_Guide wiki:Category:Starships_of_the_Galaxy
199	Destinies	Destinies	frequently-referenced	17	14	no			wiki:Category:Force_Unleashed_Campaign_Guide wiki:Category:Galaxy_at_War wiki:Category:Galaxy_of_Intrigue wiki:Category:Knights_of_the_Old_Republic_Campaign_Guide
200	Dantooine	Dantooine	entity-page	17	7	no			wiki:Category:Knights_of_the_Old_Republic_Campaign_Guide wiki:Category:The_Old_Republic_Era wiki:Category:Web_Enhancements wiki:Galactic_Gazetteer
201	The_Dark_Wars	The Dark Wars	rules-term	17	6	no			wiki:Category:Knights_of_the_Old_Republic_Campaign_Guide wiki:Old_Republic_Era_Campaigns wiki:The_Blazing_Chain wiki:The_Jedi
202	Cassus_Fett	Cassus Fett	entity-page	17	4	no			wiki:Category:Knights_of_the_Old_Republic_Campaign_Guide wiki:Category:The_Old_Republic_Era wiki:Old_Republic_Era_Campaigns wiki:The_Mandalorians
203	4th-Degree	4th-Degree	entity-page	17	2	no			wiki:Category:Scavenger's_Guide_to_Droids wiki:Category:Threats_of_the_Galaxy
204	Weapon_Focus_(Lightsabers)	Weapon Focus (Lightsabers)	entity-page	17	10	no	wiki:Weapon_Focus	variant-name(-1)	wiki:Category:Web_Enhancements wiki:Darth_Krayt wiki:Jedi_Battlemaster_Talent_Tree wiki:Jedi_Bonus_Feats
205	Dual_Weapon_Mastery_II	Dual Weapon Mastery II	entity-page	17	7	yes			wiki:Category:Web_Enhancements wiki:Darth_Krayt wiki:Full_Attacks wiki:Jedi_Bonus_Feats
206	Threaten	Threaten	entity-page	17	10	no			wiki:Cornered wiki:Gunner wiki:Knife_Trick wiki:Melee_Attacks
207	Thrown	Thrown	entity-page	16	10	no			wiki:5th-Degree_Droid_Talent_Tree wiki:Category:Knights_of_the_Old_Republic_Campaign_Guide wiki:Category:Rebellion_Era_Campaign_Guide wiki:Category:Unknown_Regions_Campaign_Guide
208	Medical_Kit	Medical Kit	entity-page	16	5	no			wiki:Advanced_Medicine_Talent_Tree wiki:Fosh wiki:General_Equipment wiki:Rank_and_Privilege
209	Ability_Check	Ability Check	entity-page	16	9	no			wiki:Aid_Another wiki:Anarrian wiki:Gunner wiki:Near-Human
210	Improved_Cover	Improved Cover	frequently-referenced	16	13	no			wiki:Angled_Throw wiki:Attacks wiki:Camouflage_Talent_Tree wiki:Category:Vehicles
211	Eras_of_Play	Eras of Play	frequently-referenced	16	12	yes			wiki:Arcona wiki:Category:Core_Rulebook wiki:Category:Force_Unleashed_Campaign_Guide wiki:Category:Jedi_Academy_Training_Manual
212	The_Colonies	The Colonies	rules-term	16	11	no			wiki:Arkanian wiki:Arkanian_Offshoot wiki:Blood_Carver wiki:Category:Clone_Wars_Campaign_Guide
213	Black_Market	Black Market	frequently-referenced	16	13	no			wiki:Backgrounds wiki:Category:Force_Unleashed_Campaign_Guide wiki:Category:Legacy_Era_Campaign_Guide wiki:Category:Rebellion_Era_Campaign_Guide
214	Survival_Gear	Survival Gear	entity-page	16	3	no			wiki:Category:Galaxy_of_Intrigue wiki:General_Equipment wiki:Skill_Challenges
215	Princess_Leia	Princess Leia	entity-page	16	4	no			wiki:Category:Rebellion_Era_Campaign_Guide wiki:Category:The_Rebellion_Era wiki:Category:Web_Enhancements wiki:Heroic_Traits
216	Imperial_Officer	Imperial Officer	entity-page	16	4	no			wiki:Category:Threats_of_the_Galaxy wiki:Category:Web_Enhancements wiki:Combat_Sequence wiki:Gamemastering
217	Electrobinoculars	Electrobinoculars	entity-page	16	5	no			wiki:Category:Web_Enhancements wiki:General_Equipment wiki:Perception wiki:Rank_and_Privilege
218	Atonement	Atonement	entity-page	16	1	no			wiki:Category:Web_Enhancements
219	Lightsaber_Defense	Lightsaber Defense	entity-page	16	5	no	wiki:Lightsabers	variant-name(-1)	wiki:Category:Web_Enhancements wiki:Darth_Krayt wiki:Lightsaber_Forms_Talent_Tree wiki:Pass_the_Blade
220	Sneak_Attack	Sneak Attack	entity-page	16	8	no			wiki:Category:Web_Enhancements wiki:Hobbling_Strike wiki:Opportunistic_Trickery wiki:Scoundrel_Bonus_Feats
221	Repair	Repair	entity-page	15	10	no			wiki:4th-Degree_Droid_Talent_Tree wiki:Autonomy_Talent_Tree wiki:Backgrounds wiki:Category:Web_Enhancements
222	E-Web_Repeating_Blaster	E-Web Repeating Blaster	entity-page	15	7	no			wiki:5th-Degree_Droid_Talent_Tree wiki:Attacks wiki:Category:Web_Enhancements wiki:Combat_Sequence
223	System_Operator	System Operator	entity-page	15	9	no			wiki:Aid_Another wiki:Category:Scum_and_Villainy wiki:Category:Web_Enhancements wiki:Combat
224	Knowledge_(Technology)	Knowledge (Technology)	entity-page	15	7	no			wiki:Backgrounds wiki:Biotech_General_Template wiki:Category:Unknown_Regions_Campaign_Guide wiki:Category:Web_Enhancements
225	Unconscious	Unconscious	entity-page	15	11	no			wiki:Beast wiki:Brink_of_Death wiki:Category:Scavenger's_Guide_to_Droids wiki:Conditions
226	Felucia	Felucia	entity-page	15	9	no			wiki:Category:Bio-Implants wiki:Category:Clone_Wars_Campaign_Guide wiki:Category:Force_Unleashed_Campaign_Guide wiki:Category:Legacy_Era_Campaign_Guide
227	Clone_Wars_Campaign	Clone Wars Campaign	entity-page	15	3	no	wiki:Category:The_Clone_Wars	variant-name(-1)	wiki:Category:Clone_Wars_Campaign_Guide wiki:Category:The_Clone_Wars wiki:Heroic_Traits
228	Duros	Duros	frequently-referenced	15	12	yes			wiki:Category:Clone_Wars_Campaign_Guide wiki:Category:Knights_of_the_Old_Republic_Campaign_Guide wiki:Category:Legacy_Era_Campaign_Guide wiki:Galactic_Gazetteer
229	Tracked_Vehicles	Tracked Vehicles	entity-page	15	8	no	wiki:Tracked	variant-name(-1)	wiki:Category:Clone_Wars_Campaign_Guide wiki:Category:Force_Unleashed_Campaign_Guide wiki:Category:Rebellion_Era_Campaign_Guide wiki:Category:Unknown_Regions_Campaign_Guide
230	TIE_Fighters	TIE Fighters	entity-page	15	8	no			wiki:Category:Force_Unleashed_Campaign_Guide wiki:Category:Galaxy_of_Intrigue wiki:Category:Starships_of_the_Galaxy wiki:Category:The_Rebellion_Era
231	Jorj_Car'das	Jorj Car'das	entity-page	15	3	no			wiki:Category:Force_Unleashed_Campaign_Guide wiki:Organizations wiki:The_Aing-Tii_Monks
232	Era_of_Play	Era of Play	entity-page	15	11	no			wiki:Category:Force_Unleashed_Campaign_Guide wiki:Category:Galaxy_of_Intrigue wiki:Category:Legacy_Era_Campaign_Guide wiki:Category:Rebellion_Era_Campaign_Guide
233	Jawas	Jawas	entity-page	15	6	no			wiki:Category:Force_Unleashed_Campaign_Guide wiki:Category:Knights_of_the_Old_Republic_Campaign_Guide wiki:Category:Scavenger's_Guide_to_Droids wiki:Combat_Sequence
234	The_Chiss_Ascendancy	The Chiss Ascendancy	rules-term	15	7	no	wiki:Chiss	variant-name(-1)	wiki:Category:Galaxy_of_Intrigue wiki:Category:Legacy_Era_Campaign_Guide wiki:Category:The_New_Jedi_Order_Era wiki:Category:Unknown_Regions_Campaign_Guide
235	Holocron	Holocron	entity-page	15	4	no			wiki:Category:Jedi_Academy_Training_Manual wiki:Category:Web_Enhancements wiki:Dark_Side_Talent_Tree wiki:The_Sith
236	Heavy_Load	Heavy Load	entity-page	15	9	no			wiki:Category:Knights_of_the_Old_Republic_Campaign_Guide wiki:Celegian wiki:Force_Powers wiki:Geonosian
237	Manaan	Manaan	entity-page	15	9	no			wiki:Category:Knights_of_the_Old_Republic_Campaign_Guide wiki:Category:Legacy_Era_Campaign_Guide wiki:Category:Web_Enhancements wiki:Force_Traditions
238	R2-D2	R2-D2	entity-page	15	4	no			wiki:Category:Scavenger's_Guide_to_Droids wiki:Category:Web_Enhancements wiki:Gamemastering wiki:The_Jedi
239	Character_Combat	Character Combat	entity-page	15	2	no			wiki:Category:Starships_of_the_Galaxy wiki:Category:Web_Enhancements
240	Targeting_Scope	Targeting Scope	entity-page	15	5	no			wiki:Category:Web_Enhancements wiki:Gamemastering wiki:General_Equipment wiki:Point-Blank_Shot
241	Reflex	Reflex	entity-page	15	7	no			wiki:Category:Web_Enhancements wiki:Dark_Side_Devotee_Talent_Tree wiki:Darth_Krayt wiki:Destiny
242	Medical_Gear	Medical Gear	entity-page	15	2	no			wiki:General_Equipment wiki:Polis_Massan
243	Weapon_and_Armor_Accessories	Weapon and Armor Accessories	entity-page	15	1	no	wiki:Category:Weapons	variant-name(-3)	wiki:General_Equipment
244	Follower	Follower	entity-page	15	4	yes			wiki:Korunnai_Adept_Talent_Tree wiki:Loyal_Protector_Talent_Tree wiki:Reconnaissance_Talent_Tree wiki:Squad_Leader_Talent_Tree
245	Airspeeder	Airspeeder	entity-page	14	10	no			wiki:Ace_Pilot wiki:Category:Clone_Wars_Campaign_Guide wiki:Category:Knights_of_the_Old_Republic_Campaign_Guide wiki:Category:Legacy_Era_Campaign_Guide
246	Light_Side	Light Side	entity-page	14	11	no			wiki:Aing-Tii_Monk_Talent_Tree wiki:Dark_Side_Devotee_Talent_Tree wiki:Force_Light wiki:Inspire
247	Character_Scale	Character Scale	entity-page	14	9	no			wiki:Attacks wiki:Category:Web_Enhancements wiki:Perception wiki:Privateer_Talent_Tree
248	Datapad	Datapad	entity-page	14	9	no			wiki:Biotech_General_Template wiki:Bounty_Hunter_Talent_Tree wiki:Gamemastering wiki:General_Equipment
249	The_Bothan_SpyNet	The Bothan SpyNet	rules-term	14	10	no	wiki:Bothan	variant-name(-1)	wiki:Bothan wiki:Bothan_SpyNet_Talent_Tree wiki:Category:Force_Unleashed_Campaign_Guide wiki:Category:Knights_of_the_Old_Republic_Campaign_Guide
250	Species_Feats	Species Feats	frequently-referenced	14	14	no			wiki:Bothan wiki:Cerean wiki:Gamorrean wiki:Gungan
251	Defense_Score	Defense Score	entity-page	14	10	no	wiki:Defenses	variant-name(-1)	wiki:Bothan_SpyNet_Talent_Tree wiki:Category:Web_Enhancements wiki:Ideologue_Talent_Tree wiki:Independent_Droid
252	Corellia	Corellia	entity-page	14	10	no			wiki:Category:Force_Unleashed_Campaign_Guide wiki:Category:Rebellion_Era_Campaign_Guide wiki:Category:The_Rebellion_Era wiki:Galactic_Gazetteer
253	The_Jedi_Code	The Jedi Code	rules-term	14	8	no	wiki:The_Jedi	variant-name(-1)	wiki:Category:Knights_of_the_Old_Republic_Campaign_Guide wiki:Category:Web_Enhancements wiki:Gamemastering wiki:Jedi_Knight
254	Serenity	Serenity	entity-page	14	5	no			wiki:Category:Scum_and_Villainy wiki:Category:Web_Enhancements wiki:Destiny wiki:Gunner
255	Experience_Points	Experience Points	entity-page	14	7	no			wiki:Category:Unknown_Regions_Campaign_Guide wiki:Category:Vehicles wiki:Combat wiki:Introduction
256	Far_Shot	Far Shot	entity-page	14	4	yes			wiki:Category:Web_Enhancements wiki:Scout_Bonus_Feats wiki:Sharpshooter_Talent_Tree wiki:Soldier_Bonus_Feats
257	Niman	Niman	entity-page	14	3	no			wiki:Darth_Krayt wiki:Force_Powers wiki:Pushing_Slash
258	Ability_Checks	Ability Checks	entity-page	13	7	no			wiki:5th-Degree_Droid_Talent_Tree wiki:Actions wiki:Attacks wiki:Category:Move_Actions
259	Tracking	Tracking	entity-page	13	9	no			wiki:Arcona wiki:Beast wiki:Bith wiki:Category:Scent
260	Aiming	Aiming	entity-page	13	9	no			wiki:Attacks_of_Opportunity wiki:Careful_Shot wiki:Category:Scavenger's_Guide_to_Droids wiki:Category:Web_Enhancements
261	Collision	Collision	entity-page	13	7	no			wiki:Blockade_Runner_Talent_Tree wiki:Category:Legacy_Era_Campaign_Guide wiki:Combat wiki:Hit_Points
262	Classes	Classes	entity-page	13	6	no			wiki:Bothan_SpyNet_Talent_Tree wiki:Category:Knights_of_the_Old_Republic_Campaign_Guide wiki:Category:Web_Enhancements wiki:Gamemastering
263	Sonic	Sonic	entity-page	13	6	no			wiki:Category:Bellow wiki:Category:Knights_of_the_Old_Republic_Campaign_Guide wiki:Category:Unknown_Regions_Campaign_Guide wiki:Ithorian
264	The_Trade_Federation	The Trade Federation	rules-term	13	5	no			wiki:Category:Clone_Wars_Campaign_Guide wiki:Category:The_Clone_Wars wiki:Category:Web_Enhancements wiki:Officer
265	Draethos	Draethos	entity-page	13	6	yes			wiki:Category:Knights_of_the_Old_Republic_Campaign_Guide wiki:Force_Traditions wiki:Galactic_Gazetteer wiki:Keetael_Talent_Tree
266	Weapon_Proficiency_(Advanced_Melee_Weapons)	Weapon Proficiency (Advanced Melee Weapons)	entity-page	13	11	no	wiki:Weapon_Proficiency	variant-name(-3)	wiki:Category:Knights_of_the_Old_Republic_Campaign_Guide wiki:Category:Web_Enhancements wiki:Geonosian wiki:Gladiator
267	Empress_Teta	Empress Teta	entity-page	13	3	no			wiki:Category:Knights_of_the_Old_Republic_Campaign_Guide wiki:Category:The_Old_Republic_Era wiki:Old_Republic_Era_Campaigns
268	The_Czerka_Corporation	The Czerka Corporation	rules-term	13	5	no			wiki:Category:Knights_of_the_Old_Republic_Campaign_Guide wiki:Category:Scavenger's_Guide_to_Droids wiki:Category:Web_Enhancements wiki:Gamemastering
269	The_Exchange	The Exchange	rules-term	13	3	no			wiki:Category:Knights_of_the_Old_Republic_Campaign_Guide wiki:Old_Republic_Era_Campaigns wiki:The_GenoHaradan
270	The_Millennium_Falcon	The Millennium Falcon	rules-term	13	6	no			wiki:Category:Rebellion_Era_Campaign_Guide wiki:Category:Starships_of_the_Galaxy wiki:Category:Web_Enhancements wiki:Defenses
271	Combat_Gloves	Combat Gloves	entity-page	13	5	no	wiki:Combat	variant-name(-1)	wiki:Category:Web_Enhancements wiki:Seyugi_Dervish_Talent_Tree wiki:Shield_Gauntlet wiki:Simple_Weapons_(Melee)
272	Stock_Starships	Stock Starships	entity-page	13	2	no			wiki:Category:Web_Enhancements wiki:Starship_Designer
273	Thrown_Weapon	Thrown Weapon	entity-page	13	8	no			wiki:Category:Web_Enhancements wiki:Discblade wiki:Force_Item_Talent_Tree wiki:Lightsaber_Combat_Talent_Tree
274	Advanced_Melee_Weapons	Advanced Melee Weapons	entity-page	13	11	no			wiki:Force_Item_Talent_Tree wiki:Gear_Templates wiki:Melee_Duelist_Talent_Tree wiki:Melee_Specialist_Talent_Tree
275	Natural_Healing	Natural Healing	entity-page	12	9	no	wiki:Category:Natural	variant-name(-1)	wiki:Advanced_Medicine_Talent_Tree wiki:Bith wiki:Category:Web_Enhancements wiki:Conditions
276	Sense_Force	Sense Force	entity-page	12	10	no			wiki:Agent_of_Ossus_Talent_Tree wiki:Biotech_General_Template wiki:Category:Web_Enhancements wiki:Gotal
277	Copilot	Copilot	entity-page	12	7	no			wiki:Aid_Another wiki:Category:Scum_and_Villainy wiki:Category:Web_Enhancements wiki:Combat
278	Energy_Shields	Energy Shields	entity-page	12	7	no			wiki:Armor_Specialist_Talent_Tree wiki:Category:Knights_of_the_Old_Republic_Campaign_Guide wiki:Heavy_Armor wiki:Light_Armor
279	Evasion	Evasion	entity-page	12	6	no			wiki:Attacks wiki:Category:Web_Enhancements wiki:Commando_Talent_Tree wiki:Organizations
280	Droid_Systems	Droid Systems	rules-term	12	8	no			wiki:Autonomy_Talent_Tree wiki:Category:Force_Unleashed_Campaign_Guide wiki:Category:Scavenger's_Guide_to_Droids wiki:Category:Web_Enhancements
281	Cade_Skywalker	Cade Skywalker	entity-page	12	7	no			wiki:Biotech_General_Template wiki:Category:Legacy_Era_Campaign_Guide wiki:Category:The_Legacy_Era wiki:Darth_Krayt
282	Bothawui	Bothawui	entity-page	12	7	no			wiki:Bothan wiki:Category:Clone_Wars_Campaign_Guide wiki:Category:Force_Unleashed_Campaign_Guide wiki:Category:Knights_of_the_Old_Republic_Campaign_Guide
283	Feint	Feint	entity-page	12	9	no			wiki:Brigand_Talent_Tree wiki:Combat_Trickery wiki:Initiative wiki:Lightsaber_Forms_Talent_Tree
284	Duelist_Talent_Tree	Duelist Talent Tree	entity-page	12	7	yes			wiki:Category:Force_Unleashed_Campaign_Guide wiki:Category:Knights_of_the_Old_Republic_Campaign_Guide wiki:Category:Web_Enhancements wiki:Jedi_Instructor_Talent_Tree
285	Yavin_4	Yavin 4	entity-page	12	10	no			wiki:Category:Jedi_Academy_Training_Manual wiki:Category:Rebellion_Era_Campaign_Guide wiki:Category:The_Old_Republic_Era wiki:Category:The_Rebellion_Era
286	Lightsaber_Construction	Lightsaber Construction	entity-page	12	8	no	wiki:Lightsabers	variant-name(-1)	wiki:Category:Jedi_Academy_Training_Manual wiki:Category:Knights_of_the_Old_Republic_Campaign_Guide wiki:Category:Web_Enhancements wiki:Destiny
287	Haazen	Haazen	entity-page	12	2	no			wiki:Category:Knights_of_the_Old_Republic_Campaign_Guide wiki:The_Jedi
288	Comlink	Comlink	entity-page	12	8	no			wiki:Category:Knights_of_the_Old_Republic_Campaign_Guide wiki:Category:Web_Enhancements wiki:General_Equipment wiki:Mechanics
289	Mandalore_the_Indomitable	Mandalore the Indomitable	entity-page	12	5	no			wiki:Category:Knights_of_the_Old_Republic_Campaign_Guide wiki:Category:The_Old_Republic_Era wiki:Old_Republic_Era_Campaigns wiki:The_Krath
290	Darth_Bane	Darth Bane	entity-page	12	5	no			wiki:Category:Legacy_Era_Campaign_Guide wiki:Category:Threats_of_the_Galaxy wiki:Category:Web_Enhancements wiki:The_Believers
291	Threatened	Threatened	entity-page	12	7	no			wiki:Category:Scavenger's_Guide_to_Droids wiki:Category:Web_Enhancements wiki:Cornered wiki:Misfortune_Talent_Tree
292	Speeder_Bike	Speeder Bike	entity-page	12	6	no	wiki:Speeders	variant-name(-1)	wiki:Category:Unknown_Regions_Campaign_Guide wiki:Category:Web_Enhancements wiki:Momentum_Strike wiki:Mounted_Defense
293	Concussion_Missiles	Concussion Missiles	entity-page	12	2	no			wiki:Category:Weapon_Systems wiki:Starship_Modifications
294	Ion_Grenades	Ion Grenades	entity-page	12	3	no			wiki:Category:Web_Enhancements wiki:Gamemastering wiki:Rank_and_Privilege
295	Skill_Focus_(Persuasion)	Skill Focus (Persuasion)	rules-term	12	10	no	wiki:Skill_Focus	variant-name(-1)	wiki:Category:Web_Enhancements wiki:Infamy_Talent_Tree wiki:Mrlssi wiki:Neimoidian
296	Double-Bladed_Lightsaber	Double-Bladed Lightsaber	entity-page	12	5	no			wiki:Category:Web_Enhancements wiki:Full_Attacks wiki:Jedi_Battlemaster_Talent_Tree wiki:Lightsabers
297	Energy_Cell	Energy Cell	entity-page	12	9	no			wiki:Category:Web_Enhancements wiki:General_Equipment wiki:Lightsaber wiki:Military_Engineer
298	Improved_Sense_Force	Improved Sense Force	entity-page	12	3	no			wiki:Category:Web_Enhancements wiki:Darth_Krayt wiki:The_Force
299	Noble_Talent	Noble Talent	entity-page	12	2	no	wiki:Noble	variant-name(-1)	wiki:Category:Web_Enhancements wiki:Noble
300	Kro_Var	Kro Var	entity-page	12	2	no			wiki:Force_Traditions wiki:The_Shapers_of_Kro_Var
301	Communications_Devices	Communications Devices	entity-page	12	2	no			wiki:General_Equipment wiki:Luka_Sene_Talent_Tree
302	Soldier_Talent	Soldier Talent	entity-page	12	2	no	wiki:Soldier	variant-name(-1)	wiki:Heroic_Classes wiki:Soldier
303	First_Aid	First Aid	entity-page	11	7	no			wiki:1st-Degree_Droid_Talent_Tree wiki:Advanced_Medicine_Talent_Tree wiki:Backgrounds wiki:Category:Web_Enhancements
304	Grappling	Grappling	entity-page	11	5	no			wiki:Acrobatics wiki:Category:Weapons wiki:Category:Web_Enhancements wiki:Pin
305	Deceptive_Appearance	Deceptive Appearance	entity-page	11	9	no			wiki:Alter_Talent_Tree wiki:Autonomy_Talent_Tree wiki:Backgrounds wiki:Category:Bio-Implants
306	Cona	Cona	entity-page	11	3	no			wiki:Arcona wiki:Category:Web_Enhancements wiki:Galactic_Gazetteer
307	Attack_Run	Attack Run	entity-page	11	4	no	wiki:Attacks	variant-name(-1)	wiki:Attacks wiki:Category:Scum_and_Villainy wiki:Category:Web_Enhancements wiki:Squadron_Leader_Talent_Tree
308	Droid_Model	Droid Model	rules-term	11	3	no			wiki:Autonomy_Talent_Tree wiki:Category:Scavenger's_Guide_to_Droids wiki:Category:Web_Enhancements
309	Nar_Shaddaa	Nar Shaddaa	entity-page	11	10	no			wiki:Blood_Carver wiki:Category:Clone_Wars_Campaign_Guide wiki:Category:Force_Unleashed_Campaign_Guide wiki:Category:Knights_of_the_Old_Republic_Campaign_Guide
310	Fight_Defensively	Fight Defensively	entity-page	11	10	no			wiki:Brawler_Talent_Tree wiki:Category:Web_Enhancements wiki:Jedi_Bonus_Feats wiki:Jedi_Guardian_Talent_Tree
311	Zonama_Sekot	Zonama Sekot	entity-page	11	6	no			wiki:Category:Bio-Implants wiki:Category:Legacy_Era_Campaign_Guide wiki:Category:The_New_Jedi_Order_Era wiki:Galactic_Gazetteer
312	Supreme_Chancellor_Palpatine	Supreme Chancellor Palpatine	entity-page	11	4	no			wiki:Category:Clone_Wars_Campaign_Guide wiki:Category:Rebellion_Era_Campaign_Guide wiki:Category:The_Clone_Wars wiki:Organizations
313	Mustafar	Mustafar	entity-page	11	7	no			wiki:Category:Clone_Wars_Campaign_Guide wiki:Category:The_Clone_Wars wiki:Category:Unknown_Regions_Campaign_Guide wiki:Category:Web_Enhancements
314	Bail_Organa	Bail Organa	entity-page	11	5	no			wiki:Category:Clone_Wars_Campaign_Guide wiki:Category:Force_Unleashed_Campaign_Guide wiki:Category:Rebellion_Era_Campaign_Guide wiki:Category:The_Rebellion_Era
315	The_Corporate_Sector_Authority	The Corporate Sector Authority	rules-term	11	7	no			wiki:Category:Force_Unleashed_Campaign_Guide wiki:Category:Galaxy_of_Intrigue wiki:Category:Rebellion_Era_Campaign_Guide wiki:Category:Web_Enhancements
316	Vratix	Vratix	entity-page	11	2	no			wiki:Category:Force_Unleashed_Campaign_Guide wiki:Galactic_Gazetteer
317	Cathar,_Planet	Cathar, Planet	entity-page	11	6	no	wiki:Cathar	variant-name(-1)	wiki:Category:Knights_of_the_Old_Republic_Campaign_Guide wiki:Category:The_Old_Republic_Era wiki:Category:Web_Enhancements wiki:Cathar
318	Emperor_Roan_Fel	Emperor Roan Fel	entity-page	11	5	no			wiki:Category:Legacy_Era_Campaign_Guide wiki:Darth_Krayt wiki:Force_Traditions wiki:Heroic_Classes
319	Skill_Focus_(Mechanics)	Skill Focus (Mechanics)	rules-term	11	10	no	wiki:Skill_Focus	variant-name(-1)	wiki:Category:Rebellion_Era_Campaign_Guide wiki:Category:Web_Enhancements wiki:Geonosian wiki:Heroic_Classes
320	Engineer	Engineer	entity-page	11	5	no			wiki:Category:Scum_and_Villainy wiki:Combat wiki:Destiny wiki:Lineage_Talent_Tree
321	Battery	Battery	entity-page	11	2	no			wiki:Category:Scum_and_Villainy wiki:Category:Web_Enhancements
322	Hazard	Hazard	entity-page	11	7	no			wiki:Category:Threats_of_the_Galaxy wiki:Category:Web_Enhancements wiki:Fugitive_Commander_Talent_Tree wiki:Gamemastering
323	Turbolaser	Turbolaser	entity-page	11	3	no			wiki:Category:Weapon_Systems wiki:Category:Web_Enhancements wiki:Starship_Modifications
324	Readied_Action	Readied Action	entity-page	11	3	no			wiki:Category:Web_Enhancements wiki:Infiltration_Talent_Tree wiki:Versatility_Talent_Tree
325	Force_Point_Recovery	Force Point Recovery	entity-page	11	5	no	wiki:The_Force	variant-name(-2)	wiki:Category:Web_Enhancements wiki:Darth_Krayt wiki:Jedi_Instructor_Talent_Tree wiki:The_Force
326	Defense_Scores	Defense Scores	entity-page	11	3	no	wiki:Defenses	variant-name(-1)	wiki:Category:Web_Enhancements wiki:Conditions wiki:Trickery_Talent_Tree
327	Frag_Grenades	Frag Grenades	entity-page	11	2	no			wiki:Category:Web_Enhancements wiki:Rank_and_Privilege
328	Light_Weapon	Light Weapon	entity-page	11	5	no			wiki:Category:Web_Enhancements wiki:Grab wiki:Grapple wiki:Weapon_Finesse
329	Sublight_Drive	Sublight Drive	entity-page	11	3	no			wiki:Category:Web_Enhancements wiki:Hit_Points wiki:Starship_Modifications
330	Crime_Lord_Talent	Crime Lord Talent	entity-page	11	1	no	wiki:Crime_Lord	variant-name(-1)	wiki:Crime_Lord
331	Computers_and_Storage_Devices	Computers and Storage Devices	entity-page	11	1	no			wiki:General_Equipment
332	Jedi_Talent	Jedi Talent	entity-page	11	1	no	wiki:The_Jedi	variant-name(-1)	wiki:Jedi
333	Wan-Shen	Wan-Shen	entity-page	11	3	no			wiki:Matukai_Adept_Talent_Tree wiki:Simple_Weapons_(Melee) wiki:The_Matukai
334	Biotech_Device	Biotech Device	entity-page	11	2	no			wiki:Mechanics wiki:Treat_Injury
335	Utility_Belts	Utility Belts	entity-page	11	2	no			wiki:Polis_Massan wiki:Rank_and_Privilege
336	Scoundrel_Talent	Scoundrel Talent	entity-page	11	1	no	wiki:Scoundrel	variant-name(-1)	wiki:Scoundrel
337	Scout_Talent	Scout Talent	entity-page	11	1	no	wiki:Scout	variant-name(-1)	wiki:Scout
338	Binary	Binary	entity-page	10	7	no			wiki:2nd-Degree_Droid_Talent_Tree wiki:Category:Web_Enhancements wiki:Languages wiki:Replica_Droid
339	The_Living_Force	The Living Force	rules-term	10	9	no			wiki:Alter_Talent_Tree wiki:Category:Threats_of_the_Galaxy wiki:Category:Web_Enhancements wiki:Gamemastering
340	Ewok	Ewok	entity-page	10	10	yes			wiki:Ample_Foraging wiki:Category:Core_Rulebook wiki:Category:Rebellion_Era_Campaign_Guide wiki:Category:Weapons
341	Thrown_Weapons	Thrown Weapons	entity-page	10	7	no			wiki:Anointed_Hunter wiki:Category:Web_Enhancements wiki:Grenades wiki:Mighty_Throw
342	Flanked	Flanked	entity-page	10	7	no			wiki:Awareness_Talent_Tree wiki:Brawler_Talent_Tree wiki:Commando_Talent_Tree wiki:Dark_Side_Devotee_Talent_Tree
343	Multiclass	Multiclass	entity-page	10	5	no			wiki:Beast wiki:Category:Core_Rulebook wiki:Category:Web_Enhancements wiki:Snivvian
344	Vonduun_Crabshell	Vonduun Crabshell	entity-page	10	5	no			wiki:Biotech_General_Template wiki:Category:Armor wiki:Category:Legacy_Era_Campaign_Guide wiki:Darth_Krayt
345	Biotechnology	Biotechnology	entity-page	10	7	no			wiki:Biotech_Specialist wiki:Category:Bio-Implants wiki:Category:Legacy_Era_Campaign_Guide wiki:Shaper
346	B1-Series_Battle_Droids	B1-Series Battle Droids	entity-page	10	6	no			wiki:Blaster_Carbine wiki:Category:Clone_Wars_Campaign_Guide wiki:Category:Force_Unleashed_Campaign_Guide wiki:Category:Web_Enhancements
347	Turbolasers	Turbolasers	entity-page	10	5	no			wiki:Blockade_Runner_Talent_Tree wiki:Category:Force_Unleashed_Campaign_Guide wiki:Category:Rebellion_Era_Campaign_Guide wiki:Category:Web_Enhancements
348	Extra_Second_Wind	Extra Second Wind	entity-page	10	7	yes			wiki:Catch_a_Second_Wind wiki:Category:Web_Enhancements wiki:Commando_Talent_Tree wiki:Hit_Points
349	Wild_Space	Wild Space	entity-page	10	5	no			wiki:Category:Clone_Wars_Campaign_Guide wiki:Category:Legacy_Era_Campaign_Guide wiki:Galactic_Gazetteer wiki:Kaleesh
350	Duro	Duro	entity-page	10	7	no			wiki:Category:Clone_Wars_Campaign_Guide wiki:Category:Force_Unleashed_Campaign_Guide wiki:Category:Knights_of_the_Old_Republic_Campaign_Guide wiki:Category:Legacy_Era_Campaign_Guide
351	X-Wing	X-Wing	entity-page	10	7	no			wiki:Category:Core_Rulebook wiki:Category:Force_Unleashed_Campaign_Guide wiki:Category:Rebellion_Era_Campaign_Guide wiki:Category:Scavenger's_Guide_to_Droids
352	Rebellion_Era_Campaign	Rebellion Era Campaign	entity-page	10	4	no	wiki:Category:The_Rebellion_Era	variant-name(-1)	wiki:Category:Force_Unleashed_Campaign_Guide wiki:Category:Rebellion_Era_Campaign_Guide wiki:Category:The_Rebellion_Era wiki:Heroic_Traits
353	ISB_Agents	ISB Agents	entity-page	10	3	no			wiki:Category:Force_Unleashed_Campaign_Guide wiki:Category:Web_Enhancements wiki:Gamemastering
354	Kol_Skywalker	Kol Skywalker	entity-page	10	4	no			wiki:Category:Jedi_Academy_Training_Manual wiki:Category:Legacy_Era_Campaign_Guide wiki:Category:The_Legacy_Era wiki:The_Jedi
355	The_Great_Hyperspace_War	The Great Hyperspace War	rules-term	10	7	no			wiki:Category:Jedi_Academy_Training_Manual wiki:Category:Knights_of_the_Old_Republic_Campaign_Guide wiki:Old_Republic_Era_Campaigns wiki:The_Jedi
356	Ewoks	Ewoks	entity-page	10	7	yes			wiki:Category:Knights_of_the_Old_Republic_Campaign_Guide wiki:Category:The_Rise_of_the_Empire_Era wiki:Character_Creation wiki:Galactic_Gazetteer
357	Lehon	Lehon	entity-page	10	5	no			wiki:Category:Knights_of_the_Old_Republic_Campaign_Guide wiki:Category:Web_Enhancements wiki:Galactic_Gazetteer wiki:Gamemastering
358	C-3PO	C-3PO	entity-page	10	2	no			wiki:Category:Scavenger's_Guide_to_Droids wiki:Category:Web_Enhancements
359	Droid_Heroes	Droid Heroes	rules-term	10	3	no			wiki:Category:Scavenger's_Guide_to_Droids wiki:Category:Threats_of_the_Galaxy wiki:Category:Web_Enhancements
360	Space_Mines	Space Mines	entity-page	10	2	no			wiki:Category:Weapon_Systems wiki:Starship_Modifications
361	Multiclassing	Multiclassing	entity-page	10	4	no			wiki:Category:Web_Enhancements wiki:Jedi wiki:The_Fallanassi wiki:The_Sith
362	Force_Perception	Force Perception	entity-page	10	4	no	wiki:The_Force	variant-name(-1)	wiki:Category:Web_Enhancements wiki:Darth_Krayt wiki:The_Sith wiki:The_Tyia
363	Makashi	Makashi	entity-page	10	4	no			wiki:Category:Web_Enhancements wiki:Contentious_Opportunity wiki:Force_Powers wiki:Makashi_Riposte
364	Will	Will	entity-page	10	6	no			wiki:Category:Web_Enhancements wiki:Dark_Side_Devotee_Talent_Tree wiki:Destiny wiki:Force_Item_Talent_Tree
365	Battle_Meditation	Battle Meditation	entity-page	10	3	no			wiki:Category:Web_Enhancements wiki:Jedi_Battlemaster_Talent_Tree wiki:Unleashed_Abilities
366	Jury-Rig	Jury-Rig	entity-page	10	6	no			wiki:Category:Web_Enhancements wiki:Chadra-Fan wiki:Fringer_Talent_Tree wiki:Improviser_Talent_Tree
367	Cost_Factor	Cost Factor	entity-page	10	7	no			wiki:Claw wiki:Hand wiki:Hovering wiki:Shield_Generator_System
368	Double_Attack_(Lightsabers)	Double Attack (Lightsabers)	entity-page	10	1	no			wiki:Darth_Krayt
369	Comlinks	Comlinks	entity-page	10	1	no			wiki:Rank_and_Privilege
370	Falling_Damage	Falling Damage	entity-page	9	6	no			wiki:Acrobatics wiki:Category:Web_Enhancements wiki:Climb wiki:Hit_Points
371	Run	Run	entity-page	9	8	no			wiki:Actions wiki:Amani wiki:Category:Web_Enhancements wiki:Gunslinger_Talent_Tree
372	Field_Commander	Field Commander	entity-page	9	5	no			wiki:Aid_Another wiki:Charge wiki:Combat wiki:Knowledge
373	Maridun	Maridun	entity-page	9	2	no			wiki:Amani wiki:Lurmen
374	Saga_Edition_FAQ	Saga Edition FAQ	entity-page	9	9	no			wiki:Assault wiki:Attacks wiki:Character_Creation wiki:Combat
375	All-Out_Movement	All-Out Movement	entity-page	9	6	no			wiki:Blockade_Runner_Talent_Tree wiki:Category:Scum_and_Villainy wiki:Category:Vehicles wiki:Combat
376	Armored_Defense	Armored Defense	entity-page	9	5	no			wiki:Category:Armor wiki:Category:Web_Enhancements wiki:Darth_Krayt wiki:Knight's_Armor_Talent_Tree
377	Mace_Windu	Mace Windu	entity-page	9	6	no			wiki:Category:Clone_Wars_Campaign_Guide wiki:Category:The_Clone_Wars wiki:Category:Web_Enhancements wiki:Gamemastering
378	Iridonia	Iridonia	entity-page	9	7	no			wiki:Category:Clone_Wars_Campaign_Guide wiki:Category:Knights_of_the_Old_Republic_Campaign_Guide wiki:Category:Legacy_Era_Campaign_Guide wiki:Category:The_Old_Republic_Era
379	Jango_Fett	Jango Fett	entity-page	9	6	no			wiki:Category:Clone_Wars_Campaign_Guide wiki:Category:Threats_of_the_Galaxy wiki:Category:Web_Enhancements wiki:Gamemastering
380	Wheeled_Vehicles	Wheeled Vehicles	entity-page	9	5	no	wiki:Wheeled	variant-name(-1)	wiki:Category:Clone_Wars_Campaign_Guide wiki:Category:Force_Unleashed_Campaign_Guide wiki:Category:Unknown_Regions_Campaign_Guide wiki:Category:Vehicles
381	The_Kashyyyk_Resistance	The Kashyyyk Resistance	rules-term	9	3	no			wiki:Category:Clone_Wars_Campaign_Guide wiki:Category:Force_Unleashed_Campaign_Guide wiki:Category:Web_Enhancements
382	The_Bounty_Hunters'_Guild	The Bounty Hunters' Guild	rules-term	9	4	no			wiki:Category:Clone_Wars_Campaign_Guide wiki:Category:Rebellion_Era_Campaign_Guide wiki:Category:Threats_of_the_Galaxy wiki:Organizations
383	Heuristic_Processor	Heuristic Processor	entity-page	9	6	no			wiki:Category:Force_Unleashed_Campaign_Guide wiki:Category:Scavenger's_Guide_to_Droids wiki:Category:Web_Enhancements wiki:Heroic_Classes
384	Scout_Troopers	Scout Troopers	entity-page	9	3	no	wiki:Scout	variant-name(-1)	wiki:Category:Force_Unleashed_Campaign_Guide wiki:Category:Legacy_Era_Campaign_Guide wiki:Skill_Challenges
385	Battle_Armor	Battle Armor	entity-page	9	6	no			wiki:Category:Galaxy_at_War wiki:Category:Legacy_Era_Campaign_Guide wiki:Category:Web_Enhancements wiki:Destiny
386	Gravity	Gravity	entity-page	9	6	no			wiki:Category:Galaxy_of_Intrigue wiki:Category:Scum_and_Villainy wiki:Galactic_Gazetteer wiki:Inertia
387	The_Mecrosa_Order	The Mecrosa Order	rules-term	9	4	no			wiki:Category:Knights_of_the_Old_Republic_Campaign_Guide wiki:Force_Traditions wiki:The_Jedi wiki:The_Sith
388	Legacies	Legacies	entity-page	9	3	no			wiki:Category:Legacy_Era_Campaign_Guide wiki:Gamemastering wiki:Heroic_Traits
389	Lok	Lok	entity-page	9	3	no			wiki:Category:Legacy_Era_Campaign_Guide wiki:Galactic_Gazetteer wiki:Organizations
390	Star_Destroyer	Star Destroyer	entity-page	9	6	no			wiki:Category:Legacy_Era_Campaign_Guide wiki:Category:Rebellion_Era_Campaign_Guide wiki:Category:Starships_of_the_Galaxy wiki:Category:Web_Enhancements
391	The_Yuuzhan_Vong_Empire	The Yuuzhan Vong Empire	rules-term	9	6	no	wiki:Yuuzhan_Vong	variant-name(-1)	wiki:Category:Legacy_Era_Campaign_Guide wiki:Category:The_Legacy_Era wiki:Category:Web_Enhancements wiki:Organizations
392	Darth_Caedus	Darth Caedus	entity-page	9	3	no			wiki:Category:Legacy_Era_Campaign_Guide wiki:Category:Web_Enhancements wiki:The_Sith
393	Ion_Cannon	Ion Cannon	entity-page	9	3	no			wiki:Category:Legacy_Era_Campaign_Guide wiki:Category:Weapon_Systems wiki:Starship_Modifications
394	Cortosis_Gauntlet	Cortosis Gauntlet	entity-page	9	7	no			wiki:Category:Legacy_Era_Campaign_Guide wiki:Category:Threats_of_the_Galaxy wiki:General_Equipment wiki:Knight's_Armor_Talent_Tree
395	The_Corporate_Sector	The Corporate Sector	rules-term	9	5	no			wiki:Category:Rebellion_Era_Campaign_Guide wiki:Category:Web_Enhancements wiki:Pathfinder wiki:Snivvian
396	Exotic_Weapon_(Ranged)	Exotic Weapon (Ranged)	entity-page	9	7	no	wiki:Category:Exotic_Weapons	variant-name(-1)	wiki:Category:Scum_and_Villainy wiki:Kilian_Ranger_Talent_Tree wiki:Kissai wiki:Massassi
397	Flamethrower	Flamethrower	entity-page	9	4	no			wiki:Category:Web_Enhancements wiki:Gamemastering wiki:Lightsabers wiki:Rocket_Jumper_Talent_Tree
398	Stock_Starship	Stock Starship	entity-page	9	2	no			wiki:Category:Web_Enhancements wiki:Starship_Designer
399	Knowledge_(Social_Sciences)	Knowledge (Social Sciences)	entity-page	9	4	no			wiki:Category:Web_Enhancements wiki:Jedi_Bonus_Feats wiki:Noble_Bonus_Feats wiki:Organizations
400	Telepathy	Telepathy	entity-page	9	5	no			wiki:Celegian wiki:Near-Human wiki:Polis_Massan wiki:Telepath_Talent_Tree
401	Charging	Charging	entity-page	9	8	no			wiki:Charging_Fire wiki:Deft_Charge wiki:Jedi_Bonus_Feats wiki:Noble_Bonus_Feats
402	Advanced_Melee_Weapon	Advanced Melee Weapon	entity-page	9	4	no			wiki:Gamorrean wiki:Privateer_Talent_Tree wiki:Sith_Alchemy_Talent_Tree wiki:Wookiee
403	Exotic_Weapon_(Melee)	Exotic Weapon (Melee)	entity-page	9	6	no	wiki:Category:Exotic_Weapons	variant-name(-1)	wiki:Melee_Duelist_Talent_Tree wiki:Melee_Specialist_Talent_Tree wiki:Order_of_Shasa_Talent_Tree wiki:Rakata
404	The_New_Republic_Era	The New Republic Era	rules-term	9	2	no	wiki:The_New_Republic	variant-name(-1)	wiki:The_Jedi wiki:The_Sith
405	Droid_Traits	Droid Traits	rules-term	8	7	no			wiki:1st-Degree_Droids wiki:2nd-Degree_Droids wiki:3rd-Degree_Droids wiki:4th-Degree_Droids
406	Vibroblade	Vibroblade	entity-page	8	5	no			wiki:Abilities wiki:Category:Web_Enhancements wiki:Introduction wiki:Quick_Draw
407	AT-AT	AT-AT	entity-page	8	6	no			wiki:Ace_Pilot wiki:Category:Web_Enhancements wiki:Defenses wiki:Gunner
408	Binder_Cuffs	Binder Cuffs	entity-page	8	6	no			wiki:Acrobatics wiki:Bounty_Hunter_Talent_Tree wiki:Category:Core_Rulebook wiki:General_Equipment
409	Heavy_Blaster_Rifle	Heavy Blaster Rifle	entity-page	8	5	no			wiki:Actions wiki:Category:Web_Enhancements wiki:Rank_and_Privilege wiki:Riflemaster
410	Weapon_Battery	Weapon Battery	entity-page	8	5	no	wiki:Category:Weapons	variant-name(-1)	wiki:Aid_Another wiki:Category:Web_Enhancements wiki:Coordinated_Attack wiki:Gunner_Talent_Tree
411	Track	Track	entity-page	8	4	no			wiki:Anzati wiki:Awareness_Talent_Tree wiki:Force_Track wiki:Near-Human
412	Exotic_Weapons_(Melee)	Exotic Weapons (Melee)	entity-page	8	7	no			wiki:Atlatl wiki:Category:Exotic_Weapons wiki:Cesta wiki:Gamorrean
413	Sneak	Sneak	entity-page	8	6	no			wiki:Autonomy_Talent_Tree wiki:Fugitive_Commander_Talent_Tree wiki:Hyperspace_Explorer_Talent_Tree wiki:Pilot
414	Stun_Damage	Stun Damage	entity-page	8	5	no			wiki:Barabel wiki:Category:Weapons wiki:Category:Web_Enhancements wiki:Pistols
415	Notice_Targets	Notice Targets	entity-page	8	7	no			wiki:Beast wiki:Gran wiki:Line_of_Sight wiki:Organizations
416	Biotech	Biotech	entity-page	8	4	no			wiki:Biotech_Specialist wiki:Biotech_Surgery wiki:Shaper wiki:Shaper_Talent_Tree
417	Bayonet	Bayonet	entity-page	8	4	no			wiki:Brawler_Talent_Tree wiki:Category:Web_Enhancements wiki:Siang_Lance wiki:Simple_Weapons_(Melee)
418	Droid_Commander	Droid Commander	rules-term	8	4	yes			wiki:Category:Clone_Wars_Campaign_Guide wiki:Category:Scavenger's_Guide_to_Droids wiki:Heroic_Classes wiki:Talents
419	Kamino	Kamino	entity-page	8	4	no			wiki:Category:Clone_Wars_Campaign_Guide wiki:Galactic_Gazetteer wiki:Kaminoan wiki:Republic_Clone
420	Muuns	Muuns	entity-page	8	3	no			wiki:Category:Clone_Wars_Campaign_Guide wiki:Category:Force_Unleashed_Campaign_Guide wiki:Galactic_Gazetteer
421	Ithor	Ithor	entity-page	8	5	no			wiki:Category:Clone_Wars_Campaign_Guide wiki:Category:Knights_of_the_Old_Republic_Campaign_Guide wiki:Category:Legacy_Era_Campaign_Guide wiki:Galactic_Gazetteer
422	Sullust	Sullust	entity-page	8	6	no			wiki:Category:Clone_Wars_Campaign_Guide wiki:Category:Force_Unleashed_Campaign_Guide wiki:Category:Knights_of_the_Old_Republic_Campaign_Guide wiki:Category:Legacy_Era_Campaign_Guide
423	Jabba_the_Hutt	Jabba the Hutt	entity-page	8	6	no			wiki:Category:Clone_Wars_Campaign_Guide wiki:Category:Force_Unleashed_Campaign_Guide wiki:Category:Rebellion_Era_Campaign_Guide wiki:Category:The_Clone_Wars
424	Muun	Muun	entity-page	8	2	no			wiki:Category:Clone_Wars_Campaign_Guide wiki:Category:Force_Unleashed_Campaign_Guide
425	Weapon_Groups	Weapon Groups	entity-page	8	7	no	wiki:Category:Weapons	variant-name(-1)	wiki:Category:Exotic_Weapons wiki:Category:Ranged_Weapons wiki:Category:Weapons wiki:Category:Web_Enhancements
426	Exotic_Weapon_Proficiency	Exotic Weapon Proficiency	entity-page	8	7	yes	wiki:Category:Exotic_Weapons	variant-name(-1)	wiki:Category:Exotic_Weapons wiki:Category:Web_Enhancements wiki:Gladiatorial_Combat_Talent_Tree wiki:Noble_Bonus_Feats
427	Ground_Vehicles	Ground Vehicles	entity-page	8	5	no			wiki:Category:Force_Unleashed_Campaign_Guide wiki:Category:Galaxy_of_Intrigue wiki:Category:Knights_of_the_Old_Republic_Campaign_Guide wiki:Category:Web_Enhancements
428	Chandrila	Chandrila	entity-page	8	7	no			wiki:Category:Force_Unleashed_Campaign_Guide wiki:Category:Rebellion_Era_Campaign_Guide wiki:Category:The_Rebellion_Era wiki:Category:Web_Enhancements
429	CorSec	CorSec	entity-page	8	3	no			wiki:Category:Force_Unleashed_Campaign_Guide wiki:Category:Web_Enhancements wiki:Organizations
430	Kota's_Militia	Kota's Militia	entity-page	8	2	no			wiki:Category:Force_Unleashed_Campaign_Guide wiki:Organizations
431	Military_Campaign	Military Campaign	entity-page	8	3	no			wiki:Category:Galaxy_at_War wiki:Heroic_Traits wiki:Rank_and_Privilege
432	Force_Adepts	Force Adepts	entity-page	8	7	yes	wiki:The_Force	variant-name(-1)	wiki:Category:Jedi_Academy_Training_Manual wiki:Category:Web_Enhancements wiki:Force_Disciple wiki:Talents
433	The_Jedi_Covenant	The Jedi Covenant	rules-term	8	5	no	wiki:The_Jedi	variant-name(-1)	wiki:Category:Knights_of_the_Old_Republic_Campaign_Guide wiki:Category:Web_Enhancements wiki:Force_Traditions wiki:Old_Republic_Era_Campaigns
434	Heavy_Blaster_Pistol	Heavy Blaster Pistol	entity-page	8	7	no			wiki:Category:Knights_of_the_Old_Republic_Campaign_Guide wiki:Category:Scum_and_Villainy wiki:Category:Weapons wiki:Destiny
435	The_Restoration_Period	The Restoration Period	rules-term	8	5	no			wiki:Category:Knights_of_the_Old_Republic_Campaign_Guide wiki:Old_Republic_Era_Campaigns wiki:The_Jedi wiki:The_Mandalorians
436	Bastila_Shan	Bastila Shan	entity-page	8	5	no			wiki:Category:Knights_of_the_Old_Republic_Campaign_Guide wiki:Category:The_Old_Republic_Era wiki:Category:Web_Enhancements wiki:Old_Republic_Era_Campaigns
437	Sith_Troopers	Sith Troopers	entity-page	8	3	no	wiki:The_Sith	variant-name(-1)	wiki:Category:Knights_of_the_Old_Republic_Campaign_Guide wiki:Old_Republic_Era_Campaigns wiki:The_Sith
438	Darth_Maladi	Darth Maladi	entity-page	8	2	no			wiki:Category:Legacy_Era_Campaign_Guide wiki:The_Sith
439	Taivas	Taivas	entity-page	8	2	no			wiki:Category:Legacy_Era_Campaign_Guide wiki:The_Jedi
440	Simple_Weapons_(Ranged)	Simple Weapons (Ranged)	entity-page	8	8	no			wiki:Category:Ranged_Weapons wiki:Category:Simple_Weapons wiki:Grenades wiki:Ranged_Attacks
441	Leia_Organa	Leia Organa	entity-page	8	4	no			wiki:Category:Rebellion_Era_Campaign_Guide wiki:Category:The_Rebellion_Era wiki:Category:Web_Enhancements wiki:The_New_Republic
442	Change_Attitude	Change Attitude	entity-page	8	6	no			wiki:Category:Scavenger's_Guide_to_Droids wiki:Disarming_Charm wiki:Infamy_Talent_Tree wiki:Organizations
443	Sith_Apprentice_(CL_13)	Sith Apprentice (CL 13)	entity-page	8	4	no	wiki:Sith_Apprentice	variant-name(-2)	wiki:Category:Threats_of_the_Galaxy wiki:Category:Web_Enhancements wiki:Gamemastering wiki:The_Sith
444	The_Car'das_Smugglers	The Car'das Smugglers	rules-term	8	2	no			wiki:Category:Threats_of_the_Galaxy wiki:Organizations
445	Laser_Cannon	Laser Cannon	entity-page	8	2	no			wiki:Category:Weapon_Systems wiki:Starship_Modifications
446	Iridonian_Darkness	Iridonian Darkness	entity-page	8	6	no			wiki:Category:Web_Enhancements wiki:The_Jedi wiki:The_Keetael wiki:The_Luka_Sene
447	Stunning	Stunning	entity-page	8	4	no			wiki:Category:Web_Enhancements wiki:Gamemastering wiki:K'tara_Training wiki:Sharpshooter_Talent_Tree
448	Shasa	Shasa	entity-page	8	2	no			wiki:Category:Web_Enhancements wiki:The_Order_of_Shasa
449	Wealth	Wealth	entity-page	8	4	no			wiki:Category:Web_Enhancements wiki:Character_Creation wiki:Organizations wiki:The_Sith
450	Destruction	Destruction	entity-page	8	4	no			wiki:Category:Web_Enhancements wiki:Destiny wiki:Organizations wiki:The_Sith
451	Heavy_Blaster_Pistols	Heavy Blaster Pistols	entity-page	8	2	no			wiki:Category:Web_Enhancements wiki:Rank_and_Privilege
452	Ready	Ready	entity-page	8	3	no			wiki:Category:Web_Enhancements wiki:Influence_Talent_Tree wiki:Versatility_Talent_Tree
453	Surgery_Kit	Surgery Kit	entity-page	8	4	no			wiki:Category:Web_Enhancements wiki:General_Equipment wiki:Rank_and_Privilege wiki:Treat_Injury
454	Passenger_Conversion	Passenger Conversion	entity-page	8	2	no			wiki:Category:Web_Enhancements wiki:Starship_Modifications
455	Sokan	Sokan	entity-page	8	4	no			wiki:Category:Web_Enhancements wiki:Force_Powers wiki:High_Ground_Defense wiki:Unhindered_Charge
456	Quicken_Power	Quicken Power	entity-page	8	3	no			wiki:Category:Web_Enhancements wiki:Darth_Krayt wiki:The_Force
457	Shockboxing_Gloves	Shockboxing Gloves	entity-page	8	5	no	wiki:Shockboxing	variant-name(-1)	wiki:Category:Web_Enhancements wiki:Seyugi_Dervish_Talent_Tree wiki:Shield_Gauntlet wiki:Shockboxing
458	Vibro-Axe	Vibro-Axe	entity-page	8	2	no			wiki:Category:Web_Enhancements wiki:Line_of_Sight
459	Minion	Minion	entity-page	8	3	no			wiki:Category:Web_Enhancements wiki:Infamy_Talent_Tree wiki:Organizations
460	Combined_Feat	Combined Feat	entity-page	8	8	no			wiki:Charging_Fire wiki:Force_Training wiki:Improved_Disarm wiki:Quick_Draw
461	Repaired	Repaired	entity-page	8	3	no			wiki:Conditions wiki:Hit_Points wiki:Military_Engineer_Talent_Tree
462	Revwien	Revwien	entity-page	8	2	no			wiki:Force_Traditions wiki:The_Tyia
463	Kilia_IV	Kilia IV	entity-page	8	4	no			wiki:Force_Traditions wiki:Shield_Gauntlet wiki:Siang_Lance wiki:The_Kilian_Rangers
464	Advanced_Cybernetics	Advanced Cybernetics	entity-page	8	1	no			wiki:General_Equipment
465	Flank	Flank	entity-page	8	5	no			wiki:Gunslinger_Talent_Tree wiki:Misfortune_Talent_Tree wiki:Pistoleer_Talent_Tree wiki:Swift_Flank
466	Blaster_Rifles	Blaster Rifles	entity-page	7	3	no			wiki:4th-Degree_Droid_Talent_Tree wiki:Attacks wiki:Rank_and_Privilege
467	Carrying_Capacity	Carrying Capacity	entity-page	7	5	no			wiki:5th-Degree_Droid_Talent_Tree wiki:Attacks wiki:Beast wiki:Category:Web_Enhancements
468	Net	Net	entity-page	7	2	no			wiki:Acrobatics wiki:Category:Web_Enhancements
469	Arkania	Arkania	entity-page	7	5	no			wiki:Arkanian wiki:Arkanian_Offshoot wiki:Category:Knights_of_the_Old_Republic_Campaign_Guide wiki:Galactic_Gazetteer
470	Juyo	Juyo	entity-page	7	4	no			wiki:Assured_Strike wiki:Category:Web_Enhancements wiki:Force_Powers wiki:Vornskr's_Ferocity
471	Retractable_Stock	Retractable Stock	entity-page	7	5	no			wiki:Attacks wiki:Attacks_of_Opportunity wiki:Blaster_Carbine wiki:Carbineer_Talent_Tree
472	Bespin	Bespin	entity-page	7	7	no			wiki:Backgrounds wiki:Category:Clone_Wars_Campaign_Guide wiki:Category:Force_Unleashed_Campaign_Guide wiki:Category:Knights_of_the_Old_Republic_Campaign_Guide
473	Razor_Bugs	Razor Bugs	entity-page	7	5	no			wiki:Biotech_General_Template wiki:Category:Legacy_Era_Campaign_Guide wiki:Noble_Bonus_Feats wiki:Thud_Bug
474	Skill_Focus_(Gather_Information)	Skill Focus (Gather Information)	rules-term	7	6	no	wiki:Skill_Focus	variant-name(-2)	wiki:Bothan wiki:Category:Web_Enhancements wiki:Herglic wiki:Organizations
475	Vaapad	Vaapad	entity-page	7	4	no			wiki:Bothan_SpyNet_Talent_Tree wiki:Force_Powers wiki:Swift_Flank wiki:Tempered_Aggression
476	Familiar_Foe	Familiar Foe	entity-page	7	2	no			wiki:Bounty_Hunter_Talent_Tree wiki:Category:Web_Enhancements
477	Muunilinst	Muunilinst	entity-page	7	3	no			wiki:Category:Clone_Wars_Campaign_Guide wiki:Category:Force_Unleashed_Campaign_Guide wiki:Galactic_Gazetteer
478	Cerea	Cerea	entity-page	7	6	no			wiki:Category:Clone_Wars_Campaign_Guide wiki:Category:Force_Unleashed_Campaign_Guide wiki:Category:Knights_of_the_Old_Republic_Campaign_Guide wiki:Category:Legacy_Era_Campaign_Guide
479	Trandosha	Trandosha	entity-page	7	5	no			wiki:Category:Clone_Wars_Campaign_Guide wiki:Category:Knights_of_the_Old_Republic_Campaign_Guide wiki:Category:Legacy_Era_Campaign_Guide wiki:Galactic_Gazetteer
480	Rodia	Rodia	entity-page	7	6	no			wiki:Category:Clone_Wars_Campaign_Guide wiki:Category:Force_Unleashed_Campaign_Guide wiki:Category:Knights_of_the_Old_Republic_Campaign_Guide wiki:Category:Legacy_Era_Campaign_Guide
481	Ryloth	Ryloth	entity-page	7	6	no			wiki:Category:Clone_Wars_Campaign_Guide wiki:Category:Knights_of_the_Old_Republic_Campaign_Guide wiki:Category:Legacy_Era_Campaign_Guide wiki:Galactic_Gazetteer
482	K'Kruhk	K'Kruhk	entity-page	7	4	no			wiki:Category:Clone_Wars_Campaign_Guide wiki:Category:Legacy_Era_Campaign_Guide wiki:The_Jedi wiki:The_New_Republic
483	The_Commerce_Guild	The Commerce Guild	rules-term	7	2	no			wiki:Category:Clone_Wars_Campaign_Guide wiki:Category:Scavenger's_Guide_to_Droids
484	The_Techno_Union	The Techno Union	rules-term	7	3	no			wiki:Category:Clone_Wars_Campaign_Guide wiki:Category:Scavenger's_Guide_to_Droids wiki:Category:Web_Enhancements
485	Imperial_Security_Bureau	Imperial Security Bureau	entity-page	7	3	no			wiki:Category:Force_Unleashed_Campaign_Guide wiki:Category:Rebellion_Era_Campaign_Guide wiki:Saboteur
486	Felucians	Felucians	entity-page	7	3	yes			wiki:Category:Force_Unleashed_Campaign_Guide wiki:Galactic_Gazetteer wiki:The_Felucian_Shamans
487	Kessel	Kessel	entity-page	7	6	no			wiki:Category:Force_Unleashed_Campaign_Guide wiki:Category:Galaxy_of_Intrigue wiki:Category:Scum_and_Villainy wiki:Galactic_Gazetteer
488	The_HoloNet	The HoloNet	rules-term	7	7	no			wiki:Category:Force_Unleashed_Campaign_Guide wiki:Category:Galaxy_of_Intrigue wiki:Category:Legacy_Era_Campaign_Guide wiki:Category:The_Rebellion_Era
489	Viper-Series_Probe_Droids	Viper-Series Probe Droids	entity-page	7	3	no			wiki:Category:Force_Unleashed_Campaign_Guide wiki:Category:Web_Enhancements wiki:Gamemastering
490	Landspeeder	Landspeeder	entity-page	7	4	no			wiki:Category:Galaxy_of_Intrigue wiki:Category:Scavenger's_Guide_to_Droids wiki:Gamemastering wiki:Skill_Challenges
491	Feeorin	Feeorin	entity-page	7	6	yes			wiki:Category:Knights_of_the_Old_Republic_Campaign_Guide wiki:Category:Legacy_Era_Campaign_Guide wiki:Galactic_Gazetteer wiki:Old_Republic_Era_Campaigns
492	Zayne_Carrick	Zayne Carrick	entity-page	7	4	no			wiki:Category:Knights_of_the_Old_Republic_Campaign_Guide wiki:Category:Scavenger's_Guide_to_Droids wiki:Old_Republic_Era_Campaigns wiki:The_Jedi
493	Lucien_Draay	Lucien Draay	entity-page	7	3	no			wiki:Category:Knights_of_the_Old_Republic_Campaign_Guide wiki:Category:Web_Enhancements wiki:The_Jedi
494	The_Revanchists	The Revanchists	rules-term	7	6	no			wiki:Category:Knights_of_the_Old_Republic_Campaign_Guide wiki:Category:The_Old_Republic_Era wiki:Category:Web_Enhancements wiki:Force_Traditions
495	Saul_Karath	Saul Karath	entity-page	7	4	no			wiki:Category:Knights_of_the_Old_Republic_Campaign_Guide wiki:Category:The_Old_Republic_Era wiki:Old_Republic_Era_Campaigns wiki:The_Sith
496	The_Sorcerers_of_Tund	The Sorcerers of Tund	rules-term	7	6	no			wiki:Category:Knights_of_the_Old_Republic_Campaign_Guide wiki:Category:Web_Enhancements wiki:Force_Traditions wiki:Philosophy
497	Stunning_Gauntlet	Stunning Gauntlet	entity-page	7	4	no			wiki:Category:Knights_of_the_Old_Republic_Campaign_Guide wiki:Seyugi_Dervish_Talent_Tree wiki:Shield_Gauntlet wiki:Simple_Weapons_(Melee)
498	Gravity_Mines	Gravity Mines	entity-page	7	3	no			wiki:Category:Legacy_Era_Campaign_Guide wiki:Category:Weapon_Systems wiki:Starship_Modifications
499	Champala	Champala	entity-page	7	3	no			wiki:Category:Legacy_Era_Campaign_Guide wiki:Chagrian wiki:Galactic_Gazetteer
500	Imperious-Class_Star_Destroyer	Imperious-Class Star Destroyer	entity-page	7	2	no			wiki:Category:Legacy_Era_Campaign_Guide wiki:Category:The_Legacy_Era
501	Jacen_Solo	Jacen Solo	entity-page	7	5	no			wiki:Category:Legacy_Era_Campaign_Guide wiki:Category:Web_Enhancements wiki:The_Aing-Tii_Monks wiki:The_Fallanassi
502	Stun_Grenades	Stun Grenades	entity-page	7	3	no			wiki:Category:Legacy_Era_Campaign_Guide wiki:Category:Web_Enhancements wiki:Rank_and_Privilege
503	Alliance_Intelligence	Alliance Intelligence	entity-page	7	3	no			wiki:Category:Rebellion_Era_Campaign_Guide wiki:Category:Web_Enhancements wiki:Clawdite
504	Droid_Models	Droid Models	rules-term	7	4	no			wiki:Category:Scavenger's_Guide_to_Droids wiki:Category:Threats_of_the_Galaxy wiki:Category:Unknown_Regions_Campaign_Guide wiki:Category:Web_Enhancements
505	2nd-Degree	2nd-Degree	entity-page	7	2	no			wiki:Category:Scavenger's_Guide_to_Droids wiki:Category:Threats_of_the_Galaxy
506	Memory_Wipe	Memory Wipe	entity-page	7	3	no			wiki:Category:Scavenger's_Guide_to_Droids wiki:Category:Web_Enhancements wiki:Independent_Droid
507	Proton_Torpedoes	Proton Torpedoes	entity-page	7	4	no			wiki:Category:Weapon_Systems wiki:Category:Web_Enhancements wiki:Jedi_Master wiki:Starship_Modifications
508	Light_Repeating_Blaster	Light Repeating Blaster	entity-page	7	4	no			wiki:Category:Weapons wiki:Rank_and_Privilege wiki:Riflemaster wiki:Rifles
509	Jury-Rigging	Jury-Rigging	entity-page	7	2	no			wiki:Category:Web_Enhancements wiki:Outlaw_Tech_Talent_Tree
510	Dark_Side_Points	Dark Side Points	entity-page	7	2	no			wiki:Category:Web_Enhancements wiki:The_Sith
511	Force_Deception	Force Deception	entity-page	7	3	no	wiki:The_Force	variant-name(-1)	wiki:Category:Web_Enhancements wiki:Darth_Krayt wiki:The_Sith
512	Dual_Weapon_Mastery_III	Dual Weapon Mastery III	entity-page	7	5	yes			wiki:Category:Web_Enhancements wiki:Full_Attacks wiki:Jedi_Bonus_Feats wiki:Soldier_Bonus_Feats
513	Harm's_Way	Harm's Way	entity-page	7	3	no			wiki:Category:Web_Enhancements wiki:Protection_Talent_Tree wiki:Skill_Challenges
514	Temptation	Temptation	entity-page	7	3	no			wiki:Category:Web_Enhancements wiki:Darth_Krayt wiki:The_Force
515	Weapon_Focus_(Rifles)	Weapon Focus (Rifles)	entity-page	7	3	no	wiki:Weapon_Focus	variant-name(-1)	wiki:Category:Web_Enhancements wiki:Kilian_Ranger_Talent_Tree wiki:Organizations
516	Starship_Weapons	Starship Weapons	rules-term	7	3	no	wiki:Category:Starships	variant-name(-1)	wiki:Category:Web_Enhancements wiki:Spacer_Talent_Tree wiki:Weapon_Focus
517	Heavy_Repeating_Blaster	Heavy Repeating Blaster	entity-page	7	3	no			wiki:Category:Web_Enhancements wiki:Heavy_Weapons wiki:Rank_and_Privilege
518	Disease	Disease	entity-page	7	6	no			wiki:Category:Web_Enhancements wiki:Conditions wiki:Control_Talent_Tree wiki:Defenses
519	Hangar_Space	Hangar Space	entity-page	7	2	no			wiki:Category:Web_Enhancements wiki:Starship_Modifications
520	Laser_Cannons	Laser Cannons	entity-page	7	2	no			wiki:Category:Web_Enhancements wiki:Starship_Modifications
521	Fire-Linked	Fire-Linked	entity-page	7	1	no			wiki:Category:Web_Enhancements
522	Scatter_Gun	Scatter Gun	entity-page	7	2	no			wiki:Category:Web_Enhancements wiki:Rifles
523	Batteries	Batteries	entity-page	7	1	no			wiki:Category:Web_Enhancements
524	Attract_Minion	Attract Minion	entity-page	7	3	no			wiki:Category:Web_Enhancements wiki:Infamy_Talent_Tree wiki:Organizations
525	Improved_Move_Light_Object	Improved Move Light Object	entity-page	7	3	no			wiki:Category:Web_Enhancements wiki:Darth_Krayt wiki:The_Force
526	Repairs	Repairs	entity-page	7	4	no			wiki:Chadra-Fan wiki:Procurement_Talent_Tree wiki:Saboteur wiki:Specialized_Droid_Talent_Tree
527	Damage	Damage	entity-page	7	5	no			wiki:Combat wiki:Conditions wiki:Defenses wiki:Gunslinger
528	Dathomir	Dathomir	entity-page	7	5	no			wiki:Dathomiri_Witch_Talent_Tree wiki:Force_Traditions wiki:Knowledge wiki:Talents
529	Af'El	Af'El	entity-page	7	1	no			wiki:Defel
530	Life_Support	Life Support	entity-page	7	1	no			wiki:General_Equipment
531	Security_Kit	Security Kit	entity-page	7	5	no			wiki:General_Equipment wiki:Improviser wiki:Mechanics wiki:Saboteur
532	Share_Talent	Share Talent	entity-page	7	2	no			wiki:Jedi_Instructor_Talent_Tree wiki:Military_Tactics_Talent_Tree
533	Huk	Huk	entity-page	7	1	no			wiki:Kaleesh
534	Orax	Orax	entity-page	7	2	no			wiki:Shard wiki:The_Iron_Knights
535	Colicoid	Colicoid	entity-page	7	1	no			wiki:Skill_Challenges
536	Colicoids	Colicoids	entity-page	7	1	no			wiki:Skill_Challenges
537	Navicomputer	Navicomputer	entity-page	7	2	no			wiki:Starship_Modifications wiki:Use_Computer
538	Yanibar	Yanibar	entity-page	7	1	no			wiki:The_Zeison_Sha
539	Knowledge_(Physical_Sciences)	Knowledge (Physical Sciences)	entity-page	6	2	no			wiki:1st-Degree_Droid_Talent_Tree wiki:Category:Web_Enhancements
540	Ace_Pilot_Talent	Ace Pilot Talent	entity-page	6	1	no	wiki:Ace_Pilot	variant-name(-1)	wiki:Ace_Pilot
541	Skill_Focus_(Acrobatics)	Skill Focus (Acrobatics)	rules-term	6	4	no	wiki:Skill_Focus	variant-name(-1)	wiki:Acrobatic_Dodge wiki:Blood_Carver wiki:Category:Web_Enhancements wiki:Scoundrel_Bonus_Feats
542	Fighting_Defensively	Fighting Defensively	entity-page	6	5	no			wiki:Acrobatics wiki:Category:Web_Enhancements wiki:Jedi_Bonus_Feats wiki:Noble_Bonus_Feats
543	Force_Trance	Force Trance	entity-page	6	5	no	wiki:The_Force	variant-name(-1)	wiki:Actions wiki:Category:Full-Round_Actions wiki:Gen'Dai wiki:Iron_Knight_Talent_Tree
544	Mass_Combat	Mass Combat	entity-page	6	4	no			wiki:Aid_Another wiki:Attacks wiki:Category:Clone_Wars_Campaign_Guide wiki:Knowledge
545	Attack_Leader	Attack Leader	entity-page	6	3	no	wiki:Attacks	variant-name(-1)	wiki:Aid_Another wiki:Charge wiki:Combat
546	Assassin_Talent	Assassin Talent	entity-page	6	1	no	wiki:Assassin	variant-name(-1)	wiki:Assassin
547	Energy_Balls	Energy Balls	entity-page	6	4	no			wiki:Atlatl wiki:Category:Web_Enhancements wiki:Cesta wiki:Ranged_Attacks
548	Sense_Deception	Sense Deception	entity-page	6	6	no			wiki:Backgrounds wiki:Jedi_Investigator_Talent_Tree wiki:Nautolan wiki:Order_of_Shasa_Talent_Tree
549	Shien	Shien	entity-page	6	3	no			wiki:Barrier_of_Blades wiki:Force_Powers wiki:Shien_Deflection
550	Rancor	Rancor	entity-page	6	6	no			wiki:Beast wiki:Category:Core_Rulebook wiki:Category:Rebellion_Era_Campaign_Guide wiki:Category:Threats_of_the_Galaxy
551	Extreme_Cold	Extreme Cold	entity-page	6	6	no			wiki:Beast wiki:Chistori wiki:Snivvian wiki:Survival
552	Low-Light_Vision	Low-Light Vision	entity-page	6	5	no			wiki:Beast wiki:Beastwarden_Talent_Tree wiki:Category:Web_Enhancements wiki:Line_of_Sight
553	Thud_Bugs	Thud Bugs	entity-page	6	4	no			wiki:Biotech_General_Template wiki:Category:Legacy_Era_Campaign_Guide wiki:Noble_Bonus_Feats wiki:Yuuzhan_Vong_Biotech_Talent_Tree
554	Living_Vehicle_Template	Living Vehicle Template	entity-page	6	3	no			wiki:Biotech_General_Template wiki:Category:Legacy_Era_Campaign_Guide wiki:Gear_Templates
555	Thermal_Detonator	Thermal Detonator	entity-page	6	6	no			wiki:Biotech_General_Template wiki:Category:Web_Enhancements wiki:Forceful_Blast wiki:Grenades
556	Bounty_Hunter_Talent	Bounty Hunter Talent	entity-page	6	1	no	wiki:Bounty_Hunter	variant-name(-1)	wiki:Bounty_Hunter
557	Exotic_Weapons_(Ranged)	Exotic Weapons (Ranged)	entity-page	6	5	no			wiki:Bowcaster wiki:Category:Exotic_Weapons wiki:Category:Ranged_Weapons wiki:Discblade
558	Asajj_Ventress	Asajj Ventress	entity-page	6	3	no			wiki:Category:Clone_Wars_Campaign_Guide wiki:Category:The_Clone_Wars wiki:The_Witches_of_Dathomir
559	Minions	Minions	entity-page	6	4	no			wiki:Category:Clone_Wars_Campaign_Guide wiki:Infamy_Talent_Tree wiki:Organizations wiki:Talents
560	Dark_Side_Point	Dark Side Point	entity-page	6	3	no			wiki:Category:Clone_Wars_Campaign_Guide wiki:Category:Web_Enhancements wiki:Philosophy
561	Haruun_Kal	Haruun Kal	entity-page	6	5	no			wiki:Category:Clone_Wars_Campaign_Guide wiki:Force_Traditions wiki:Korunnai_Adept_Talent_Tree wiki:Talents
562	Malastare	Malastare	entity-page	6	3	no			wiki:Category:Clone_Wars_Campaign_Guide wiki:Galactic_Gazetteer wiki:Gran
563	Nelvaan	Nelvaan	entity-page	6	4	no			wiki:Category:Clone_Wars_Campaign_Guide wiki:Category:The_Clone_Wars wiki:Galactic_Gazetteer wiki:Nelvaanian
564	Polis_Massa	Polis Massa	entity-page	6	3	no			wiki:Category:Clone_Wars_Campaign_Guide wiki:Galactic_Gazetteer wiki:Polis_Massan
565	Toydaria	Toydaria	entity-page	6	3	no			wiki:Category:Clone_Wars_Campaign_Guide wiki:Galactic_Gazetteer wiki:Toydarian
566	Gamorr	Gamorr	entity-page	6	5	no			wiki:Category:Clone_Wars_Campaign_Guide wiki:Category:Knights_of_the_Old_Republic_Campaign_Guide wiki:Category:Legacy_Era_Campaign_Guide wiki:Galactic_Gazetteer
567	Holocrons	Holocrons	entity-page	6	5	no			wiki:Category:Clone_Wars_Campaign_Guide wiki:Category:Jedi_Academy_Training_Manual wiki:The_Blazing_Chain wiki:The_Jedi
568	Mass-Driver_Cannon	Mass-Driver Cannon	entity-page	6	3	no			wiki:Category:Clone_Wars_Campaign_Guide wiki:Category:Weapon_Systems wiki:Starship_Modifications
569	Nym	Nym	entity-page	6	2	no			wiki:Category:Clone_Wars_Campaign_Guide wiki:Organizations
570	The_Naboo_Resistance	The Naboo Resistance	rules-term	6	4	no			wiki:Category:Clone_Wars_Campaign_Guide wiki:Category:Force_Unleashed_Campaign_Guide wiki:Category:Threats_of_the_Galaxy wiki:Category:Web_Enhancements
571	Crix_Madine	Crix Madine	entity-page	6	3	no			wiki:Category:Force_Unleashed_Campaign_Guide wiki:Category:Rebellion_Era_Campaign_Guide wiki:The_New_Republic
572	Grand_Admiral_Thrawn	Grand Admiral Thrawn	entity-page	6	5	no			wiki:Category:Force_Unleashed_Campaign_Guide wiki:Category:Legacy_Era_Campaign_Guide wiki:Category:Rebellion_Era_Campaign_Guide wiki:Category:Unknown_Regions_Campaign_Guide
573	Garm_Bel_Iblis	Garm Bel Iblis	entity-page	6	5	no			wiki:Category:Force_Unleashed_Campaign_Guide wiki:Category:Rebellion_Era_Campaign_Guide wiki:Category:The_Rebellion_Era wiki:Organizations
574	Rahm_Kota	Rahm Kota	entity-page	6	3	no			wiki:Category:Force_Unleashed_Campaign_Guide wiki:Organizations wiki:The_Jedi
575	Guard_Shoto	Guard Shoto	entity-page	6	4	no			wiki:Category:Force_Unleashed_Campaign_Guide wiki:Category:Web_Enhancements wiki:Lightsaber_Combat_Talent_Tree wiki:Lightsabers
576	Shadowports	Shadowports	entity-page	6	5	no			wiki:Category:Force_Unleashed_Campaign_Guide wiki:Category:Legacy_Era_Campaign_Guide wiki:The_Blazing_Chain wiki:The_Tyia
577	Military_Heroes	Military Heroes	entity-page	6	2	no			wiki:Category:Galaxy_at_War wiki:Heroic_Traits
578	Hardware	Hardware	entity-page	6	1	no			wiki:Category:Galaxy_at_War
579	Space_Station	Space Station	entity-page	6	6	no			wiki:Category:Galaxy_at_War wiki:Category:Legacy_Era_Campaign_Guide wiki:Category:Rebellion_Era_Campaign_Guide wiki:Galactic_Gazetteer
580	Intrigue_Campaigns	Intrigue Campaigns	entity-page	6	2	no			wiki:Category:Galaxy_of_Intrigue wiki:Gamemastering
581	Krynda_Draay	Krynda Draay	entity-page	6	2	no			wiki:Category:Knights_of_the_Old_Republic_Campaign_Guide wiki:The_Jedi
582	Onderon	Onderon	entity-page	6	5	no			wiki:Category:Knights_of_the_Old_Republic_Campaign_Guide wiki:Category:The_Old_Republic_Era wiki:Galactic_Gazetteer wiki:Old_Republic_Era_Campaigns
583	Adascorp	Adascorp	entity-page	6	2	no			wiki:Category:Knights_of_the_Old_Republic_Campaign_Guide wiki:Old_Republic_Era_Campaigns
584	The_Infinite_Empire	The Infinite Empire	rules-term	6	4	no			wiki:Category:Knights_of_the_Old_Republic_Campaign_Guide wiki:Old_Republic_Era_Campaigns wiki:Rakata wiki:The_Sith
585	Demagol	Demagol	entity-page	6	2	no			wiki:Category:Knights_of_the_Old_Republic_Campaign_Guide wiki:The_Mandalorians
586	Canderous_Ordo	Canderous Ordo	entity-page	6	4	no			wiki:Category:Knights_of_the_Old_Republic_Campaign_Guide wiki:Category:The_Old_Republic_Era wiki:Old_Republic_Era_Campaigns wiki:The_Mandalorians
587	Legacy_Era_Campaign	Legacy Era Campaign	entity-page	6	1	no	wiki:Category:The_Legacy_Era	variant-name(-1)	wiki:Category:Legacy_Era_Campaign_Guide
588	Stalwart_Subordinates	Stalwart Subordinates	entity-page	6	2	no			wiki:Category:Legacy_Era_Campaign_Guide wiki:Skills
589	Dyspeth	Dyspeth	entity-page	6	3	no			wiki:Category:Legacy_Era_Campaign_Guide wiki:Force_Traditions wiki:The_Disciples_of_Twilight
590	Nat_Skywalker	Nat Skywalker	entity-page	6	2	no			wiki:Category:Legacy_Era_Campaign_Guide wiki:The_Jedi
591	Bastion	Bastion	entity-page	6	2	no			wiki:Category:Legacy_Era_Campaign_Guide wiki:Galactic_Gazetteer
592	Csilla	Csilla	entity-page	6	4	no			wiki:Category:Legacy_Era_Campaign_Guide wiki:Category:Unknown_Regions_Campaign_Guide wiki:Chiss wiki:Galactic_Gazetteer
593	Sriluur	Sriluur	entity-page	6	3	no			wiki:Category:Legacy_Era_Campaign_Guide wiki:Galactic_Gazetteer wiki:Weequay
594	Shadowport	Shadowport	entity-page	6	2	no			wiki:Category:Legacy_Era_Campaign_Guide wiki:Category:Scum_and_Villainy
595	The_Sector_Rangers	The Sector Rangers	rules-term	6	3	no			wiki:Category:Legacy_Era_Campaign_Guide wiki:Category:Threats_of_the_Galaxy wiki:Organizations
596	Wolf_Sazen	Wolf Sazen	entity-page	6	2	no			wiki:Category:Legacy_Era_Campaign_Guide wiki:The_Jedi
597	Simple_Weapon_(Ranged)	Simple Weapon (Ranged)	entity-page	6	6	no	wiki:Category:Simple_Weapons	variant-name(-1)	wiki:Category:Scum_and_Villainy wiki:Kissai wiki:Massassi wiki:Razor_Bug
598	Auxiliary_Generators	Auxiliary Generators	entity-page	6	2	no			wiki:Category:Scum_and_Villainy wiki:Starship_Modifications
599	Hidden_Cargo_Hold	Hidden Cargo Hold	entity-page	6	2	no			wiki:Category:Scum_and_Villainy wiki:Starship_Modifications
600	Holding_Cells	Holding Cells	entity-page	6	2	no			wiki:Category:Scum_and_Villainy wiki:Starship_Modifications
601	Point_Nadir	Point Nadir	entity-page	6	3	no			wiki:Category:Scum_and_Villainy wiki:Force_Traditions wiki:Galactic_Gazetteer
602	Corellian_Slip	Corellian Slip	entity-page	6	2	no			wiki:Category:Starships_of_the_Galaxy wiki:Starship_Maneuvers
603	The_Killik_Hives	The Killik Hives	rules-term	6	3	no	wiki:Killik	variant-name(-1)	wiki:Category:The_New_Jedi_Order_Era wiki:Category:Unknown_Regions_Campaign_Guide wiki:Killik
604	Lightwhip	Lightwhip	entity-page	6	3	no			wiki:Category:Threats_of_the_Galaxy wiki:Category:Web_Enhancements wiki:Lightsabers
605	O'reen	O'reen	entity-page	6	3	no			wiki:Category:Unknown_Regions_Campaign_Guide wiki:Galactic_Gazetteer wiki:O'reenian
606	Collisions	Collisions	entity-page	6	5	no			wiki:Category:Vehicles wiki:Combat wiki:Military_Engineer_Talent_Tree wiki:Unified_Squadron
607	Cannon_Enhancements	Cannon Enhancements	entity-page	6	3	no			wiki:Category:Weapon_Systems wiki:Category:Web_Enhancements wiki:Starship_Modifications
608	Fire-Linked_Weapon	Fire-Linked Weapon	entity-page	6	2	no			wiki:Category:Weapon_Systems wiki:Starship_Modifications
609	Grenade_Launcher	Grenade Launcher	entity-page	6	4	no	wiki:Grenades	variant-name(-1)	wiki:Category:Web_Enhancements wiki:Gamemastering wiki:Heavy_Weapons wiki:Rank_and_Privilege
610	Vergere	Vergere	entity-page	6	4	no			wiki:Category:Web_Enhancements wiki:Darth_Krayt wiki:Philosophy wiki:The_Sith
611	Elusive_Target	Elusive Target	entity-page	6	3	no			wiki:Category:Web_Enhancements wiki:Jedi wiki:The_Blazing_Chain
612	Blaster_Pistols	Blaster Pistols	entity-page	6	4	no			wiki:Category:Web_Enhancements wiki:Full_Attacks wiki:Introduction wiki:Rank_and_Privilege
613	Readied	Readied	entity-page	6	3	no			wiki:Category:Web_Enhancements wiki:Combat wiki:Organizations
614	Break_DC	Break DC	entity-page	6	3	no			wiki:Category:Web_Enhancements wiki:Force_Thrust wiki:Move_Object
615	Upgrade_Slots	Upgrade Slots	entity-page	6	1	no			wiki:Category:Web_Enhancements
616	Weapon_Focus_(Simple_Weapons)	Weapon Focus (Simple Weapons)	entity-page	6	4	no	wiki:Weapon_Focus	variant-name(-2)	wiki:Category:Web_Enhancements wiki:Order_of_Shasa_Talent_Tree wiki:Weapon_Master_Talent_Tree wiki:Zeison_Sha_Warrior_Talent_Tree
617	Penetrating_Attack	Penetrating Attack	entity-page	6	3	no			wiki:Category:Web_Enhancements wiki:Unleashed_Abilities wiki:Weapon_Master_Talent_Tree
618	Connections	Connections	entity-page	6	1	no			wiki:Category:Web_Enhancements
619	Skill_Focus_(Perception)	Skill Focus (Perception)	rules-term	6	5	no	wiki:Skill_Focus	variant-name(-1)	wiki:Category:Web_Enhancements wiki:Mon_Calamari wiki:Sakiyan wiki:Shistavanen
620	Delays	Delays	entity-page	6	1	no			wiki:Category:Web_Enhancements
621	Charlatan_Talent	Charlatan Talent	entity-page	6	1	no	wiki:Charlatan	variant-name(-1)	wiki:Charlatan
622	Soresu	Soresu	entity-page	6	3	no			wiki:Circle_of_Shelter wiki:Deflecting_Slash wiki:Force_Powers
623	Corporate_Agent_Talent	Corporate Agent Talent	entity-page	6	1	no	wiki:Corporate_Agent	variant-name(-1)	wiki:Corporate_Agent
624	Devastating_Power	Devastating Power	entity-page	6	2	no			wiki:Darth_Krayt wiki:The_Force
625	Distant_Power	Distant Power	entity-page	6	2	no			wiki:Darth_Krayt wiki:The_Force
626	Multitarget_Power	Multitarget Power	entity-page	6	2	no			wiki:Darth_Krayt wiki:The_Force
627	Shaped_Power	Shaped Power	entity-page	6	2	no			wiki:Darth_Krayt wiki:The_Force
628	Improved_Force_Trance	Improved Force Trance	entity-page	6	2	no			wiki:Darth_Krayt wiki:The_Force
629	Replacement_Body_Part	Replacement Body Part	entity-page	6	2	no			wiki:Darth_Krayt wiki:General_Equipment
630	Shii-Cho	Shii-Cho	entity-page	6	3	no			wiki:Disarming_Slash wiki:Force_Powers wiki:Sarlacc_Sweep
631	Ataru	Ataru	entity-page	6	3	no			wiki:Force_Powers wiki:Hawk-Bat_Swoop wiki:Saber_Swarm
632	Trakata	Trakata	entity-page	6	3	no			wiki:Force_Powers wiki:Pass_the_Blade wiki:Unbalancing_Block
633	Code_Cylinder	Code Cylinder	entity-page	6	3	no			wiki:Gamemastering wiki:General_Equipment wiki:Use_Computer
634	Gladiator_Talent	Gladiator Talent	entity-page	6	1	no	wiki:Gladiator	variant-name(-1)	wiki:Gladiator
635	Kinyen	Kinyen	entity-page	6	1	no			wiki:Gran
636	Gunslinger_Talent	Gunslinger Talent	entity-page	6	1	no	wiki:Gunslinger	variant-name(-1)	wiki:Gunslinger
637	Imperial_Knight_Talent	Imperial Knight Talent	entity-page	6	1	no	wiki:Imperial_Knight	variant-name(-1)	wiki:Imperial_Knight
638	Improvised_Weapons	Improvised Weapons	entity-page	6	5	no			wiki:Improvised_Weapon_Mastery wiki:Jedi_Weapon_Master_Talent_Tree wiki:Ranged_Attacks wiki:Scout_Bonus_Feats
639	Improviser_Talent	Improviser Talent	entity-page	6	1	no	wiki:Improviser	variant-name(-1)	wiki:Improviser
640	Independent_Droid_Talent	Independent Droid Talent	entity-page	6	1	no	wiki:Independent_Droid	variant-name(-1)	wiki:Independent_Droid
641	Infiltrator_Talent	Infiltrator Talent	entity-page	6	1	no	wiki:Infiltrator	variant-name(-1)	wiki:Infiltrator
642	Jedi_Knight_Talent	Jedi Knight Talent	entity-page	6	1	no	wiki:Jedi_Knight	variant-name(-1)	wiki:Jedi_Knight
643	Martial_Arts_Master_Talent	Martial Arts Master Talent	entity-page	6	1	no	wiki:Martial_Arts_Master	variant-name(-1)	wiki:Martial_Arts_Master
644	Master_Privateer_Talent	Master Privateer Talent	entity-page	6	1	no	wiki:Master_Privateer	variant-name(-1)	wiki:Master_Privateer
645	Medic_Talent	Medic Talent	entity-page	6	1	no	wiki:Medic	variant-name(-1)	wiki:Medic
646	Medical_Secret	Medical Secret	entity-page	6	1	no			wiki:Medic
647	Melee_Duelist_Talent	Melee Duelist Talent	entity-page	6	1	no	wiki:Melee_Duelist	variant-name(-1)	wiki:Melee_Duelist
648	Military_Engineer_Talent	Military Engineer Talent	entity-page	6	1	no	wiki:Military_Engineer	variant-name(-1)	wiki:Military_Engineer
649	Mrlsst	Mrlsst	entity-page	6	1	no			wiki:Mrlssi
650	Officer_Talent	Officer Talent	entity-page	6	1	no	wiki:Officer	variant-name(-1)	wiki:Officer
651	Outlaw_Talent	Outlaw Talent	entity-page	6	1	no	wiki:Outlaw	variant-name(-1)	wiki:Outlaw
652	Pathfinder_Talent	Pathfinder Talent	entity-page	6	1	no	wiki:Pathfinder	variant-name(-1)	wiki:Pathfinder
653	Eellayin	Eellayin	entity-page	6	1	no			wiki:Polis_Massan
654	Saboteur_Talent	Saboteur Talent	entity-page	6	1	no	wiki:Saboteur	variant-name(-1)	wiki:Saboteur
655	Shaper_Talent	Shaper Talent	entity-page	6	1	no	wiki:Shaper	variant-name(-1)	wiki:Shaper
656	Sith_Apprentice_Talent	Sith Apprentice Talent	entity-page	6	1	no	wiki:Sith_Apprentice	variant-name(-1)	wiki:Sith_Apprentice
657	Avoid_Collision	Avoid Collision	entity-page	6	2	no			wiki:Unified_Squadron wiki:Use_Computer
658	Vanguard_Talent	Vanguard Talent	entity-page	6	1	no	wiki:Vanguard	variant-name(-1)	wiki:Vanguard
659	Astrogate	Astrogate	entity-page	5	5	no			wiki:2nd-Degree_Droid_Talent_Tree wiki:Hyperblazer wiki:Hyperspace_Explorer_Talent_Tree wiki:Sense_Talent_Tree
660	IG-Series_Lancer_Droid	IG-Series Lancer Droid	entity-page	5	3	no			wiki:4th-Degree_Droids wiki:Category:Clone_Wars_Campaign_Guide wiki:Category:Threats_of_the_Galaxy
661	Gamble	Gamble	entity-page	5	4	no			wiki:Abilities wiki:Deception wiki:Fortune_Talent_Tree wiki:Herglic
662	High_Gravity	High Gravity	entity-page	5	4	no			wiki:Acrobatics wiki:Climb wiki:Defel wiki:Galactic_Gazetteer
663	Low_Objects	Low Objects	entity-page	5	4	no			wiki:Acrobatics wiki:Charge wiki:Ride wiki:Speed
664	Improved_Sense_Surroundings	Improved Sense Surroundings	entity-page	5	5	no			wiki:Actions wiki:Category:Web_Enhancements wiki:Line_of_Sight wiki:The_Force
665	Second_Winds	Second Winds	entity-page	5	4	no			wiki:Advanced_Medicine_Talent_Tree wiki:Category:Web_Enhancements wiki:Unstoppable_Combatant wiki:Warrior_Talent_Tree
666	Fold_Space	Fold Space	entity-page	5	4	yes			wiki:Aing-Tii_Monk_Talent_Tree wiki:Category:Jedi_Academy_Training_Manual wiki:Force_Powers wiki:The_Aing-Tii_Monks
667	Immobilized	Immobilized	entity-page	5	5	no			wiki:Aing-Tii_Monk_Talent_Tree wiki:Awareness_Talent_Tree wiki:Beast wiki:Force_Whirlwind
668	Star_Wars_Miniatures_Previews	Star Wars Miniatures Previews	entity-page	5	5	no			wiki:Amani wiki:Category:Force_Spirits wiki:Dark_Transfer wiki:Thud_Bug
669	Light_Weapons	Light Weapons	entity-page	5	5	no			wiki:Attacks wiki:Brawler_Talent_Tree wiki:Category:Web_Enhancements wiki:Melee_Attacks
670	Reprogram	Reprogram	entity-page	5	4	no			wiki:Autonomy_Talent_Tree wiki:Category:Scavenger's_Guide_to_Droids wiki:Category:Web_Enhancements wiki:Specialized_Droid_Talent_Tree
671	Reprogramming	Reprogramming	entity-page	5	3	no			wiki:Autonomy_Talent_Tree wiki:Category:Web_Enhancements wiki:Specialized_Droid_Talent_Tree
672	Use_Sensors	Use Sensors	entity-page	5	5	no			wiki:Awareness_Talent_Tree wiki:Hyperspace_Explorer_Talent_Tree wiki:Pilot wiki:Sense_Talent_Tree
673	Sense_Influence	Sense Influence	entity-page	5	5	no			wiki:Backgrounds wiki:Nautolan wiki:Order_of_Shasa_Talent_Tree wiki:Sense_Talent_Tree
674	Search_Your_Feelings	Search Your Feelings	entity-page	5	5	no			wiki:Baran_Do_Sage_Talent_Tree wiki:Guardian_Spirit_Talent_Tree wiki:Kel_Dor wiki:Luka_Sene_Talent_Tree
675	Amphistaffs	Amphistaffs	entity-page	5	3	no			wiki:Biotech_General_Template wiki:Category:Legacy_Era_Campaign_Guide wiki:Yuuzhan_Vong
676	Learn_Secret_Information	Learn Secret Information	entity-page	5	5	no			wiki:Bothan wiki:Bounty_Hunter_Talent_Tree wiki:Confident_Success wiki:Ryn
677	Skako	Skako	entity-page	5	4	no			wiki:Category:Clone_Wars_Campaign_Guide wiki:Category:Web_Enhancements wiki:Galactic_Gazetteer wiki:Skakoan
678	Moappa	Moappa	entity-page	5	1	no			wiki:Category:Clone_Wars_Campaign_Guide
679	ExplorCorps	ExplorCorps	entity-page	5	3	no			wiki:Category:Clone_Wars_Campaign_Guide wiki:Force_Traditions wiki:The_Jedi
680	OOM-Series_Battle_Droids	OOM-Series Battle Droids	entity-page	5	1	no			wiki:Category:Clone_Wars_Campaign_Guide
681	MTT	MTT	entity-page	5	2	no			wiki:Category:Clone_Wars_Campaign_Guide wiki:Speeders
682	The_Lok_Revenants	The Lok Revenants	rules-term	5	2	no			wiki:Category:Clone_Wars_Campaign_Guide wiki:Organizations
683	Dagobah	Dagobah	entity-page	5	5	no			wiki:Category:Force_Unleashed_Campaign_Guide wiki:Category:Web_Enhancements wiki:Galactic_Gazetteer wiki:Gamemastering
684	Centares	Centares	entity-page	5	2	no			wiki:Category:Force_Unleashed_Campaign_Guide wiki:Category:Web_Enhancements
685	Felucian	Felucian	entity-page	5	4	yes			wiki:Category:Force_Unleashed_Campaign_Guide wiki:Force_Traditions wiki:Skill_Challenges wiki:Species
686	Discovery	Discovery	entity-page	5	5	no			wiki:Category:Force_Unleashed_Campaign_Guide wiki:Category:Web_Enhancements wiki:Destiny wiki:The_Sith
687	Kazdan_Paratus	Kazdan Paratus	entity-page	5	2	no			wiki:Category:Force_Unleashed_Campaign_Guide wiki:The_Jedi
688	Raxus_Prime	Raxus Prime	entity-page	5	4	no			wiki:Category:Force_Unleashed_Campaign_Guide wiki:Galactic_Gazetteer wiki:Independent_Droid wiki:The_Jedi
689	Shaak_Ti	Shaak Ti	entity-page	5	3	no			wiki:Category:Force_Unleashed_Campaign_Guide wiki:The_Felucian_Shamans wiki:The_Jedi
690	Power_of_the_Dark_Side	Power of the Dark Side	entity-page	5	4	no			wiki:Category:Force_Unleashed_Campaign_Guide wiki:Category:Web_Enhancements wiki:The_Force wiki:The_Sith
691	Force_Blast	Force Blast	entity-page	5	5	yes	wiki:The_Force	variant-name(-1)	wiki:Category:Force_Unleashed_Campaign_Guide wiki:Dark_Side_Talent_Tree wiki:Force_Powers wiki:The_Felucian_Shamans
692	Corellian_Corvette	Corellian Corvette	entity-page	5	4	no			wiki:Category:Force_Unleashed_Campaign_Guide wiki:Category:Rebellion_Era_Campaign_Guide wiki:Category:Starships_of_the_Galaxy wiki:Defenses
693	Salliche	Salliche	entity-page	5	2	no			wiki:Category:Force_Unleashed_Campaign_Guide wiki:Galactic_Gazetteer
694	Prince_Xizor	Prince Xizor	entity-page	5	3	no			wiki:Category:Force_Unleashed_Campaign_Guide wiki:Category:Rebellion_Era_Campaign_Guide wiki:Organizations
695	Eriadu	Eriadu	entity-page	5	5	no			wiki:Category:Force_Unleashed_Campaign_Guide wiki:Category:Knights_of_the_Old_Republic_Campaign_Guide wiki:Galactic_Gazetteer wiki:Gear_Templates
696	House_Organa	House Organa	entity-page	5	3	no			wiki:Category:Force_Unleashed_Campaign_Guide wiki:Category:Threats_of_the_Galaxy wiki:Organizations
697	Military_Campaigns	Military Campaigns	entity-page	5	2	no			wiki:Category:Galaxy_at_War wiki:Gamemastering
698	Dogfights	Dogfights	entity-page	5	4	no			wiki:Category:Galaxy_of_Intrigue wiki:Category:Web_Enhancements wiki:Skill_Challenges wiki:Starship_Maneuvers
699	The_Hapes_Consortium	The Hapes Consortium	rules-term	5	3	no			wiki:Category:Galaxy_of_Intrigue wiki:Category:Legacy_Era_Campaign_Guide wiki:Sakiyan
700	Madilon	Madilon	entity-page	5	1	no			wiki:Category:Galaxy_of_Intrigue
701	Power_of_the_Force	Power of the Force	entity-page	5	1	no			wiki:Category:Jedi_Academy_Training_Manual
702	Sith_Artifacts	Sith Artifacts	entity-page	5	3	no	wiki:The_Sith	variant-name(-1)	wiki:Category:Jedi_Academy_Training_Manual wiki:General_Equipment wiki:The_Krath
703	Primitive_Block	Primitive Block	entity-page	5	2	no			wiki:Category:Knights_of_the_Old_Republic_Campaign_Guide wiki:Pass_the_Blade
704	Fira	Fira	entity-page	5	3	no			wiki:Category:Knights_of_the_Old_Republic_Campaign_Guide wiki:Order_of_Shasa_Talent_Tree wiki:The_Order_of_Shasa
705	Sith_Lanvarok	Sith Lanvarok	entity-page	5	3	no	wiki:The_Sith	variant-name(-1)	wiki:Category:Knights_of_the_Old_Republic_Campaign_Guide wiki:Category:Web_Enhancements wiki:The_Sith
706	Upgrade_Slot	Upgrade Slot	entity-page	5	4	no			wiki:Category:Knights_of_the_Old_Republic_Campaign_Guide wiki:Category:Web_Enhancements wiki:Cybernetic_Prosthesis wiki:Tech_Specialist
707	Bothan_Weapon_Template	Bothan Weapon Template	entity-page	5	3	no	wiki:Bothan	variant-name(-2)	wiki:Category:Knights_of_the_Old_Republic_Campaign_Guide wiki:Category:Web_Enhancements wiki:Gear_Templates
708	Lhosan_Industries	Lhosan Industries	entity-page	5	3	no			wiki:Category:Knights_of_the_Old_Republic_Campaign_Guide wiki:Old_Republic_Era_Campaigns wiki:Taris
709	Telos_IV	Telos IV	entity-page	5	5	no			wiki:Category:Knights_of_the_Old_Republic_Campaign_Guide wiki:Category:Legacy_Era_Campaign_Guide wiki:Category:The_Old_Republic_Era wiki:Galactic_Gazetteer
710	Freedon_Nadd	Freedon Nadd	entity-page	5	3	no			wiki:Category:Knights_of_the_Old_Republic_Campaign_Guide wiki:The_Krath wiki:The_Sith
711	Ziost	Ziost	entity-page	5	3	no			wiki:Category:Knights_of_the_Old_Republic_Campaign_Guide wiki:Kissai wiki:Massassi
712	Sith_Alchemical_Weapon_Template	Sith Alchemical Weapon Template	entity-page	5	5	no	wiki:The_Sith	variant-name(-3)	wiki:Category:Knights_of_the_Old_Republic_Campaign_Guide wiki:Category:Web_Enhancements wiki:Destiny wiki:Gear_Templates
713	Darth_Traya	Darth Traya	entity-page	5	4	no			wiki:Category:Knights_of_the_Old_Republic_Campaign_Guide wiki:Category:The_Old_Republic_Era wiki:Old_Republic_Era_Campaigns wiki:The_Sith
714	Serroco	Serroco	entity-page	5	4	no			wiki:Category:Knights_of_the_Old_Republic_Campaign_Guide wiki:Category:The_Old_Republic_Era wiki:Old_Republic_Era_Campaigns wiki:Stereb
715	Mandalore	Mandalore	entity-page	5	3	no			wiki:Category:Knights_of_the_Old_Republic_Campaign_Guide wiki:Taung wiki:The_Mandalorians
716	The_Ebon_Hawk	The Ebon Hawk	rules-term	5	5	no			wiki:Category:Knights_of_the_Old_Republic_Campaign_Guide wiki:Category:Starships_of_the_Galaxy wiki:Category:Web_Enhancements wiki:Old_Republic_Era_Campaigns
717	Legacy_Era_Campaigns	Legacy Era Campaigns	entity-page	5	2	no	wiki:Category:The_Legacy_Era	variant-name(-1)	wiki:Category:Legacy_Era_Campaign_Guide wiki:Gamemastering
718	Biotech_Tool_Kit	Biotech Tool Kit	entity-page	5	4	no			wiki:Category:Legacy_Era_Campaign_Guide wiki:General_Equipment wiki:Shaper wiki:Treat_Injury
719	Munto_Codru	Munto Codru	entity-page	5	3	no			wiki:Category:Legacy_Era_Campaign_Guide wiki:Codru-Ji wiki:Galactic_Gazetteer
720	Socorro	Socorro	entity-page	5	3	no			wiki:Category:Legacy_Era_Campaign_Guide wiki:Galactic_Gazetteer wiki:Languages
721	Gar_Stazi	Gar Stazi	entity-page	5	2	no			wiki:Category:Legacy_Era_Campaign_Guide wiki:Category:The_Legacy_Era
722	The_Imperial_Mission	The Imperial Mission	rules-term	5	1	no			wiki:Category:Legacy_Era_Campaign_Guide
723	Joker_Squad	Joker Squad	entity-page	5	1	no			wiki:Category:Legacy_Era_Campaign_Guide
724	Yuuzhan_Vong_Biotechnology	Yuuzhan Vong Biotechnology	entity-page	5	5	no	wiki:Yuuzhan_Vong	variant-name(-1)	wiki:Category:Legacy_Era_Campaign_Guide wiki:Category:The_Legacy_Era wiki:Talents wiki:The_Jedi
725	Shado_Vao	Shado Vao	entity-page	5	3	no			wiki:Category:Legacy_Era_Campaign_Guide wiki:Category:Web_Enhancements wiki:The_Jedi
726	Brogar	Brogar	entity-page	5	1	no			wiki:Category:Legacy_Era_Campaign_Guide
727	Rav	Rav	entity-page	5	1	no			wiki:Category:Legacy_Era_Campaign_Guide
728	Tractor_Beam	Tractor Beam	entity-page	5	5	no			wiki:Category:Legacy_Era_Campaign_Guide wiki:Category:Vehicles wiki:Category:Weapon_Systems wiki:Combat
729	Starkiller	Starkiller	entity-page	5	1	no			wiki:Category:Rebellion_Era_Campaign_Guide
730	Weapon_Emplacements	Weapon Emplacements	entity-page	5	4	no	wiki:Category:Weapons	variant-name(-1)	wiki:Category:Rebellion_Era_Campaign_Guide wiki:Category:Vehicles wiki:Combat wiki:The_New_Republic
731	5th-Degree	5th-Degree	entity-page	5	2	no			wiki:Category:Scavenger's_Guide_to_Droids wiki:Category:Threats_of_the_Galaxy
732	Fighter_Groups	Fighter Groups	entity-page	5	3	no			wiki:Category:Starships wiki:Category:Vehicles wiki:Combat
733	Talent_Tree	Talent Tree	rules-term	5	3	no	wiki:Talents	variant-name(-1)	wiki:Category:Tradition_Talent_Trees wiki:Category:Web_Enhancements wiki:The_Force
734	The_Ssi-Ruuvi_Imperium	The Ssi-Ruuvi Imperium	rules-term	5	3	no			wiki:Category:Unknown_Regions_Campaign_Guide wiki:Ssi-Ruu wiki:Tof
735	Glowing_Defoliators	Glowing Defoliators	entity-page	5	3	no			wiki:Category:Weapon_Systems wiki:Category:Web_Enhancements wiki:Starship_Modifications
736	Ion_Grenade	Ion Grenade	entity-page	5	4	no			wiki:Category:Web_Enhancements wiki:Disabler wiki:Gamemastering wiki:Grenades
737	Devaron	Devaron	entity-page	5	3	no			wiki:Category:Web_Enhancements wiki:Devaronian wiki:Galactic_Gazetteer
738	Short_Lightsaber	Short Lightsaber	entity-page	5	4	no			wiki:Category:Web_Enhancements wiki:Destiny wiki:Lightsaber_Combat_Talent_Tree wiki:Lightsabers
739	Utility_Belt	Utility Belt	entity-page	5	4	no			wiki:Category:Web_Enhancements wiki:General_Equipment wiki:The_Sith wiki:Trianii
740	Glow_Rod	Glow Rod	entity-page	5	4	no			wiki:Category:Web_Enhancements wiki:General_Equipment wiki:The_Sith wiki:Visibility
741	Force_Pilot	Force Pilot	entity-page	5	2	no	wiki:The_Force	variant-name(-1)	wiki:Category:Web_Enhancements wiki:The_Wardens_of_the_Sky
742	One-Handed	One-Handed	entity-page	5	4	no			wiki:Category:Web_Enhancements wiki:Kinetic_Combat wiki:Weapon_Finesse wiki:Weapon_Focus
743	Sporting_Blaster_Rifle	Sporting Blaster Rifle	entity-page	5	4	no			wiki:Category:Web_Enhancements wiki:Rifles wiki:Siang_Lance wiki:Sport_Hunter
744	Sleight_of_Hand	Sleight of Hand	entity-page	5	4	no			wiki:Category:Web_Enhancements wiki:Improved_Sleight_of_Hand wiki:Quick_Draw wiki:Scoundrel_Bonus_Feats
745	Dark_Side_Transgression	Dark Side Transgression	entity-page	5	1	no			wiki:Category:Web_Enhancements
746	Equilibrium	Equilibrium	entity-page	5	2	no			wiki:Category:Web_Enhancements wiki:The_Matukai
747	Frag_Grenade	Frag Grenade	entity-page	5	5	no			wiki:Category:Web_Enhancements wiki:Grenades wiki:Master_Scout_Talent_Tree wiki:Military_Engineer_Talent_Tree
748	Weapon_Batteries	Weapon Batteries	entity-page	5	2	no	wiki:Category:Weapons	variant-name(-1)	wiki:Category:Web_Enhancements wiki:Naval_Officer_Talent_Tree
749	Locomotion_System	Locomotion System	entity-page	5	4	no			wiki:Category:Web_Enhancements wiki:Character_Creation wiki:Military_Engineer_Talent_Tree wiki:Specialized_Droid_Talent_Tree
750	Devastating_Attack	Devastating Attack	entity-page	5	4	no			wiki:Category:Web_Enhancements wiki:The_Wardens_of_the_Sky wiki:Unleashed_Abilities wiki:Weapon_Master_Talent_Tree
751	Vacuum	Vacuum	entity-page	5	5	no			wiki:Category:Web_Enhancements wiki:Galactic_Gazetteer wiki:Givin wiki:Shard
752	Suffocate	Suffocate	entity-page	5	5	no			wiki:Celegian wiki:Gand wiki:Kel_Dor wiki:Skakoan
753	Disgrace_Talent_Tree	Disgrace Talent Tree	entity-page	5	4	yes			wiki:Charlatan wiki:Heroic_Classes wiki:Outlaw wiki:Talents
754	Zolanders	Zolanders	entity-page	5	1	no			wiki:Clawdite
755	Full_Stop	Full Stop	entity-page	5	5	no			wiki:Combat wiki:Defenses wiki:Full_Attacks wiki:Hit_Points
756	Homebrew_Content	Homebrew Content	entity-page	5	5	no			wiki:Cryokinesis wiki:Mandalorian_Warrior_Talent_Tree wiki:Order_of_Shasa_Talent_Tree wiki:Survivor_Talent_Tree
757	Category:Rules_Legal	Category:Rules Legal	category-index	5	5	no			wiki:Cryokinesis wiki:Mandalorian_Warrior_Talent_Tree wiki:Order_of_Shasa_Talent_Tree wiki:Survivor_Talent_Tree
758	Category:Untested	Category:Untested	category-index	5	5	no			wiki:Cryokinesis wiki:Mandalorian_Warrior_Talent_Tree wiki:Order_of_Shasa_Talent_Tree wiki:Survivor_Talent_Tree
759	Dark_Side_Adept	Dark Side Adept	entity-page	5	1	no			wiki:Darth_Krayt
760	Dark_Side_Master	Dark Side Master	entity-page	5	1	no			wiki:Darth_Krayt
761	Skill_Focus_(Use_the_Force)	Skill Focus (Use the Force)	rules-term	5	1	no	wiki:Skill_Focus	variant-name(-3)	wiki:Darth_Krayt
762	Self-Built	Self-Built	entity-page	5	1	no			wiki:Darth_Krayt
763	Enhanced_Vision	Enhanced Vision	entity-page	5	1	no			wiki:Darth_Krayt
764	Blind	Blind	entity-page	5	3	no			wiki:Defel wiki:Kel_Dor wiki:Line_of_Sight
765	Ion_Rifle	Ion Rifle	entity-page	5	3	no			wiki:Disabler wiki:Rank_and_Privilege wiki:Rifles
766	Portable_Computer	Portable Computer	entity-page	5	3	no			wiki:General_Equipment wiki:Rank_and_Privilege wiki:Sabotage_Talent_Tree
767	Sith_Amulet	Sith Amulet	entity-page	5	2	no	wiki:The_Sith	variant-name(-1)	wiki:General_Equipment wiki:Sith_Alchemy_Talent_Tree
768	Saga_Edition_Conversion_Guide	Saga Edition Conversion Guide	entity-page	5	5	no			wiki:Geonosian wiki:Jawa wiki:Kaminoan wiki:Noghri
769	Used	Used	entity-page	5	3	no			wiki:Hit_Points wiki:Rank_and_Privilege wiki:Starship_Modifications
770	Fast_Surge	Fast Surge	entity-page	5	5	yes			wiki:Jedi_Bonus_Feats wiki:Noble_Bonus_Feats wiki:Scoundrel_Bonus_Feats wiki:Scout_Bonus_Feats
771	Bonuses	Bonuses	entity-page	5	5	no			wiki:Leadership_Talent_Tree wiki:Martial_Arts_I wiki:Martial_Arts_II wiki:Martial_Arts_III
772	Ord_Mantell	Ord Mantell	entity-page	5	1	no			wiki:Mantellian_Savrip
773	Mine	Mine	entity-page	5	4	no			wiki:Master_Scout_Talent_Tree wiki:Military_Engineer_Talent_Tree wiki:Republic_Commando_Talent_Tree wiki:Sabotage_Talent_Tree
774	Dark_Armor	Dark Armor	entity-page	5	2	no			wiki:Medium_Armor wiki:Sith_Alchemy_Talent_Tree
775	Field_Kits	Field Kits	entity-page	5	1	no			wiki:Rank_and_Privilege
776	Encumbered	Encumbered	entity-page	5	2	no			wiki:Ryn wiki:Slow
777	Maneuvering_Jets	Maneuvering Jets	entity-page	5	1	no			wiki:Starship_Modifications
778	Transponder	Transponder	entity-page	5	1	no			wiki:Starship_Modifications
779	NR-1100_Slicer_Droid	NR-1100 Slicer Droid	entity-page	4	3	no			wiki:2nd-Degree_Droids wiki:Category:Galaxy_of_Intrigue wiki:The_New_Republic
780	Target_Lock	Target Lock	entity-page	4	3	no			wiki:4th-Degree_Droid_Talent_Tree wiki:Category:Starships_of_the_Galaxy wiki:Starship_Maneuvers
781	SD-6_"Hulk"_Infantry_Droid	SD-6 "Hulk" Infantry Droid	entity-page	4	3	no			wiki:4th-Degree_Droids wiki:Category:Threats_of_the_Galaxy wiki:The_New_Republic
782	Juggernaut_War_Droid	Juggernaut War Droid	entity-page	4	3	no			wiki:4th-Degree_Droids wiki:Category:Knights_of_the_Old_Republic_Campaign_Guide wiki:The_Iron_Knights
783	Phase_II_Dark_Trooper	Phase II Dark Trooper	entity-page	4	3	no	wiki:Phase	variant-name(-3)	wiki:4th-Degree_Droids wiki:Category:Rebellion_Era_Campaign_Guide wiki:Heavy_Armor
784	Phase_III_Dark_Trooper	Phase III Dark Trooper	entity-page	4	3	no	wiki:Phase	variant-name(-3)	wiki:4th-Degree_Droids wiki:Category:Rebellion_Era_Campaign_Guide wiki:Heavy_Armor
785	Atmosphere	Atmosphere	entity-page	4	4	no			wiki:5th-Degree_Droid_Talent_Tree wiki:Category:Web_Enhancements wiki:Mechanics wiki:Shard
786	Acid	Acid	entity-page	4	3	no			wiki:5th-Degree_Droid_Talent_Tree wiki:Beast wiki:Force_Storm
787	Gambling	Gambling	entity-page	4	3	no			wiki:Abilities wiki:Deception wiki:Herglic
788	Low_Gravity	Low Gravity	entity-page	4	4	no			wiki:Acrobatics wiki:Climb wiki:Galactic_Gazetteer wiki:Spacer_Talent_Tree
789	Flanking	Flanking	entity-page	4	3	no			wiki:Assassin_Talent_Tree wiki:Gunslinger_Talent_Tree wiki:Trooper_Talent_Tree
790	Favorable_Circumstances	Favorable Circumstances	entity-page	4	4	no			wiki:Backgrounds wiki:Barabel wiki:Caamasi wiki:Lasting_Influence
791	Core_World	Core World	entity-page	4	4	no			wiki:Balosar wiki:Category:Force_Unleashed_Campaign_Guide wiki:Category:Knights_of_the_Old_Republic_Campaign_Guide wiki:Category:Legacy_Era_Campaign_Guide
792	Tauntaun	Tauntaun	entity-page	4	3	no			wiki:Beast wiki:Category:Web_Enhancements wiki:Ride
793	Sensor_Pack	Sensor Pack	entity-page	4	4	no			wiki:Biotech_Specialist wiki:Category:Bio-Implants wiki:General_Equipment wiki:Improviser_Talent_Tree
794	Batorine	Batorine	entity-page	4	1	no			wiki:Blood_Carver
795	Restricted_Items	Restricted Items	entity-page	4	4	no			wiki:Bothan_SpyNet_Talent_Tree wiki:Noble_Bonus_Feats wiki:Scoundrel_Bonus_Feats wiki:Starship_Modifications
796	Club	Club	entity-page	4	3	no			wiki:Brawler_Talent_Tree wiki:Simple_Weapons_(Melee) wiki:Tof
797	Vibrobayonet	Vibrobayonet	entity-page	4	1	no			wiki:Brawler_Talent_Tree
798	Improved_Armored_Defense	Improved Armored Defense	entity-page	4	3	no			wiki:Category:Armor wiki:Category:Web_Enhancements wiki:Knight's_Armor_Talent_Tree
799	Stormtrooper_Armor	Stormtrooper Armor	entity-page	4	4	no			wiki:Category:Armor wiki:Category:Knights_of_the_Old_Republic_Campaign_Guide wiki:Category:Legacy_Era_Campaign_Guide wiki:Light_Armor
800	Credit_Chip	Credit Chip	entity-page	4	4	no			wiki:Category:Bio-Implants wiki:Category:Legacy_Era_Campaign_Guide wiki:Gamemastering wiki:General_Equipment
801	Enhanced_Vision_Bio-Implant	Enhanced Vision Bio-Implant	entity-page	4	3	no			wiki:Category:Bio-Implants wiki:Category:Legacy_Era_Campaign_Guide wiki:General_Equipment
802	Clone_Wars_Campaigns	Clone Wars Campaigns	entity-page	4	3	no	wiki:Category:The_Clone_Wars	variant-name(-1)	wiki:Category:Clone_Wars_Campaign_Guide wiki:Category:The_Clone_Wars wiki:Gamemastering
803	Expert_Pilot_Talent_Tree	Expert Pilot Talent Tree	entity-page	4	3	yes			wiki:Category:Clone_Wars_Campaign_Guide wiki:Squadron_Leader_Talent_Tree wiki:Talents
804	Glee_Anselm	Glee Anselm	entity-page	4	3	no			wiki:Category:Clone_Wars_Campaign_Guide wiki:Galactic_Gazetteer wiki:Nautolan
805	Iktotch	Iktotch	entity-page	4	3	no			wiki:Category:Clone_Wars_Campaign_Guide wiki:Galactic_Gazetteer wiki:Iktotchi
806	Kalee	Kalee	entity-page	4	3	no			wiki:Category:Clone_Wars_Campaign_Guide wiki:Galactic_Gazetteer wiki:Kaleesh
807	Kerkoidia	Kerkoidia	entity-page	4	3	no			wiki:Category:Clone_Wars_Campaign_Guide wiki:Galactic_Gazetteer wiki:Kerkoiden
808	Sembla	Sembla	entity-page	4	3	no			wiki:Category:Clone_Wars_Campaign_Guide wiki:Galactic_Gazetteer wiki:Vurk
809	Kit_Fisto	Kit Fisto	entity-page	4	3	no			wiki:Category:Clone_Wars_Campaign_Guide wiki:Nautolan wiki:The_Jedi
810	Chancellor_Palpatine	Chancellor Palpatine	entity-page	4	2	no			wiki:Category:Clone_Wars_Campaign_Guide wiki:Category:Rebellion_Era_Campaign_Guide
811	AgriCorps	AgriCorps	entity-page	4	4	no			wiki:Category:Clone_Wars_Campaign_Guide wiki:Category:The_Rise_of_the_Empire_Era wiki:Force_Traditions wiki:The_Jedi
812	MedCorps	MedCorps	entity-page	4	4	no			wiki:Category:Clone_Wars_Campaign_Guide wiki:Category:The_Rise_of_the_Empire_Era wiki:Force_Traditions wiki:The_Jedi
813	Galidraan	Galidraan	entity-page	4	3	no			wiki:Category:Clone_Wars_Campaign_Guide wiki:The_Bando_Gora wiki:The_Sith
814	Padm%C3%A9_Amidala	Padm%C3%A9 Amidala	entity-page	4	3	no			wiki:Category:Clone_Wars_Campaign_Guide wiki:Category:Force_Unleashed_Campaign_Guide wiki:The_Tyia
815	The_InterGalactic_Banking_Clan	The InterGalactic Banking Clan	rules-term	4	1	no			wiki:Category:Clone_Wars_Campaign_Guide
816	Durge	Durge	entity-page	4	1	no			wiki:Category:Clone_Wars_Campaign_Guide
817	B2-Series_Super_Battle_Droids	B2-Series Super Battle Droids	entity-page	4	3	no			wiki:Category:Clone_Wars_Campaign_Guide wiki:Category:Web_Enhancements wiki:Gamemastering
818	PAC	PAC	entity-page	4	2	no			wiki:Category:Clone_Wars_Campaign_Guide wiki:Speeders
819	The_Outer_Rim_Territories	The Outer Rim Territories	rules-term	4	4	no			wiki:Category:Core_Rulebook wiki:Category:Unknown_Regions_Campaign_Guide wiki:Shistavanen wiki:Species
820	Thermal_Detonators	Thermal Detonators	entity-page	4	2	no			wiki:Category:Explosives wiki:Rank_and_Privilege
821	Detonite	Detonite	entity-page	4	3	no			wiki:Category:Explosives wiki:Category:Force_Unleashed_Campaign_Guide wiki:General_Equipment
822	Explosive_Charge	Explosive Charge	entity-page	4	4	no	wiki:Category:Explosives	variant-name(-1)	wiki:Category:Explosives wiki:Category:Web_Enhancements wiki:Gamemastering wiki:General_Equipment
823	Jan_Dodonna	Jan Dodonna	entity-page	4	2	no			wiki:Category:Force_Unleashed_Campaign_Guide wiki:The_New_Republic
824	Mara_Jade	Mara Jade	entity-page	4	3	no			wiki:Category:Force_Unleashed_Campaign_Guide wiki:The_Jedi wiki:The_New_Republic
825	Wilhuff_Tarkin	Wilhuff Tarkin	entity-page	4	1	no			wiki:Category:Force_Unleashed_Campaign_Guide
826	Dark_Times_Campaigns	Dark Times Campaigns	entity-page	4	2	no			wiki:Category:Force_Unleashed_Campaign_Guide wiki:Gamemastering
827	Enforcer	Enforcer	entity-page	4	3	yes			wiki:Category:Force_Unleashed_Campaign_Guide wiki:Heroic_Classes wiki:Talents
828	Skill_Focus_(Stealth)	Skill Focus (Stealth)	rules-term	4	4	no	wiki:Skill_Focus	variant-name(-1)	wiki:Category:Force_Unleashed_Campaign_Guide wiki:Category:Web_Enhancements wiki:Heroic_Classes wiki:Infiltrator
829	Illusion	Illusion	entity-page	4	4	no			wiki:Category:Force_Unleashed_Campaign_Guide wiki:Category:Knights_of_the_Old_Republic_Campaign_Guide wiki:Krath_Talent_Tree wiki:The_Fallanassi
830	Felucian_Shaman_Talent_Tree	Felucian Shaman Talent Tree	entity-page	4	4	yes	wiki:The_Felucian_Shamans	variant-name(-2)	wiki:Category:Force_Unleashed_Campaign_Guide wiki:Force_Traditions wiki:Talents wiki:The_Felucian_Shamans
831	Walker	Walker	entity-page	4	2	no			wiki:Category:Force_Unleashed_Campaign_Guide wiki:Category:Scavenger's_Guide_to_Droids
832	New_Plympto	New Plympto	entity-page	4	3	no			wiki:Category:Force_Unleashed_Campaign_Guide wiki:Galactic_Gazetteer wiki:Nosaurian
833	Ralltiir	Ralltiir	entity-page	4	2	no			wiki:Category:Force_Unleashed_Campaign_Guide wiki:Galactic_Gazetteer
834	Bakura	Bakura	entity-page	4	3	no			wiki:Category:Force_Unleashed_Campaign_Guide wiki:Galactic_Gazetteer wiki:Ssi-Ruu
835	Corulag	Corulag	entity-page	4	3	no			wiki:Category:Force_Unleashed_Campaign_Guide wiki:Galactic_Gazetteer wiki:Gamemastering
836	Glitterstim	Glitterstim	entity-page	4	2	no			wiki:Category:Force_Unleashed_Campaign_Guide wiki:General_Equipment
837	Blast_Cannon	Blast Cannon	entity-page	4	2	no			wiki:Category:Force_Unleashed_Campaign_Guide wiki:Category:Web_Enhancements
838	TX-130T_Fighter_Tank	TX-130T Fighter Tank	entity-page	4	3	no			wiki:Category:Force_Unleashed_Campaign_Guide wiki:Rank_and_Privilege wiki:Speeders
839	Gear_Requisition	Gear Requisition	entity-page	4	1	no			wiki:Category:Galaxy_at_War
840	Battlefield_Effects	Battlefield Effects	entity-page	4	2	no			wiki:Category:Galaxy_at_War wiki:Category:Web_Enhancements
841	Vibrodagger	Vibrodagger	entity-page	4	4	no			wiki:Category:Galaxy_of_Intrigue wiki:Category:Rebellion_Era_Campaign_Guide wiki:Infiltration_Talent_Tree wiki:Triple_Crit
842	Escape_from_Kessel	Escape from Kessel	entity-page	4	2	no			wiki:Category:Galaxy_of_Intrigue wiki:Skill_Challenges
843	Blind_Descent	Blind Descent	entity-page	4	2	no			wiki:Category:Galaxy_of_Intrigue wiki:Skill_Challenges
844	Fringe_Campaigns	Fringe Campaigns	entity-page	4	3	no			wiki:Category:Galaxy_of_Intrigue wiki:Category:Scum_and_Villainy wiki:Gamemastering
845	Admiral_Ackbar	Admiral Ackbar	entity-page	4	2	no			wiki:Category:Galaxy_of_Intrigue wiki:Category:Rebellion_Era_Campaign_Guide
846	Equipment_%26_Artifacts	Equipment %26 Artifacts	entity-page	4	1	no			wiki:Category:Jedi_Academy_Training_Manual
847	Grand_Master_Luke_Skywalker	Grand Master Luke Skywalker	entity-page	4	4	no			wiki:Category:Jedi_Academy_Training_Manual wiki:Category:Legacy_Era_Campaign_Guide wiki:The_Fallanassi wiki:The_Jedi
848	Sith_Alchemy	Sith Alchemy	entity-page	4	4	no	wiki:The_Sith	variant-name(-1)	wiki:Category:Jedi_Academy_Training_Manual wiki:Category:Knights_of_the_Old_Republic_Campaign_Guide wiki:Kissai wiki:Sith_Alchemy_Talent_Tree
849	Old_Republic_Era_Heroes	Old Republic Era Heroes	entity-page	4	2	no	wiki:Category:The_Old_Republic_Era	variant-name(-1)	wiki:Category:Knights_of_the_Old_Republic_Campaign_Guide wiki:Heroic_Traits
850	Skill_Focus_(Knowledge_(Bureaucracy))	Skill Focus (Knowledge (Bureaucracy))	rules-term	4	4	no	wiki:Skill_Focus	variant-name(-2)	wiki:Category:Knights_of_the_Old_Republic_Campaign_Guide wiki:Corporate_Agent wiki:Heroic_Classes wiki:Rank_and_Privilege
851	Vodo-Siosk_Baas	Vodo-Siosk Baas	entity-page	4	2	no			wiki:Category:Knights_of_the_Old_Republic_Campaign_Guide wiki:The_Jedi
852	War_Sword	War Sword	entity-page	4	4	no			wiki:Category:Knights_of_the_Old_Republic_Campaign_Guide wiki:Category:Web_Enhancements wiki:Destiny wiki:Simple_Weapons_(Melee)
853	Bondar_Crystal	Bondar Crystal	entity-page	4	2	no			wiki:Category:Knights_of_the_Old_Republic_Campaign_Guide wiki:Lightsabers
854	Massassi_Lanvarok	Massassi Lanvarok	entity-page	4	3	no	wiki:Massassi	variant-name(-1)	wiki:Category:Knights_of_the_Old_Republic_Campaign_Guide wiki:Kissai wiki:Massassi
855	Dynamic-Class_Freighter	Dynamic-Class Freighter	entity-page	4	4	no			wiki:Category:Knights_of_the_Old_Republic_Campaign_Guide wiki:Category:Starships_of_the_Galaxy wiki:Category:Web_Enhancements wiki:Starship_Modifications
856	Emplacement_Point	Emplacement Point	entity-page	4	3	no			wiki:Category:Knights_of_the_Old_Republic_Campaign_Guide wiki:Category:Web_Enhancements wiki:Starship_Designer
857	Daggerstar_Swoop_Racer	Daggerstar Swoop Racer	entity-page	4	3	no			wiki:Category:Knights_of_the_Old_Republic_Campaign_Guide wiki:Old_Republic_Era_Campaigns wiki:Speeders
858	Hyperdrives	Hyperdrives	entity-page	4	3	no			wiki:Category:Knights_of_the_Old_Republic_Campaign_Guide wiki:Category:Starships_of_the_Galaxy wiki:Starship_Modifications
859	Alpheridies	Alpheridies	entity-page	4	3	no			wiki:Category:Knights_of_the_Old_Republic_Campaign_Guide wiki:Galactic_Gazetteer wiki:Miraluka
860	The_Hyperspace_Navigator's_Guild	The Hyperspace Navigator's Guild	rules-term	4	3	no			wiki:Category:Knights_of_the_Old_Republic_Campaign_Guide wiki:Old_Republic_Era_Campaigns wiki:The_Wardens_of_the_Sky
861	Breath_Masks	Breath Masks	entity-page	4	3	no			wiki:Category:Knights_of_the_Old_Republic_Campaign_Guide wiki:Category:Legacy_Era_Campaign_Guide wiki:Category:Web_Enhancements
862	The_Mass_Shadow_Generator	The Mass Shadow Generator	rules-term	4	3	no			wiki:Category:Knights_of_the_Old_Republic_Campaign_Guide wiki:Category:The_Old_Republic_Era wiki:The_Jedi
863	The_Jedi_Exile	The Jedi Exile	rules-term	4	4	no	wiki:The_Jedi	variant-name(-1)	wiki:Category:Knights_of_the_Old_Republic_Campaign_Guide wiki:Category:The_Old_Republic_Era wiki:Old_Republic_Era_Campaigns wiki:The_Jedi
864	Atris	Atris	entity-page	4	3	no			wiki:Category:Knights_of_the_Old_Republic_Campaign_Guide wiki:The_Jedi wiki:The_Sith
865	Adas	Adas	entity-page	4	2	no			wiki:Category:Knights_of_the_Old_Republic_Campaign_Guide wiki:The_Sith
866	The_Tapani_Sector	The Tapani Sector	rules-term	4	4	no			wiki:Category:Knights_of_the_Old_Republic_Campaign_Guide wiki:Force_Traditions wiki:Organizations wiki:The_Sith
867	Darth_Bandon	Darth Bandon	entity-page	4	2	no			wiki:Category:Knights_of_the_Old_Republic_Campaign_Guide wiki:The_Sith
868	The_Arkanian_Legacy	The Arkanian Legacy	rules-term	4	3	no	wiki:Arkanian	variant-name(-1)	wiki:Category:Knights_of_the_Old_Republic_Campaign_Guide wiki:Category:Web_Enhancements wiki:Old_Republic_Era_Campaigns
869	Haydel_Goravvus	Haydel Goravvus	entity-page	4	2	no			wiki:Category:Knights_of_the_Old_Republic_Campaign_Guide wiki:Old_Republic_Era_Campaigns
870	Neo-Crusader_Rally_Masters	Neo-Crusader Rally Masters	entity-page	4	2	no			wiki:Category:Knights_of_the_Old_Republic_Campaign_Guide wiki:The_Mandalorians
871	Rohlan_Dyre	Rohlan Dyre	entity-page	4	2	no			wiki:Category:Knights_of_the_Old_Republic_Campaign_Guide wiki:The_Mandalorians
872	Mandalorian_Neo-Crusader	Mandalorian Neo-Crusader	entity-page	4	2	no	wiki:The_Mandalorians	variant-name(-2)	wiki:Category:Knights_of_the_Old_Republic_Campaign_Guide wiki:The_Mandalorians
873	Neo-Crusader_Rally_Master	Neo-Crusader Rally Master	entity-page	4	2	no			wiki:Category:Knights_of_the_Old_Republic_Campaign_Guide wiki:The_Mandalorians
874	Neo-Crusader_Marshal	Neo-Crusader Marshal	entity-page	4	2	no			wiki:Category:Knights_of_the_Old_Republic_Campaign_Guide wiki:The_Mandalorians
875	The_Hidden_Beks	The Hidden Beks	rules-term	4	2	no			wiki:Category:Knights_of_the_Old_Republic_Campaign_Guide wiki:Old_Republic_Era_Campaigns
876	Legacy_Era_Heroes	Legacy Era Heroes	entity-page	4	2	no	wiki:Category:The_Legacy_Era	variant-name(-1)	wiki:Category:Legacy_Era_Campaign_Guide wiki:Heroic_Traits
877	Legacy	Legacy	entity-page	4	2	no			wiki:Category:Legacy_Era_Campaign_Guide wiki:Heroic_Traits
878	Disciple_of_Twilight_Talent_Tree	Disciple of Twilight Talent Tree	entity-page	4	4	yes			wiki:Category:Legacy_Era_Campaign_Guide wiki:Force_Traditions wiki:Talents wiki:The_Disciples_of_Twilight
879	Ember_of_Vahl_Talent_Tree	Ember of Vahl Talent Tree	entity-page	4	4	yes	wiki:The_Ember_of_Vahl	variant-name(-2)	wiki:Category:Legacy_Era_Campaign_Guide wiki:Force_Traditions wiki:Talents wiki:The_Ember_of_Vahl
880	A'Sharad_Hett	A'Sharad Hett	entity-page	4	2	no			wiki:Category:Legacy_Era_Campaign_Guide wiki:The_Sith
881	Prakith	Prakith	entity-page	4	3	no			wiki:Category:Legacy_Era_Campaign_Guide wiki:Galactic_Gazetteer wiki:Stereb
882	Nyna_Calixte	Nyna Calixte	entity-page	4	2	no			wiki:Category:Legacy_Era_Campaign_Guide wiki:Gamemastering
883	Klatooine	Klatooine	entity-page	4	3	no			wiki:Category:Legacy_Era_Campaign_Guide wiki:Galactic_Gazetteer wiki:Klatooinian
884	Nal_Hutta	Nal Hutta	entity-page	4	3	no			wiki:Category:Legacy_Era_Campaign_Guide wiki:Category:Rebellion_Era_Campaign_Guide wiki:Hutt
885	Rogue_Squadron	Rogue Squadron	entity-page	4	3	no			wiki:Category:Legacy_Era_Campaign_Guide wiki:Category:Rebellion_Era_Campaign_Guide wiki:Category:The_Rebellion_Era
886	Sabertooth-Class_Assault/Rescue_Vessel	Sabertooth-Class Assault/Rescue Vessel	entity-page	4	1	no			wiki:Category:Legacy_Era_Campaign_Guide
887	Skull_Squadron	Skull Squadron	entity-page	4	1	no			wiki:Category:Legacy_Era_Campaign_Guide
888	Darth_Nihl	Darth Nihl	entity-page	4	3	no			wiki:Category:Legacy_Era_Campaign_Guide wiki:Category:Web_Enhancements wiki:The_Sith
889	Darth_Talon	Darth Talon	entity-page	4	3	no			wiki:Category:Legacy_Era_Campaign_Guide wiki:Category:Web_Enhancements wiki:The_Sith
890	Hosk_Trey'lis	Hosk Trey'lis	entity-page	4	2	no			wiki:Category:Legacy_Era_Campaign_Guide wiki:The_Jedi
891	Sarlacc_Pit	Sarlacc Pit	entity-page	4	3	no			wiki:Category:Legacy_Era_Campaign_Guide wiki:Category:Web_Enhancements wiki:Gamemastering
892	Rebellion_Era_Heroes	Rebellion Era Heroes	entity-page	4	2	no	wiki:Category:The_Rebellion_Era	variant-name(-1)	wiki:Category:Rebellion_Era_Campaign_Guide wiki:Heroic_Traits
893	Rebellion_Era_Campaigns	Rebellion Era Campaigns	entity-page	4	2	no	wiki:Category:The_Rebellion_Era	variant-name(-1)	wiki:Category:Rebellion_Era_Campaign_Guide wiki:Gamemastering
894	Mines	Mines	entity-page	4	3	no			wiki:Category:Rebellion_Era_Campaign_Guide wiki:Military_Engineer_Talent_Tree wiki:Sabotage_Talent_Tree
895	3rd-Degree	3rd-Degree	entity-page	4	2	no			wiki:Category:Scavenger's_Guide_to_Droids wiki:Category:Threats_of_the_Galaxy
896	Flying	Flying	entity-page	4	2	no			wiki:Category:Scavenger's_Guide_to_Droids wiki:Turn_and_Burn
897	Processor	Processor	entity-page	4	3	no			wiki:Category:Scavenger's_Guide_to_Droids wiki:Independent_Droid wiki:Specialized_Droid_Talent_Tree
898	Fringe_Heroes	Fringe Heroes	entity-page	4	3	no			wiki:Category:Scum_and_Villainy wiki:Gamemastering wiki:Heroic_Traits
899	Equipment_Upgrades	Equipment Upgrades	entity-page	4	3	yes			wiki:Category:Scum_and_Villainy wiki:Cybernetic_Prosthesis wiki:Tech_Specialist
900	Reinforced_Keel	Reinforced Keel	entity-page	4	2	no			wiki:Category:Scum_and_Villainy wiki:Starship_Modifications
901	Combat_Thrusters	Combat Thrusters	entity-page	4	4	no	wiki:Combat	variant-name(-1)	wiki:Category:Starships_of_the_Galaxy wiki:Category:Web_Enhancements wiki:Starship_Maneuvers wiki:Starship_Modifications
902	Angle_Deflector_Shields	Angle Deflector Shields	entity-page	4	3	no			wiki:Category:Starships_of_the_Galaxy wiki:Category:Web_Enhancements wiki:Starship_Maneuvers
903	Rakata_Prime	Rakata Prime	entity-page	4	3	no	wiki:Rakata	variant-name(-1)	wiki:Category:The_Old_Republic_Era wiki:Old_Republic_Era_Campaigns wiki:Rakata
904	Dathomiri_Rancor	Dathomiri Rancor	entity-page	4	2	no			wiki:Category:Threats_of_the_Galaxy wiki:The_Witches_of_Dathomir
905	Aquata_Breather	Aquata Breather	entity-page	4	4	no			wiki:Category:Unknown_Regions_Campaign_Guide wiki:Category:Web_Enhancements wiki:General_Equipment wiki:The_Sith
906	Antiquated_Weapon_Template	Antiquated Weapon Template	entity-page	4	3	no			wiki:Category:Unknown_Regions_Campaign_Guide wiki:Gear_Templates wiki:Mechanics
907	Antiquated_Vehicle_Template	Antiquated Vehicle Template	entity-page	4	3	no			wiki:Category:Unknown_Regions_Campaign_Guide wiki:Gear_Templates wiki:Mechanics
908	Exploration_Campaigns	Exploration Campaigns	entity-page	4	3	no			wiki:Category:Unknown_Regions_Campaign_Guide wiki:Galactic_Gazetteer wiki:Gamemastering
909	Crew_Quality	Crew Quality	entity-page	4	3	no			wiki:Category:Vehicles wiki:Combat wiki:Naval_Officer_Talent_Tree
910	Cannon,_Double/Quad	Cannon, Double/Quad	entity-page	4	2	no			wiki:Category:Weapon_Systems wiki:Starship_Modifications
911	Ion_Bombs	Ion Bombs	entity-page	4	2	no			wiki:Category:Weapon_Systems wiki:Starship_Modifications
912	Shieldbuster_Torpedoes	Shieldbuster Torpedoes	entity-page	4	2	no			wiki:Category:Weapon_Systems wiki:Starship_Modifications
913	Discord_Missiles	Discord Missiles	entity-page	4	2	no			wiki:Category:Weapon_Systems wiki:Starship_Modifications
914	The_Betrayal_of_Darth_Revan	The Betrayal of Darth Revan	rules-term	4	3	no			wiki:Category:Web_Enhancements wiki:The_Jedi wiki:The_Sith
915	Hot_Wire	Hot Wire	entity-page	4	1	no			wiki:Category:Web_Enhancements
916	Dark_Side_Adepts_(CL_6)	Dark Side Adepts (CL 6)	entity-page	4	3	no			wiki:Category:Web_Enhancements wiki:Gamemastering wiki:The_Sith
917	TIE_Fighter	TIE Fighter	entity-page	4	4	no			wiki:Category:Web_Enhancements wiki:Defenses wiki:Organizations wiki:Starship_Modifications
918	Inspire_Confidence	Inspire Confidence	entity-page	4	2	no	wiki:Inspire	variant-name(-1)	wiki:Category:Web_Enhancements wiki:The_Tyia
919	Darth_Plagueis	Darth Plagueis	entity-page	4	2	no			wiki:Category:Web_Enhancements wiki:The_Sith
920	Dreadful_Countenance	Dreadful Countenance	entity-page	4	2	yes			wiki:Category:Web_Enhancements wiki:The_Sith
921	Dark_Scourge	Dark Scourge	entity-page	4	3	no			wiki:Category:Web_Enhancements wiki:Lightsaber_Forms_Talent_Tree wiki:The_Sith
922	Education	Education	entity-page	4	4	no			wiki:Category:Web_Enhancements wiki:Destiny wiki:Philosophy wiki:The_Sith
923	Oricon	Oricon	entity-page	4	2	no			wiki:Category:Web_Enhancements wiki:The_Sith
924	Vehicle_Dodge	Vehicle Dodge	rules-term	4	1	no	wiki:Category:Vehicles	variant-name(-1)	wiki:Category:Web_Enhancements
925	Draw_Fire	Draw Fire	entity-page	4	2	no			wiki:Category:Web_Enhancements wiki:Collaborator_Talent_Tree
926	Ready_an_Action	Ready an Action	entity-page	4	2	no			wiki:Category:Web_Enhancements wiki:Use_the_Force
927	Draw_or_Holster_a_Weapon	Draw or Holster a Weapon	entity-page	4	2	no			wiki:Category:Web_Enhancements wiki:Quick_Draw
928	Major_Transgression	Major Transgression	entity-page	4	1	no			wiki:Category:Web_Enhancements
929	Weapon_Focus_(Heavy_Weapons)	Weapon Focus (Heavy Weapons)	entity-page	4	4	no	wiki:Weapon_Focus	variant-name(-2)	wiki:Category:Web_Enhancements wiki:Heavy_Hitter wiki:Soldier_Bonus_Feats wiki:Weapon_Focus
930	Lightsaber_Tonfa	Lightsaber Tonfa	entity-page	4	2	no	wiki:Lightsabers	variant-name(-1)	wiki:Category:Web_Enhancements wiki:Lightsabers
931	Nets	Nets	entity-page	4	2	no			wiki:Category:Web_Enhancements wiki:Lightsabers
932	Knives	Knives	entity-page	4	3	no			wiki:Category:Web_Enhancements wiki:Lightsabers wiki:Weapon_Master_Talent_Tree
933	Missile_Launcher	Missile Launcher	entity-page	4	4	no			wiki:Category:Web_Enhancements wiki:Heavy_Weapons wiki:Lightsabers wiki:Rank_and_Privilege
934	YT-1300	YT-1300	entity-page	4	2	no			wiki:Category:Web_Enhancements wiki:Starship_Designer
935	Cargo_Pod	Cargo Pod	entity-page	4	2	no			wiki:Category:Web_Enhancements wiki:Starship_Modifications
936	Escape_Pods	Escape Pods	entity-page	4	2	no			wiki:Category:Web_Enhancements wiki:Starship_Modifications
937	Smuggler's_Compartments	Smuggler's Compartments	entity-page	4	3	no			wiki:Category:Web_Enhancements wiki:Starship_Modifications wiki:Stealth
938	WEALTH	WEALTH	entity-page	4	2	no			wiki:Category:Web_Enhancements wiki:Character_Creation
939	Adept_Negotiator	Adept Negotiator	entity-page	4	1	no			wiki:Category:Web_Enhancements
940	Dark_Healing	Dark Healing	entity-page	4	1	no			wiki:Category:Web_Enhancements
941	Damage_Reduction_10	Damage Reduction 10	entity-page	4	2	no			wiki:Category:Web_Enhancements wiki:The_Matukai
942	Coordinate	Coordinate	entity-page	4	3	no			wiki:Category:Web_Enhancements wiki:Rapport wiki:Skill_Challenges
943	Total-Replacement_Cyborg	Total-Replacement Cyborg	entity-page	4	1	no			wiki:Category:Web_Enhancements
944	Dive_for_Cover	Dive for Cover	entity-page	4	4	yes			wiki:Category:Web_Enhancements wiki:Jedi_Bonus_Feats wiki:Scout_Bonus_Feats wiki:Soldier_Bonus_Feats
945	Atone	Atone	entity-page	4	1	no			wiki:Category:Web_Enhancements
946	Ascension_Gun	Ascension Gun	entity-page	4	2	no			wiki:Category:Web_Enhancements wiki:Pistols
947	Soldier_Talents	Soldier Talents	entity-page	4	3	no	wiki:Soldier	variant-name(-1)	wiki:Category:Web_Enhancements wiki:Heroic_Classes wiki:Use_Computer
948	Jury-Rigger	Jury-Rigger	entity-page	4	2	no			wiki:Category:Web_Enhancements wiki:Master_Scout_Talent_Tree
949	Knack	Knack	entity-page	4	2	no			wiki:Category:Web_Enhancements wiki:Skills
950	Uncanny_Dodge_I	Uncanny Dodge I	entity-page	4	3	no			wiki:Category:Web_Enhancements wiki:Kissai wiki:Massassi
951	Uncanny_Dodge_II	Uncanny Dodge II	entity-page	4	3	no			wiki:Category:Web_Enhancements wiki:Kissai wiki:Massassi
952	Weapon_Specialization	Weapon Specialization	entity-page	4	3	no	wiki:Category:Weapons	variant-name(-1)	wiki:Category:Web_Enhancements wiki:The_Wardens_of_the_Sky wiki:Weapon_Master_Talent_Tree
953	Skill_Focus_(Survival)	Skill Focus (Survival)	rules-term	4	4	no	wiki:Skill_Focus	variant-name(-1)	wiki:Category:Web_Enhancements wiki:Kaleesh wiki:Massassi wiki:Rodian
954	Bacta_Tank	Bacta Tank	entity-page	4	2	no			wiki:Category:Web_Enhancements wiki:General_Equipment
955	Handle_Explosives	Handle Explosives	entity-page	4	4	no			wiki:Commando_Talent_Tree wiki:Revolutionary_Talent_Tree wiki:Sabotage_Talent_Tree wiki:Saboteur
956	Suppress_an_Enemy	Suppress an Enemy	entity-page	4	4	no			wiki:Commando_Talent_Tree wiki:Coordinated_Attack wiki:Gunslinger_Talent_Tree wiki:Weapon_Specialist_Talent_Tree
957	Poisoned	Poisoned	entity-page	4	3	no			wiki:Conditions wiki:Malkite_Poisoner_Talent_Tree wiki:Mantellian_Savrip
958	Friendly	Friendly	entity-page	4	4	no			wiki:Corporate_Power_Talent_Tree wiki:Improviser_Talent_Tree wiki:Killik wiki:Rebel_Recruiter_Talent_Tree
959	Elite_Troopers	Elite Troopers	entity-page	4	4	yes			wiki:Critical_Master_Talent_Tree wiki:Gamemastering wiki:Infiltrator wiki:Talents
960	Force_Adept_Talent_Tree	Force Adept Talent Tree	entity-page	4	3	yes	wiki:The_Force	variant-name(-3)	wiki:Force_Disciple wiki:Heroic_Classes wiki:Talents
961	Force_Disciple_Talent	Force Disciple Talent	entity-page	4	1	no	wiki:Force_Disciple	variant-name(-1)	wiki:Force_Disciple
962	Ruusan	Ruusan	entity-page	4	4	no			wiki:Galactic_Gazetteer wiki:The_Force wiki:The_Shapers_of_Kro_Var wiki:The_Sith
963	Recording_Unit	Recording Unit	entity-page	4	2	no			wiki:General_Equipment wiki:Mechanics
964	Brace	Brace	entity-page	4	4	no			wiki:Heavy_Weapons wiki:Riflemaster wiki:Weapon_Master_Talent_Tree wiki:Weapon_Specialist_Talent_Tree
965	Flurry	Flurry	entity-page	4	4	yes			wiki:Heroic_Classes wiki:Jedi_Bonus_Feats wiki:Noble_Bonus_Feats wiki:Soldier_Bonus_Feats
966	Fall	Fall	entity-page	4	1	no			wiki:Inertia
967	Hold-Out_Blaster_Pistol	Hold-Out Blaster Pistol	entity-page	4	3	no			wiki:Infiltration_Talent_Tree wiki:Pistoleer wiki:Pistols
968	Skilled_Advisor	Skilled Advisor	rules-term	4	2	no			wiki:Jedi_Archivist_Talent_Tree wiki:Skill_Challenges
969	Jedi_Master_Talent	Jedi Master Talent	entity-page	4	1	no	wiki:Jedi_Master	variant-name(-1)	wiki:Jedi_Master
970	Aggressive_Follower	Aggressive Follower	entity-page	4	4	no			wiki:Korunnai_Adept_Talent_Tree wiki:Loyal_Protector_Talent_Tree wiki:Reconnaissance_Talent_Tree wiki:Squad_Leader_Talent_Tree
971	Defensive_Follower	Defensive Follower	entity-page	4	4	no			wiki:Korunnai_Adept_Talent_Tree wiki:Loyal_Protector_Talent_Tree wiki:Reconnaissance_Talent_Tree wiki:Squad_Leader_Talent_Tree
972	Utility_Follower	Utility Follower	entity-page	4	4	no			wiki:Korunnai_Adept_Talent_Tree wiki:Loyal_Protector_Talent_Tree wiki:Reconnaissance_Talent_Tree wiki:Squad_Leader_Talent_Tree
973	Simple_Weapon_(Melee)	Simple Weapon (Melee)	entity-page	4	3	no	wiki:Category:Simple_Weapons	variant-name(-1)	wiki:Order_of_Shasa_Talent_Tree wiki:Sith_Alchemy_Talent_Tree wiki:Yuuzhan_Vong
974	The_Syndicat	The Syndicat	rules-term	4	1	no			wiki:Phindian
975	Blast_Helmets_and_Vests	Blast Helmets and Vests	entity-page	4	1	no			wiki:Rank_and_Privilege
976	Disable_Device	Disable Device	entity-page	4	3	no			wiki:Saboteur wiki:Slicer_Talent_Tree wiki:Spy_Talent_Tree
977	Mounted_Charge	Mounted Charge	entity-page	4	2	no			wiki:Scout_Bonus_Feats wiki:Trample
978	Sith_Lord_Talent	Sith Lord Talent	entity-page	4	1	no	wiki:Sith_Lord	variant-name(-1)	wiki:Sith_Lord
979	Antagonist	Antagonist	entity-page	4	1	no			wiki:Skill_Challenges
980	Reinforced_Bulkheads	Reinforced Bulkheads	entity-page	4	1	no			wiki:Starship_Modifications
981	Starship_Armor	Starship Armor	rules-term	4	1	no	wiki:Category:Starships	variant-name(-1)	wiki:Starship_Modifications
982	Alzoc_III	Alzoc III	entity-page	4	1	no			wiki:Talz
983	Corran_Horn	Corran Horn	entity-page	4	3	no			wiki:The_Jedi wiki:The_Jensaarai wiki:The_New_Republic
984	Recopia	Recopia	entity-page	4	1	no			wiki:The_Seyugi_Dervishes
985	Piloted	Piloted	entity-page	4	1	no			wiki:Wingman_Talent_Tree
986	ET-74_Communications_Droid	ET-74 Communications Droid	entity-page	3	2	no			wiki:1st-Degree_Droids wiki:Category:Knights_of_the_Old_Republic_Campaign_Guide
987	5-BT_Threat_Analysis_Droid	5-BT Threat Analysis Droid	entity-page	3	2	no			wiki:1st-Degree_Droids wiki:Category:Galaxy_of_Intrigue
988	Scomp_Link	Scomp Link	entity-page	3	3	no			wiki:2nd-Degree_Droid_Talent_Tree wiki:Category:Scavenger's_Guide_to_Droids wiki:Shield_Surge
989	R5-Series_Astromech_Droid	R5-Series Astromech Droid	entity-page	3	2	no			wiki:2nd-Degree_Droids wiki:Category:Threats_of_the_Galaxy
990	G0-T0_Infrastructure-Planning_Droid	G0-T0 Infrastructure-Planning Droid	entity-page	3	2	no			wiki:2nd-Degree_Droids wiki:Category:Knights_of_the_Old_Republic_Campaign_Guide
991	T3-Series_Utility_Droid	T3-Series Utility Droid	entity-page	3	2	no			wiki:2nd-Degree_Droids wiki:Category:Knights_of_the_Old_Republic_Campaign_Guide
992	WED_Treadwell	WED Treadwell	entity-page	3	3	no			wiki:2nd-Degree_Droids wiki:Category:Rebellion_Era_Campaign_Guide wiki:Category:Web_Enhancements
993	3PO-Series_Protocol_Droid	3PO-Series Protocol Droid	entity-page	3	3	no			wiki:3rd-Degree_Droids wiki:Category:Web_Enhancements wiki:Use_Computer
994	GE3-Series_Protocol_Droid	GE3-Series Protocol Droid	entity-page	3	2	no			wiki:3rd-Degree_Droids wiki:Category:Knights_of_the_Old_Republic_Campaign_Guide
995	GG-Series_Hospitality_Droid	GG-Series Hospitality Droid	entity-page	3	2	no			wiki:3rd-Degree_Droids wiki:Category:Knights_of_the_Old_Republic_Campaign_Guide
996	3D-4_Administrative_Droid	3D-4 Administrative Droid	entity-page	3	2	no			wiki:3rd-Degree_Droids wiki:Category:Galaxy_of_Intrigue
997	M4-Series_Messenger_Droid	M4-Series Messenger Droid	entity-page	3	2	no			wiki:3rd-Degree_Droids wiki:Category:Galaxy_of_Intrigue
998	B1-Series_Battle_Droid	B1-Series Battle Droid	entity-page	3	2	no			wiki:4th-Degree_Droids wiki:Category:Web_Enhancements
999	B2-Series_Super_Battle_Droid	B2-Series Super Battle Droid	entity-page	3	3	no			wiki:4th-Degree_Droids wiki:Category:Clone_Wars_Campaign_Guide wiki:Category:Web_Enhancements
1000	Crab_Droid_Scout	Crab Droid Scout	entity-page	3	3	no			wiki:4th-Degree_Droids wiki:Category:Web_Enhancements wiki:Gamemastering
1001	Droideka_Destroyer_Droid	Droideka Destroyer Droid	rules-term	3	3	no			wiki:4th-Degree_Droids wiki:Category:Clone_Wars_Campaign_Guide wiki:Category:Web_Enhancements
1002	Viper-Series_Probe_Droid	Viper-Series Probe Droid	entity-page	3	3	no			wiki:4th-Degree_Droids wiki:Category:Web_Enhancements wiki:Gamemastering
1003	Sith_Elite_Warbot	Sith Elite Warbot	entity-page	3	3	no	wiki:The_Sith	variant-name(-2)	wiki:4th-Degree_Droids wiki:Category:Threats_of_the_Galaxy wiki:The_Sith
1004	HK-24_Assassin_Droid	HK-24 Assassin Droid	entity-page	3	2	no			wiki:4th-Degree_Droids wiki:Category:Knights_of_the_Old_Republic_Campaign_Guide
1005	Krath_War_Droid	Krath War Droid	entity-page	3	3	no	wiki:The_Krath	variant-name(-2)	wiki:4th-Degree_Droids wiki:Category:Knights_of_the_Old_Republic_Campaign_Guide wiki:The_Krath
1006	K-X12_Probe_Droid	K-X12 Probe Droid	entity-page	3	2	no			wiki:4th-Degree_Droids wiki:Category:Knights_of_the_Old_Republic_Campaign_Guide
1007	Advanced_Dwarf_Spider_Droid	Advanced Dwarf Spider Droid	entity-page	3	2	no			wiki:4th-Degree_Droids wiki:Category:Clone_Wars_Campaign_Guide
1008	BCA-11/X_Training_Droid	BCA-11/X Training Droid	entity-page	3	3	no			wiki:4th-Degree_Droids wiki:Category:Clone_Wars_Campaign_Guide wiki:The_Jedi
1009	Marksman-H_Combat_Remote	Marksman-H Combat Remote	entity-page	3	3	no			wiki:4th-Degree_Droids wiki:Category:Clone_Wars_Campaign_Guide wiki:The_Jedi
1010	Phase_I_Dark_Trooper	Phase I Dark Trooper	entity-page	3	2	no	wiki:Phase	variant-name(-3)	wiki:4th-Degree_Droids wiki:Category:Rebellion_Era_Campaign_Guide
1011	B4J4_Security_Droid	B4J4 Security Droid	entity-page	3	2	no			wiki:4th-Degree_Droids wiki:Category:Galaxy_of_Intrigue
1012	BL-Series_Legionnaire_Droid	BL-Series Legionnaire Droid	entity-page	3	2	no			wiki:4th-Degree_Droids wiki:Category:Galaxy_of_Intrigue
1013	FIII_Footman_Droid	FIII Footman Droid	entity-page	3	2	no			wiki:4th-Degree_Droids wiki:Category:Galaxy_of_Intrigue
1014	S6-Series_Security/Maintenance_Droid	S6-Series Security/Maintenance Droid	entity-page	3	2	no			wiki:5th-Degree_Droids wiki:Category:Knights_of_the_Old_Republic_Campaign_Guide
1015	T1_Bulk_Loader_Droid	T1 Bulk Loader Droid	entity-page	3	2	no			wiki:5th-Degree_Droids wiki:Category:Knights_of_the_Old_Republic_Campaign_Guide
1016	Zero-Gravity	Zero-Gravity	entity-page	3	3	no			wiki:Acrobatics wiki:Spacer_Talent_Tree wiki:Use_Computer
1017	Riflor	Riflor	entity-page	3	1	no			wiki:Advozse
1018	Planet_Hoppers	Planet Hoppers	entity-page	3	3	no			wiki:Arcona wiki:Phindian wiki:Skakoan
1019	Running	Running	entity-page	3	3	no			wiki:Armor_Specialist_Talent_Tree wiki:Category:Armor wiki:Heavy_Armor
1020	Teth	Teth	entity-page	3	3	no			wiki:Ascension_Specialists wiki:Category:Clone_Wars_Campaign_Guide wiki:Galactic_Gazetteer
1021	Fiber_Armor	Fiber Armor	entity-page	3	3	no			wiki:Attacks wiki:Category:Knights_of_the_Old_Republic_Campaign_Guide wiki:Light_Armor
1022	Avoid_Surprise	Avoid Surprise	entity-page	3	3	no			wiki:Baran_Do_Sage_Talent_Tree wiki:Gand_Findsman_Talent_Tree wiki:Sense_Talent_Tree
1023	Blinded	Blinded	entity-page	3	3	no			wiki:Beast wiki:Line_of_Sight wiki:Umbaran
1024	Breath_Mask	Breath Mask	entity-page	3	3	no			wiki:Biotech_General_Template wiki:Galactic_Gazetteer wiki:General_Equipment
1025	Biotech_Repair	Biotech Repair	entity-page	3	2	no			wiki:Biotech_General_Template wiki:Yuuzhan_Vong_Biotech_Talent_Tree
1026	Jariah_Syn	Jariah Syn	entity-page	3	3	no			wiki:Biotech_General_Template wiki:Category:Legacy_Era_Campaign_Guide wiki:Mechanics
1027	Bounty_Hunting	Bounty Hunting	entity-page	3	2	no			wiki:Bounty_Hunter wiki:Organizations
1028	Mesh_Tape	Mesh Tape	entity-page	3	3	no			wiki:Bounty_Hunter_Talent_Tree wiki:Galactic_Gazetteer wiki:General_Equipment
1029	Grabbing	Grabbing	entity-page	3	2	no			wiki:Brawler_Talent_Tree wiki:Category:Web_Enhancements
1030	Kerilt	Kerilt	entity-page	3	1	no			wiki:Caamasi
1031	Armored_Flight_Suit	Armored Flight Suit	entity-page	3	2	no			wiki:Category:Armor wiki:Light_Armor
1032	Medisensor	Medisensor	entity-page	3	3	no			wiki:Category:Bio-Implants wiki:Category:Threats_of_the_Galaxy wiki:General_Equipment
1033	Whorm_Loathsom	Whorm Loathsom	entity-page	3	2	no			wiki:Category:Clone_Wars_Campaign_Guide wiki:Category:The_Clone_Wars
1034	Dug	Dug	entity-page	3	3	yes			wiki:Category:Clone_Wars_Campaign_Guide wiki:Category:Web_Enhancements wiki:Species
1035	Clone_Wars_Heroes	Clone Wars Heroes	entity-page	3	3	no	wiki:Category:The_Clone_Wars	variant-name(-1)	wiki:Category:Clone_Wars_Campaign_Guide wiki:Category:The_Clone_Wars wiki:Heroic_Traits
1036	Camouflage_Netting	Camouflage Netting	entity-page	3	2	no			wiki:Category:Clone_Wars_Campaign_Guide wiki:General_Equipment
1037	Halo_Lamp	Halo Lamp	entity-page	3	3	no			wiki:Category:Clone_Wars_Campaign_Guide wiki:General_Equipment wiki:Visibility
1038	General_Loathsom	General Loathsom	entity-page	3	3	no			wiki:Category:Clone_Wars_Campaign_Guide wiki:Category:The_Clone_Wars wiki:Gamemastering
1039	Mygeeto	Mygeeto	entity-page	3	3	no			wiki:Category:Clone_Wars_Campaign_Guide wiki:Combat wiki:Lurmen
1040	Christophsis	Christophsis	entity-page	3	3	no			wiki:Category:Clone_Wars_Campaign_Guide wiki:Category:Web_Enhancements wiki:Galactic_Gazetteer
1041	Anselmi	Anselmi	entity-page	3	3	no			wiki:Category:Clone_Wars_Campaign_Guide wiki:Galactic_Gazetteer wiki:Nautolan
1042	Dugs	Dugs	entity-page	3	3	no			wiki:Category:Clone_Wars_Campaign_Guide wiki:Galactic_Gazetteer wiki:Gran
1043	Tikkas	Tikkas	entity-page	3	1	no			wiki:Category:Clone_Wars_Campaign_Guide
1044	EduCorps	EduCorps	entity-page	3	3	no			wiki:Category:Clone_Wars_Campaign_Guide wiki:Force_Traditions wiki:The_Jedi
1045	Plo_Koon	Plo Koon	entity-page	3	3	no			wiki:Category:Clone_Wars_Campaign_Guide wiki:Kel_Dor wiki:The_Jedi
1046	Arligan_Zey	Arligan Zey	entity-page	3	1	no			wiki:Category:Clone_Wars_Campaign_Guide
1047	Composite_Beam_Cannon	Composite Beam Cannon	entity-page	3	3	no			wiki:Category:Clone_Wars_Campaign_Guide wiki:Category:Weapon_Systems wiki:Starship_Modifications
1048	Proton_Grenades	Proton Grenades	entity-page	3	3	no			wiki:Category:Clone_Wars_Campaign_Guide wiki:Category:Weapon_Systems wiki:Starship_Modifications
1049	Rail_Cannon	Rail Cannon	entity-page	3	3	no			wiki:Category:Clone_Wars_Campaign_Guide wiki:Category:Weapon_Systems wiki:Starship_Modifications
1050	AT-TE	AT-TE	entity-page	3	2	no			wiki:Category:Clone_Wars_Campaign_Guide wiki:Category:Web_Enhancements
1051	Gossam	Gossam	entity-page	3	1	no			wiki:Category:Clone_Wars_Campaign_Guide
1052	NR-N99_Persuader-Class_Droid_Enforcers	NR-N99 Persuader-Class Droid Enforcers	entity-page	3	1	no			wiki:Category:Clone_Wars_Campaign_Guide
1053	Heavy_Ordnance_Launcher	Heavy Ordnance Launcher	entity-page	3	3	no			wiki:Category:Clone_Wars_Campaign_Guide wiki:Category:Weapon_Systems wiki:Starship_Modifications
1054	Ion_Pulse_Cannon	Ion Pulse Cannon	entity-page	3	3	no			wiki:Category:Clone_Wars_Campaign_Guide wiki:Category:Weapon_Systems wiki:Starship_Modifications
1055	Microtractor-Pressor	Microtractor-Pressor	entity-page	3	3	no			wiki:Category:Clone_Wars_Campaign_Guide wiki:Category:Weapon_Systems wiki:Starship_Modifications
1056	Sabaoth_Squadron	Sabaoth Squadron	entity-page	3	1	no			wiki:Category:Clone_Wars_Campaign_Guide
1057	Manual_Trigger	Manual Trigger	entity-page	3	3	no			wiki:Category:Explosives wiki:Category:Force_Unleashed_Campaign_Guide wiki:General_Equipment
1058	Antivehicle_Mine	Antivehicle Mine	entity-page	3	3	no			wiki:Category:Explosives wiki:Category:Force_Unleashed_Campaign_Guide wiki:General_Equipment
1059	Flechette_Mine	Flechette Mine	entity-page	3	3	no			wiki:Category:Explosives wiki:Category:Force_Unleashed_Campaign_Guide wiki:General_Equipment
1060	Land_Mine	Land Mine	entity-page	3	3	no			wiki:Category:Explosives wiki:Category:Force_Unleashed_Campaign_Guide wiki:General_Equipment
1061	Laser_Trip_Mine	Laser Trip Mine	entity-page	3	3	no			wiki:Category:Explosives wiki:Category:Force_Unleashed_Campaign_Guide wiki:General_Equipment
1062	Proximity_Mine	Proximity Mine	entity-page	3	3	no			wiki:Category:Explosives wiki:Category:Force_Unleashed_Campaign_Guide wiki:General_Equipment
1063	Antivehicle_Proton_Mine	Antivehicle Proton Mine	entity-page	3	3	no			wiki:Category:Explosives wiki:Category:Web_Enhancements wiki:General_Equipment
1064	HX2_Antipersonnel_Mine	HX2 Antipersonnel Mine	entity-page	3	3	no			wiki:Category:Explosives wiki:Category:Web_Enhancements wiki:General_Equipment
1065	AT-ATs	AT-ATs	entity-page	3	2	no			wiki:Category:Force_Unleashed_Campaign_Guide wiki:Category:Web_Enhancements
1066	Armand_Isard	Armand Isard	entity-page	3	1	no			wiki:Category:Force_Unleashed_Campaign_Guide
1067	Byss	Byss	entity-page	3	1	no			wiki:Category:Force_Unleashed_Campaign_Guide
1068	Swift_Power	Swift Power	entity-page	3	3	no			wiki:Category:Force_Unleashed_Campaign_Guide wiki:Category:Web_Enhancements wiki:The_Force
1069	Ryyk_Blade	Ryyk Blade	entity-page	3	2	no			wiki:Category:Force_Unleashed_Campaign_Guide wiki:Wookiee
1070	Explosive_Charges	Explosive Charges	entity-page	3	2	no	wiki:Category:Explosives	variant-name(-1)	wiki:Category:Force_Unleashed_Campaign_Guide wiki:Rank_and_Privilege
1071	Thyferra	Thyferra	entity-page	3	2	no			wiki:Category:Force_Unleashed_Campaign_Guide wiki:Galactic_Gazetteer
1072	Despayre	Despayre	entity-page	3	2	no			wiki:Category:Force_Unleashed_Campaign_Guide wiki:Galactic_Gazetteer
1073	Sab%C3%A9	Sab%C3%A9	entity-page	3	2	no			wiki:Category:Force_Unleashed_Campaign_Guide wiki:Organizations
1074	Imperial_Inquisitor	Imperial Inquisitor	entity-page	3	3	no			wiki:Category:Force_Unleashed_Campaign_Guide wiki:Gamemastering wiki:The_Inquisitorius
1075	Lightsaber_Pike	Lightsaber Pike	entity-page	3	3	no	wiki:Lightsabers	variant-name(-1)	wiki:Category:Force_Unleashed_Campaign_Guide wiki:Lightsabers wiki:Long_Haft_Strike
1076	Flechette_Launcher	Flechette Launcher	entity-page	3	3	no			wiki:Category:Force_Unleashed_Campaign_Guide wiki:Category:Rebellion_Era_Campaign_Guide wiki:Rifles
1077	Military_Units	Military Units	entity-page	3	1	no			wiki:Category:Galaxy_at_War
1078	Spears	Spears	entity-page	3	3	no			wiki:Category:Galaxy_at_War wiki:Category:Web_Enhancements wiki:The_Shapers_of_Kro_Var
1079	Wraith_Squadron	Wraith Squadron	entity-page	3	2	no			wiki:Category:Galaxy_at_War wiki:Category:Legacy_Era_Campaign_Guide
1080	Intrigue_Heroes	Intrigue Heroes	entity-page	3	2	no			wiki:Category:Galaxy_of_Intrigue wiki:Heroic_Traits
1081	X-Wings	X-Wings	entity-page	3	3	no			wiki:Category:Galaxy_of_Intrigue wiki:Category:Rebellion_Era_Campaign_Guide wiki:Skill_Challenges
1082	Xerrol_Nightstinger	Xerrol Nightstinger	entity-page	3	2	no			wiki:Category:Galaxy_of_Intrigue wiki:Rifles
1083	Bio-Stabilizer_Implant	Bio-Stabilizer Implant	entity-page	3	3	no			wiki:Category:Implants wiki:Category:Knights_of_the_Old_Republic_Campaign_Guide wiki:General_Equipment
1084	Cardio_Implant	Cardio Implant	entity-page	3	3	no			wiki:Category:Implants wiki:Category:Knights_of_the_Old_Republic_Campaign_Guide wiki:General_Equipment
1085	Combat_Implant	Combat Implant	entity-page	3	3	no	wiki:Combat	variant-name(-1)	wiki:Category:Implants wiki:Category:Knights_of_the_Old_Republic_Campaign_Guide wiki:General_Equipment
1086	Memory_Implant	Memory Implant	entity-page	3	3	no			wiki:Category:Implants wiki:Category:Knights_of_the_Old_Republic_Campaign_Guide wiki:General_Equipment
1087	Nerve_Reinforcement_Implant	Nerve Reinforcement Implant	entity-page	3	3	no			wiki:Category:Implants wiki:Category:Knights_of_the_Old_Republic_Campaign_Guide wiki:General_Equipment
1088	Regenerative_Implant	Regenerative Implant	entity-page	3	3	no			wiki:Category:Implants wiki:Category:Knights_of_the_Old_Republic_Campaign_Guide wiki:General_Equipment
1089	Sensory_Implant	Sensory Implant	entity-page	3	3	no			wiki:Category:Implants wiki:Category:Knights_of_the_Old_Republic_Campaign_Guide wiki:General_Equipment
1090	Lightsaber_Form_Powers	Lightsaber Form Powers	entity-page	3	1	no	wiki:Lightsabers	variant-name(-2)	wiki:Category:Jedi_Academy_Training_Manual
1091	Affiliated_Programs	Affiliated Programs	entity-page	3	1	no			wiki:Category:Jedi_Academy_Training_Manual
1092	Dangers_of_Study	Dangers of Study	entity-page	3	1	no			wiki:Category:Jedi_Academy_Training_Manual
1093	Draw_Closer	Draw Closer	entity-page	3	2	yes			wiki:Category:Jedi_Academy_Training_Manual wiki:Force_Powers
1094	Drain_Force	Drain Force	entity-page	3	3	no			wiki:Category:Knights_of_the_Old_Republic_Campaign_Guide wiki:Category:Web_Enhancements wiki:The_Sith
1095	Arg'garok	Arg'garok	entity-page	3	2	no			wiki:Category:Knights_of_the_Old_Republic_Campaign_Guide wiki:Gamorrean
1096	Rubat_Crystal	Rubat Crystal	entity-page	3	3	no			wiki:Category:Knights_of_the_Old_Republic_Campaign_Guide wiki:Category:Web_Enhancements wiki:Destiny
1097	Light_Battle_Armor	Light Battle Armor	entity-page	3	3	no			wiki:Category:Knights_of_the_Old_Republic_Campaign_Guide wiki:Light_Armor wiki:Sith_Alchemy_Talent_Tree
1098	Landspeeders	Landspeeders	entity-page	3	3	no			wiki:Category:Knights_of_the_Old_Republic_Campaign_Guide wiki:Category:Web_Enhancements wiki:Gamemastering
1099	AeroChaser_Speeder_Bike	AeroChaser Speeder Bike	entity-page	3	2	no			wiki:Category:Knights_of_the_Old_Republic_Campaign_Guide wiki:Speeders
1100	Belnar	Belnar	entity-page	3	3	no			wiki:Category:Knights_of_the_Old_Republic_Campaign_Guide wiki:Galactic_Gazetteer wiki:Khil
1101	Cadomai_Prime	Cadomai Prime	entity-page	3	3	no			wiki:Category:Knights_of_the_Old_Republic_Campaign_Guide wiki:Galactic_Gazetteer wiki:Snivvian
1102	Category:Cathar_Beasts	Category:Cathar Beasts	category-index	3	3	no			wiki:Category:Knights_of_the_Old_Republic_Campaign_Guide wiki:Category:Web_Enhancements wiki:Galactic_Gazetteer
1103	Visas_Marr	Visas Marr	entity-page	3	3	no			wiki:Category:Knights_of_the_Old_Republic_Campaign_Guide wiki:The_Jedi wiki:The_Sith
1104	Naga_Sadow	Naga Sadow	entity-page	3	3	no			wiki:Category:Knights_of_the_Old_Republic_Campaign_Guide wiki:Kissai wiki:The_Sith
1105	Sith_Trooper	Sith Trooper	entity-page	3	2	no	wiki:The_Sith	variant-name(-1)	wiki:Category:Knights_of_the_Old_Republic_Campaign_Guide wiki:The_Sith
1106	Sith_Talismans	Sith Talismans	entity-page	3	3	no	wiki:The_Sith	variant-name(-1)	wiki:Category:Knights_of_the_Old_Republic_Campaign_Guide wiki:Krath_Talent_Tree wiki:The_Sith
1107	Helmet_Package	Helmet Package	entity-page	3	3	no			wiki:Category:Knights_of_the_Old_Republic_Campaign_Guide wiki:Category:Web_Enhancements wiki:General_Equipment
1108	Admiral_Saul_Karath	Admiral Saul Karath	entity-page	3	1	no			wiki:Category:Knights_of_the_Old_Republic_Campaign_Guide
1109	Bao-Dur	Bao-Dur	entity-page	3	3	no			wiki:Category:Knights_of_the_Old_Republic_Campaign_Guide wiki:Category:The_Old_Republic_Era wiki:Old_Republic_Era_Campaigns
1110	Neo-Crusader_Light_Armor	Neo-Crusader Light Armor	entity-page	3	3	no			wiki:Category:Knights_of_the_Old_Republic_Campaign_Guide wiki:Category:Web_Enhancements wiki:Light_Armor
1111	Basilisk_War_Droid	Basilisk War Droid	entity-page	3	2	no			wiki:Category:Knights_of_the_Old_Republic_Campaign_Guide wiki:The_Mandalorians
1112	Junker_Vehicle_Template	Junker Vehicle Template	entity-page	3	3	no			wiki:Category:Knights_of_the_Old_Republic_Campaign_Guide wiki:Category:Starships_of_the_Galaxy wiki:Gear_Templates
1113	Arkoh_Adasca	Arkoh Adasca	entity-page	3	2	no			wiki:Category:Knights_of_the_Old_Republic_Campaign_Guide wiki:Old_Republic_Era_Campaigns
1114	Death_Stick	Death Stick	entity-page	3	3	no			wiki:Category:Legacy_Era_Campaign_Guide wiki:Category:The_Legacy_Era wiki:The_Bando_Gora
1115	System_Operators	System Operators	entity-page	3	3	no			wiki:Category:Legacy_Era_Campaign_Guide wiki:Category:Web_Enhancements wiki:The_Jedi
1116	Darth_Andeddu	Darth Andeddu	entity-page	3	1	no			wiki:Category:Legacy_Era_Campaign_Guide
1117	X-Wing_Starfighter	X-Wing Starfighter	entity-page	3	3	no			wiki:Category:Legacy_Era_Campaign_Guide wiki:Defenses wiki:The_New_Republic
1118	Long-Handle_Lightsaber	Long-Handle Lightsaber	entity-page	3	3	no			wiki:Category:Legacy_Era_Campaign_Guide wiki:Lightsabers wiki:Long_Haft_Strike
1119	Refitted_Vehicle_Template	Refitted Vehicle Template	entity-page	3	3	no			wiki:Category:Legacy_Era_Campaign_Guide wiki:Gear_Templates wiki:Mechanics
1120	Daluuj	Daluuj	entity-page	3	3	no			wiki:Category:Legacy_Era_Campaign_Guide wiki:Galactic_Gazetteer wiki:Rank_and_Privilege
1121	Nagi	Nagi	entity-page	3	3	no			wiki:Category:Legacy_Era_Campaign_Guide wiki:Galactic_Gazetteer wiki:Nagai
1122	Zeltros	Zeltros	entity-page	3	3	no			wiki:Category:Legacy_Era_Campaign_Guide wiki:Galactic_Gazetteer wiki:Zeltron
1123	The_Wheel	The Wheel	rules-term	3	1	no			wiki:Category:Legacy_Era_Campaign_Guide
1124	The_Indomitable	The Indomitable	rules-term	3	1	no			wiki:Category:Legacy_Era_Campaign_Guide
1125	The_Mon_Calamari_Resistance	The Mon Calamari Resistance	rules-term	3	1	no	wiki:Mon_Calamari	variant-name(-1)	wiki:Category:Legacy_Era_Campaign_Guide
1126	Venom_Assault_Armor	Venom Assault Armor	entity-page	3	2	no			wiki:Category:Legacy_Era_Campaign_Guide wiki:Heavy_Armor
1127	Galactic_Alliance_Armor	Galactic Alliance Armor	entity-page	3	2	no			wiki:Category:Legacy_Era_Campaign_Guide wiki:Light_Armor
1128	Gas_Grenades	Gas Grenades	entity-page	3	2	no			wiki:Category:Legacy_Era_Campaign_Guide wiki:Category:Web_Enhancements
1129	Disruptor_Torpedoes	Disruptor Torpedoes	entity-page	3	3	no			wiki:Category:Legacy_Era_Campaign_Guide wiki:Category:Weapon_Systems wiki:Starship_Modifications
1130	Golan_VIII_Space_Defense_Platform	Golan VIII Space Defense Platform	entity-page	3	1	no			wiki:Category:Legacy_Era_Campaign_Guide
1131	Konrad_Rus	Konrad Rus	entity-page	3	1	no			wiki:Category:Legacy_Era_Campaign_Guide
1132	Heavy_Blaster_Cannon	Heavy Blaster Cannon	entity-page	3	3	no			wiki:Category:Legacy_Era_Campaign_Guide wiki:Category:Web_Enhancements wiki:Heavy_Weapons
1133	Nei_Rin	Nei Rin	entity-page	3	2	no			wiki:Category:Legacy_Era_Campaign_Guide wiki:The_Jedi
1134	Queen_Jool	Queen Jool	entity-page	3	1	no			wiki:Category:Legacy_Era_Campaign_Guide
1135	Gaderffii	Gaderffii	entity-page	3	3	no			wiki:Category:Rebellion_Era_Campaign_Guide wiki:Simple_Weapons_(Melee) wiki:Tusken_Raider
1136	Miniature_Proton_Torpedo_Launcher	Miniature Proton Torpedo Launcher	entity-page	3	3	no			wiki:Category:Rebellion_Era_Campaign_Guide wiki:Category:Web_Enhancements wiki:Heavy_Weapons
1137	500_"ESPO"_Riot_Gun	500 "ESPO" Riot Gun	entity-page	3	2	no			wiki:Category:Rebellion_Era_Campaign_Guide wiki:Rifles
1138	MC80_Star_Cruiser	MC80 Star Cruiser	entity-page	3	3	no			wiki:Category:Rebellion_Era_Campaign_Guide wiki:Defenses wiki:The_New_Republic
1139	Airen_Cracken	Airen Cracken	entity-page	3	2	no			wiki:Category:Rebellion_Era_Campaign_Guide wiki:The_New_Republic
1140	Winter	Winter	entity-page	3	3	no			wiki:Category:Rebellion_Era_Campaign_Guide wiki:Organizations wiki:The_New_Republic
1141	Mekuun_Heavy_Tracker	Mekuun Heavy Tracker	entity-page	3	3	no			wiki:Category:Rebellion_Era_Campaign_Guide wiki:Speeders wiki:The_New_Republic
1142	Anti-Aircraft_Flak_Pod	Anti-Aircraft Flak Pod	entity-page	3	3	no			wiki:Category:Rebellion_Era_Campaign_Guide wiki:Category:Weapon_Systems wiki:Starship_Modifications
1143	Canderous-Class_Assault_Tank	Canderous-Class Assault Tank	entity-page	3	3	no			wiki:Category:Rebellion_Era_Campaign_Guide wiki:Speeders wiki:The_Mandalorians
1144	Sandcrawler	Sandcrawler	entity-page	3	2	no			wiki:Category:Scavenger's_Guide_to_Droids wiki:Category:Web_Enhancements
1145	Droid_Equipment	Droid Equipment	rules-term	3	1	no			wiki:Category:Scavenger's_Guide_to_Droids
1146	Droid_Codex	Droid Codex	rules-term	3	1	no			wiki:Category:Scavenger's_Guide_to_Droids
1147	Heuristic_Processors	Heuristic Processors	entity-page	3	3	no			wiki:Category:Scavenger's_Guide_to_Droids wiki:Category:Threats_of_the_Galaxy wiki:Category:Web_Enhancements
1148	Playing_a_Custom_Droid	Playing a Custom Droid	entity-page	3	2	no			wiki:Category:Scavenger's_Guide_to_Droids wiki:Category:Web_Enhancements
1149	1st-Degree	1st-Degree	entity-page	3	2	no			wiki:Category:Scavenger's_Guide_to_Droids wiki:Category:Threats_of_the_Galaxy
1150	Repair_Droid	Repair Droid	entity-page	3	2	no			wiki:Category:Scavenger's_Guide_to_Droids wiki:Shard
1151	Protocol_Format	Protocol Format	entity-page	3	2	no			wiki:Category:Scavenger's_Guide_to_Droids wiki:Category:Unknown_Regions_Campaign_Guide
1152	Subrepeating_Blaster	Subrepeating Blaster	entity-page	3	3	no			wiki:Category:Scum_and_Villainy wiki:Category:Web_Enhancements wiki:Pistols
1153	Sniper_Blaster_Rifle	Sniper Blaster Rifle	entity-page	3	3	no	wiki:Sniper	variant-name(-2)	wiki:Category:Scum_and_Villainy wiki:Category:Web_Enhancements wiki:Rifles
1154	Target_Sense	Target Sense	entity-page	3	3	no			wiki:Category:Scum_and_Villainy wiki:Destiny wiki:Starship_Maneuvers
1155	Nebulon-B_Frigate	Nebulon-B Frigate	entity-page	3	3	no			wiki:Category:Starships_of_the_Galaxy wiki:Defenses wiki:Organizations
1156	Engineers	Engineers	entity-page	3	3	no			wiki:Category:Starships_of_the_Galaxy wiki:Category:Web_Enhancements wiki:Outlaw_Tech_Talent_Tree
1157	Starship_Codex	Starship Codex	rules-term	3	1	no	wiki:Category:Starships	variant-name(-1)	wiki:Category:Starships_of_the_Galaxy
1158	Attack_Pattern_Delta	Attack Pattern Delta	entity-page	3	2	no	wiki:Attacks	variant-name(-2)	wiki:Category:Starships_of_the_Galaxy wiki:Starship_Maneuvers
1159	Tallon_Roll	Tallon Roll	entity-page	3	2	no			wiki:Category:Starships_of_the_Galaxy wiki:Starship_Maneuvers
1160	Advanced_Vehicle_Template	Advanced Vehicle Template	entity-page	3	3	no			wiki:Category:Starships_of_the_Galaxy wiki:Category:Unknown_Regions_Campaign_Guide wiki:Gear_Templates
1161	Archaic_Vehicle_Template	Archaic Vehicle Template	entity-page	3	3	no			wiki:Category:Starships_of_the_Galaxy wiki:Category:Unknown_Regions_Campaign_Guide wiki:Gear_Templates
1162	Honoghr	Honoghr	entity-page	3	2	no			wiki:Category:The_Legacy_Era wiki:Noghri
1163	Nomi_Sunrider	Nomi Sunrider	entity-page	3	3	no			wiki:Category:The_Old_Republic_Era wiki:The_Jedi wiki:The_Krath
1164	Satal_Keto	Satal Keto	entity-page	3	3	no			wiki:Category:The_Old_Republic_Era wiki:Old_Republic_Era_Campaigns wiki:The_Krath
1165	Aleema_Keto	Aleema Keto	entity-page	3	3	no			wiki:Category:The_Old_Republic_Era wiki:Old_Republic_Era_Campaigns wiki:The_Krath
1166	Derra_IV	Derra IV	entity-page	3	1	no			wiki:Category:The_Rebellion_Era
1167	Medic_(CL_3)	Medic (CL 3)	entity-page	3	1	no	wiki:Medic	variant-name(-2)	wiki:Category:Threats_of_the_Galaxy
1168	Jedi_Master_(CL_15)	Jedi Master (CL 15)	entity-page	3	2	no	wiki:Jedi_Master	variant-name(-2)	wiki:Category:Threats_of_the_Galaxy wiki:The_Jedi
1169	Sith_Lord_(CL_19)	Sith Lord (CL 19)	entity-page	3	2	no	wiki:Sith_Lord	variant-name(-2)	wiki:Category:Threats_of_the_Galaxy wiki:The_Sith
1170	Soldier_(CL_2)	Soldier (CL 2)	entity-page	3	1	no	wiki:Soldier	variant-name(-2)	wiki:Category:Threats_of_the_Galaxy
1171	The_Reborn	The Reborn	rules-term	3	2	no			wiki:Category:Threats_of_the_Galaxy wiki:Force_Traditions
1172	Dark_Side_Adept_(CL_6)	Dark Side Adept (CL 6)	entity-page	3	3	no			wiki:Category:Threats_of_the_Galaxy wiki:Category:Web_Enhancements wiki:Gamemastering
1173	Talon_Karrde	Talon Karrde	entity-page	3	3	no			wiki:Category:Threats_of_the_Galaxy wiki:Organizations wiki:The_New_Republic
1174	Unknown_Regions_Threats	Unknown Regions Threats	entity-page	3	2	no			wiki:Category:Unknown_Regions_Campaign_Guide wiki:Heroic_Traits
1175	Bantha	Bantha	entity-page	3	3	no			wiki:Category:Unknown_Regions_Campaign_Guide wiki:Gamemastering wiki:Ride
1176	Fast_Repairs	Fast Repairs	entity-page	3	1	no			wiki:Category:Web_Enhancements
1177	Phindar	Phindar	entity-page	3	3	no			wiki:Category:Web_Enhancements wiki:Galactic_Gazetteer wiki:Phindian
1178	Mara_Jade_Skywalker	Mara Jade Skywalker	entity-page	3	3	no			wiki:Category:Web_Enhancements wiki:The_Jedi wiki:The_Sith
1179	Weaken_Resolve	Weaken Resolve	entity-page	3	3	no			wiki:Category:Web_Enhancements wiki:Jedi_Consular_Talent_Tree wiki:The_Sith
1180	All-Temperature_Cloak	All-Temperature Cloak	entity-page	3	3	no			wiki:Category:Web_Enhancements wiki:General_Equipment wiki:The_Sith
1181	Liquid_Cable_Dispenser	Liquid Cable Dispenser	entity-page	3	3	no			wiki:Category:Web_Enhancements wiki:General_Equipment wiki:The_Sith
1182	Delta-7_Aethersprite_Interceptor	Delta-7 Aethersprite Interceptor	entity-page	3	3	no			wiki:Category:Web_Enhancements wiki:The_Jedi wiki:The_Sith
1183	Eta-2_Actis_Interceptor	Eta-2 Actis Interceptor	entity-page	3	3	no			wiki:Category:Web_Enhancements wiki:The_Jedi wiki:The_Sith
1184	Mara_Jade,_Jedi	Mara Jade, Jedi	entity-page	3	3	no			wiki:Category:Web_Enhancements wiki:The_Jedi wiki:The_New_Republic
1185	Ahsoka_Tano	Ahsoka Tano	entity-page	3	3	no			wiki:Category:Web_Enhancements wiki:Philosophy wiki:The_Jedi
1186	Kyle_Katarn,_Jedi_Battlemaster	Kyle Katarn, Jedi Battlemaster	entity-page	3	3	no			wiki:Category:Web_Enhancements wiki:The_Jedi wiki:The_New_Republic
1187	Maris_Brood,_Padawan	Maris Brood, Padawan	entity-page	3	3	no			wiki:Category:Web_Enhancements wiki:The_Felucian_Shamans wiki:The_Jedi
1188	Revan_(CL_16)	Revan (CL 16)	entity-page	3	3	no			wiki:Category:Web_Enhancements wiki:The_Jedi wiki:The_Sith
1189	Wicked_Strike	Wicked Strike	entity-page	3	3	no			wiki:Category:Web_Enhancements wiki:Lightsaber_Forms_Talent_Tree wiki:Wicked_Attack
1190	Acrobatic_Recovery	Acrobatic Recovery	entity-page	3	3	no			wiki:Category:Web_Enhancements wiki:Jedi wiki:Lightsaber_Forms_Talent_Tree
1191	Draw_a_Weapon	Draw a Weapon	entity-page	3	2	no			wiki:Category:Web_Enhancements wiki:Quick_Draw
1192	Severing_Strike	Severing Strike	entity-page	3	1	no			wiki:Category:Web_Enhancements
1193	Spacehound	Spacehound	entity-page	3	2	no			wiki:Category:Web_Enhancements wiki:Weapon_Focus
1194	Trace	Trace	entity-page	3	2	no			wiki:Category:Web_Enhancements wiki:Outlaw_Tech_Talent_Tree
1195	Slings	Slings	entity-page	3	3	no			wiki:Category:Web_Enhancements wiki:Lightsabers wiki:Ranged_Attacks
1196	Clubs	Clubs	entity-page	3	3	no			wiki:Category:Web_Enhancements wiki:Lightsabers wiki:The_Shapers_of_Kro_Var
1197	Cost_Modifier	Cost Modifier	entity-page	3	1	no			wiki:Category:Web_Enhancements
1198	Hangar_Bay	Hangar Bay	entity-page	3	2	no			wiki:Category:Web_Enhancements wiki:Starship_Modifications
1199	GR-75_Medium_Transport	GR-75 Medium Transport	entity-page	3	3	no			wiki:Category:Web_Enhancements wiki:Starship_Modifications wiki:The_New_Republic
1200	Cryogenic_Chambers	Cryogenic Chambers	entity-page	3	2	no			wiki:Category:Web_Enhancements wiki:Starship_Modifications
1201	Extended_Range	Extended Range	entity-page	3	2	no			wiki:Category:Web_Enhancements wiki:Starship_Modifications
1202	Lightsaber_Throw	Lightsaber Throw	entity-page	3	1	no	wiki:Lightsabers	variant-name(-1)	wiki:Category:Web_Enhancements
1203	Acute_Senses	Acute Senses	entity-page	3	2	no			wiki:Category:Web_Enhancements wiki:Master_Scout_Talent_Tree
1204	Force_Persuasion	Force Persuasion	entity-page	3	1	no	wiki:The_Force	variant-name(-1)	wiki:Category:Web_Enhancements
1205	Born_Leader	Born Leader	entity-page	3	3	no			wiki:Category:Web_Enhancements wiki:Military_Tactics_Talent_Tree wiki:Naval_Officer_Talent_Tree
1206	Djem_So	Djem So	entity-page	3	2	no			wiki:Category:Web_Enhancements wiki:Force_Powers
1207	Atoning	Atoning	entity-page	3	1	no			wiki:Category:Web_Enhancements
1208	Dual_Gear	Dual Gear	entity-page	3	2	no			wiki:Category:Web_Enhancements wiki:Cybernetic_Prosthesis
1209	Bracing	Bracing	entity-page	3	2	no			wiki:Category:Web_Enhancements wiki:Tech_Specialist
1210	Shock_Stick	Shock Stick	entity-page	3	1	no			wiki:Category:Web_Enhancements
1211	Light	Light	entity-page	3	2	no			wiki:Category:Web_Enhancements wiki:Jedi_Weapon_Master_Talent_Tree
1212	Knife	Knife	entity-page	3	3	no			wiki:Category:Web_Enhancements wiki:Infiltration_Talent_Tree wiki:Simple_Weapons_(Melee)
1213	Fire-Linking	Fire-Linking	entity-page	3	1	no			wiki:Category:Web_Enhancements
1214	Quad	Quad	entity-page	3	1	no			wiki:Category:Web_Enhancements
1215	Focused_Fire	Focused Fire	entity-page	3	1	no			wiki:Category:Web_Enhancements
1216	Fire-Link	Fire-Link	entity-page	3	1	no			wiki:Category:Web_Enhancements
1217	Force_Talisman	Force Talisman	entity-page	3	2	no	wiki:The_Force	variant-name(-1)	wiki:Category:Web_Enhancements wiki:Dark_Side_Devotee_Talent_Tree
1218	Force_Treatment	Force Treatment	entity-page	3	3	no	wiki:The_Force	variant-name(-1)	wiki:Category:Web_Enhancements wiki:Jedi_Healer_Talent_Tree wiki:The_Tyia
1219	Improved_Initiative	Improved Initiative	entity-page	3	2	no			wiki:Category:Web_Enhancements wiki:Organizations
1220	Long_Stride	Long Stride	entity-page	3	3	no			wiki:Category:Web_Enhancements wiki:Master_Scout_Talent_Tree wiki:The_Seyugi_Dervishes
1221	Vehicular_Evasion	Vehicular Evasion	entity-page	3	2	no			wiki:Category:Web_Enhancements wiki:Vehicle_Pilot
1222	Keen_Shot	Keen Shot	entity-page	3	3	no			wiki:Category:Web_Enhancements wiki:Master_Scout_Talent_Tree wiki:Unleashed_Abilities
1223	Skill_Focus_(Treat_Injury)	Skill Focus (Treat Injury)	rules-term	3	3	no	wiki:Skill_Focus	variant-name(-2)	wiki:Category:Web_Enhancements wiki:Kaminoan wiki:Polis_Massan
1224	Skill_Focus_(Initiative)	Skill Focus (Initiative)	rules-term	3	3	no	wiki:Skill_Focus	variant-name(-1)	wiki:Category:Web_Enhancements wiki:Cerean wiki:Master_Scout_Talent_Tree
1225	Delaying	Delaying	entity-page	3	1	no			wiki:Category:Web_Enhancements
1226	Valin_Draco	Valin Draco	entity-page	3	2	no			wiki:Category:Web_Enhancements wiki:The_Inquisitorius
1227	Ponda_Baba	Ponda Baba	entity-page	3	1	no			wiki:Category:Web_Enhancements
1228	AT-ST	AT-ST	entity-page	3	3	no			wiki:Category:Web_Enhancements wiki:Defenses wiki:Move_Object
1229	Force_Boon	Force Boon	entity-page	3	3	yes	wiki:The_Force	variant-name(-1)	wiki:Character_Creation wiki:The_Force wiki:The_Shapers_of_Kro_Var
1230	Field_Kit	Field Kit	entity-page	3	3	no			wiki:Climb wiki:General_Equipment wiki:Survival
1231	Imperial_I-Class_Star_Destroyer	Imperial I-Class Star Destroyer	entity-page	3	3	no			wiki:Combat wiki:Defenses wiki:Influence_Talent_Tree
1232	Hostile	Hostile	entity-page	3	2	no			wiki:Corporate_Power_Talent_Tree wiki:Rebel_Recruiter_Talent_Tree
1233	Cybernetic_Prostheses	Cybernetic Prostheses	entity-page	3	2	no			wiki:Cybernetic_Surgery wiki:Cyborg_Hybrid
1234	Dark_Side_Spirit	Dark Side Spirit	entity-page	3	2	no			wiki:Dark_Side_Talent_Tree wiki:Massassi
1235	X-34_Landspeeder	X-34 Landspeeder	entity-page	3	3	no			wiki:Defenses wiki:Rank_and_Privilege wiki:Speeders
1236	Ion_Pistol	Ion Pistol	entity-page	3	2	no			wiki:Disabler wiki:Pistols
1237	Haggle	Haggle	entity-page	3	3	no			wiki:Fringer_Talent_Tree wiki:Smuggling_Talent_Tree wiki:Squib
1238	Almas	Almas	entity-page	3	2	no			wiki:Galactic_Gazetteer wiki:The_Believers
1239	Gand,_Planet	Gand, Planet	entity-page	3	1	no	wiki:Gand	variant-name(-1)	wiki:Gand
1240	Cortosis_Weave/Phrik_Alloy_General_Template	Cortosis Weave/Phrik Alloy General Template	entity-page	3	2	no			wiki:Gear_Templates wiki:Mandalorian_Warrior_Talent_Tree
1241	Age	Age	entity-page	3	1	no			wiki:Gen'Dai
1242	Personal_Holoprojector	Personal Holoprojector	entity-page	3	2	no			wiki:General_Equipment wiki:Rank_and_Privilege
1243	LAAT/i_Gunship	LAAT/i Gunship	entity-page	3	3	no			wiki:Gunner wiki:Ranged_Attacks wiki:Vehicle_Pilot
1244	Heavy_Dark_Armor	Heavy Dark Armor	entity-page	3	2	no			wiki:Heavy_Armor wiki:Sith_Alchemy_Talent_Tree
1245	Giju	Giju	entity-page	3	1	no			wiki:Herglic
1246	Move_Light_Object	Move Light Object	entity-page	3	3	no			wiki:Intercept wiki:Jedi_Artisan_Talent_Tree wiki:Jedi_Guardian_Talent_Tree
1247	Tibrin	Tibrin	entity-page	3	1	no			wiki:Ishi_Tib
1248	Extreme_Heat	Extreme Heat	entity-page	3	3	no			wiki:Jawa wiki:Survival wiki:Twi'lek
1249	Riposte	Riposte	entity-page	3	1	no			wiki:Jedi_Battlemaster_Talent_Tree
1250	Feat_of_Strength	Feat of Strength	rules-term	3	3	yes			wiki:Jedi_Bonus_Feats wiki:Scout_Bonus_Feats wiki:Soldier_Bonus_Feats
1251	Fight_Through_Pain	Fight Through Pain	entity-page	3	3	yes			wiki:Jedi_Bonus_Feats wiki:Noble_Bonus_Feats wiki:Scoundrel_Bonus_Feats
1252	Concealed_Weapon	Concealed Weapon	entity-page	3	2	no			wiki:Knife_Trick wiki:Smuggling_Talent_Tree
1253	Light_Dark_Armor	Light Dark Armor	entity-page	3	2	no			wiki:Light_Armor wiki:Sith_Alchemy_Talent_Tree
1254	Light_Pressure_Suit	Light Pressure Suit	entity-page	3	2	no			wiki:Light_Armor wiki:Skakoan
1255	Weapon_Specialization_(Lightsabers)	Weapon Specialization (Lightsabers)	entity-page	3	2	no	wiki:Category:Weapons	variant-name(-2)	wiki:Lightsaber_Forms_Talent_Tree wiki:Sith_Talent_Tree
1256	Taking_20	Taking 20	entity-page	3	3	no			wiki:Lineage_Talent_Tree wiki:Perception wiki:Quick_Skill
1257	Biotech_Devices	Biotech Devices	entity-page	3	2	no			wiki:Mechanics wiki:Use_the_Force
1258	Use_Mount_as_Cover	Use Mount as Cover	entity-page	3	1	no			wiki:Mobile_Scout_Talent_Tree
1259	Weapon_Focus_(Fira)	Weapon Focus (Fira)	entity-page	3	1	no	wiki:Weapon_Focus	variant-name(-1)	wiki:Order_of_Shasa_Talent_Tree
1260	The_Antarian_Rangers	The Antarian Rangers	rules-term	3	1	no			wiki:Organizations
1261	Heroic	Heroic	entity-page	3	1	no			wiki:Organizations
1262	CR90_Corellian_Corvette	CR90 Corellian Corvette	entity-page	3	2	no			wiki:Organizations wiki:Starship_Modifications
1263	Odan-Urr	Odan-Urr	entity-page	3	3	no			wiki:Philosophy wiki:The_Jedi wiki:The_Krath
1264	Sporting_Blaster_Pistol	Sporting Blaster Pistol	entity-page	3	2	no			wiki:Pistols wiki:Sport_Hunter
1265	Slugthrower_Pistol	Slugthrower Pistol	entity-page	3	2	no			wiki:Pistols wiki:Sport_Hunter
1266	Ration_Packs	Ration Packs	entity-page	3	1	no			wiki:Rank_and_Privilege
1267	Slugthrower_Rifle	Slugthrower Rifle	entity-page	3	2	no			wiki:Rifles wiki:Sport_Hunter
1268	Droid_Hunter	Droid Hunter	rules-term	3	3	yes			wiki:Scoundrel_Bonus_Feats wiki:Scout_Bonus_Feats wiki:Soldier_Bonus_Feats
1269	Fatal_Hit	Fatal Hit	entity-page	3	3	yes			wiki:Scoundrel_Bonus_Feats wiki:Scout_Bonus_Feats wiki:Soldier_Bonus_Feats
1270	Aimed	Aimed	entity-page	3	1	no			wiki:Sharpshooter_Talent_Tree
1271	Close_Call	Close Call	entity-page	3	1	no			wiki:Skill_Challenges
1272	Degenerating	Degenerating	entity-page	3	1	no			wiki:Skill_Challenges
1273	Degrees_of_Failure	Degrees of Failure	entity-page	3	1	no			wiki:Skill_Challenges
1274	The_Sorcerers_of_Rhand	The Sorcerers of Rhand	rules-term	3	1	no			wiki:Sorcerer_of_Rhand
1275	Luxury_Upgrade	Luxury Upgrade	entity-page	3	1	no			wiki:Starship_Modifications
1276	Sensor_Array_Computer	Sensor Array Computer	entity-page	3	1	no			wiki:Starship_Modifications
1277	Slave_Circuits	Slave Circuits	entity-page	3	1	no			wiki:Starship_Modifications
1278	Jin-Lo_Rayce	Jin-Lo Rayce	entity-page	3	1	no			wiki:The_Agents_of_Ossus
1279	Makezh	Makezh	entity-page	3	1	no			wiki:The_Aing-Tii_Monks
1280	Aqinos	Aqinos	entity-page	3	1	no			wiki:The_Iron_Knights
1281	The_Balawai	The Balawai	rules-term	3	1	no			wiki:The_Korunnai
1282	Revyia	Revyia	entity-page	3	1	no			wiki:The_Tyia
1283	The_Vagaari_Empire	The Vagaari Empire	rules-term	3	2	no	wiki:Vagaari	variant-name(-1)	wiki:Tof wiki:Vagaari
1284	The_Trianii_Rangers	The Trianii Rangers	rules-term	3	1	no	wiki:Trianii	variant-name(-1)	wiki:Trianii
1285	Uba_IV	Uba IV	entity-page	3	1	no			wiki:Ubese
1286	Vehicle_Attack	Vehicle Attack	rules-term	3	2	no	wiki:Category:Vehicles	variant-name(-1)	wiki:Vehicle_Pilot wiki:Wingman_Talent_Tree
1287	Vulta	Vulta	entity-page	3	1	no			wiki:Vultan
1288	N'zoth	N'zoth	entity-page	3	1	no			wiki:Yevetha
1289	Medical_Droid	Medical Droid	entity-page	2	2	no			wiki:1st-Degree_Droid_Talent_Tree wiki:Category:Scavenger's_Guide_to_Droids
1290	Treat_Disease	Treat Disease	entity-page	2	2	no			wiki:1st-Degree_Droid_Talent_Tree wiki:Advanced_Medicine_Talent_Tree
1291	Treat_Poison	Treat Poison	entity-page	2	2	no			wiki:1st-Degree_Droid_Talent_Tree wiki:Advanced_Medicine_Talent_Tree
1292	2-1B_Medical_Droid	2-1B Medical Droid	entity-page	2	2	no			wiki:1st-Degree_Droids wiki:Rank_and_Privilege
1293	GH-7_Medical_Droid	GH-7 Medical Droid	entity-page	2	2	no			wiki:1st-Degree_Droids wiki:Category:Threats_of_the_Galaxy
1294	T0-D_Interrogation_Droid	T0-D Interrogation Droid	entity-page	2	2	no			wiki:1st-Degree_Droids wiki:Category:Threats_of_the_Galaxy
1295	FX-6_Medical_Droid	FX-6 Medical Droid	entity-page	2	2	no			wiki:1st-Degree_Droids wiki:Category:Force_Unleashed_Campaign_Guide
1296	DD-13_Medical_Assistant_Droid	DD-13 Medical Assistant Droid	entity-page	2	2	no			wiki:1st-Degree_Droids wiki:Category:Clone_Wars_Campaign_Guide
1297	EW-3_Midwife_Droid	EW-3 Midwife Droid	entity-page	2	2	no			wiki:1st-Degree_Droids wiki:Category:Clone_Wars_Campaign_Guide
1298	IM-6_Medical_Droid	IM-6 Medical Droid	entity-page	2	2	no			wiki:1st-Degree_Droids wiki:Category:Clone_Wars_Campaign_Guide
1299	SP-4_Analysis_Droid	SP-4 Analysis Droid	entity-page	2	2	no			wiki:1st-Degree_Droids wiki:Category:Clone_Wars_Campaign_Guide
1300	3Z3_Medical_Droid	3Z3 Medical Droid	entity-page	2	2	no			wiki:1st-Degree_Droids wiki:Category:Legacy_Era_Campaign_Guide
1301	BL-39_Interrogator_Droid	BL-39 Interrogator Droid	entity-page	2	2	no			wiki:1st-Degree_Droids wiki:Category:Legacy_Era_Campaign_Guide
1302	PI-Series_Medical_Assistant_Droid	PI-Series Medical Assistant Droid	entity-page	2	2	no			wiki:1st-Degree_Droids wiki:Category:Legacy_Era_Campaign_Guide
1303	FX-7_Medical_Droid	FX-7 Medical Droid	entity-page	2	2	no			wiki:1st-Degree_Droids wiki:Category:Rebellion_Era_Campaign_Guide
1304	WED-20_Treadwell	WED-20 Treadwell	entity-page	2	2	no			wiki:1st-Degree_Droids wiki:Category:Unknown_Regions_Campaign_Guide
1305	Access_Information	Access Information	entity-page	2	2	no			wiki:2nd-Degree_Droid_Talent_Tree wiki:Technometry
1306	Issue_Routine_Command	Issue Routine Command	entity-page	2	2	no			wiki:2nd-Degree_Droid_Talent_Tree wiki:Slicer_Talent_Tree
1307	R2-Series_Astromech_Droid	R2-Series Astromech Droid	entity-page	2	2	no			wiki:2nd-Degree_Droids wiki:Category:Web_Enhancements
1308	R3-Series_Astromech_Droid	R3-Series Astromech Droid	entity-page	2	2	no			wiki:2nd-Degree_Droids wiki:Category:Threats_of_the_Galaxy
1309	R4-Series_Astromech_Droid	R4-Series Astromech Droid	entity-page	2	2	no			wiki:2nd-Degree_Droids wiki:Category:Threats_of_the_Galaxy
1310	R7-Series_Astromech_Droid	R7-Series Astromech Droid	entity-page	2	2	no			wiki:2nd-Degree_Droids wiki:Category:Threats_of_the_Galaxy
1311	IT-0_Interrogator_Droid	IT-0 Interrogator Droid	entity-page	2	2	no			wiki:2nd-Degree_Droids wiki:Category:Force_Unleashed_Campaign_Guide
1312	Q7-Series_Astromech_Droid	Q7-Series Astromech Droid	entity-page	2	2	no			wiki:2nd-Degree_Droids wiki:Category:Force_Unleashed_Campaign_Guide
1313	FA-4_Pilot_Droid	FA-4 Pilot Droid	entity-page	2	2	no			wiki:2nd-Degree_Droids wiki:Category:Clone_Wars_Campaign_Guide
1314	LE-Series_Repair_Droid	LE-Series Repair Droid	entity-page	2	2	no			wiki:2nd-Degree_Droids wiki:Category:Clone_Wars_Campaign_Guide
1315	P2-Series_Astromech_Droid	P2-Series Astromech Droid	entity-page	2	2	no			wiki:2nd-Degree_Droids wiki:Category:Clone_Wars_Campaign_Guide
1316	Pit_Droid	Pit Droid	entity-page	2	2	no			wiki:2nd-Degree_Droids wiki:Category:Clone_Wars_Campaign_Guide
1317	FEG-Series_Pilot_Droid	FEG-Series Pilot Droid	entity-page	2	2	no			wiki:2nd-Degree_Droids wiki:Category:Legacy_Era_Campaign_Guide
1318	Holocam_Droid	Holocam Droid	entity-page	2	2	no			wiki:2nd-Degree_Droids wiki:Category:Legacy_Era_Campaign_Guide
1319	Roving_Eye_Observation_Droid	Roving Eye Observation Droid	entity-page	2	2	no			wiki:2nd-Degree_Droids wiki:Category:Legacy_Era_Campaign_Guide
1320	R4-Series_Agromech_Droid	R4-Series Agromech Droid	entity-page	2	2	no			wiki:2nd-Degree_Droids wiki:Category:Rebellion_Era_Campaign_Guide
1321	M-3PO-Series_Protocol_Droid	M-3PO-Series Protocol Droid	entity-page	2	2	no			wiki:3rd-Degree_Droids wiki:Category:Threats_of_the_Galaxy
1322	TC-Series_Protocol_Droid	TC-Series Protocol Droid	entity-page	2	2	no			wiki:3rd-Degree_Droids wiki:Category:Threats_of_the_Galaxy
1323	BD-3000_Luxury_Droid	BD-3000 Luxury Droid	entity-page	2	2	no			wiki:3rd-Degree_Droids wiki:Category:Force_Unleashed_Campaign_Guide
1324	RA-7_Protocol_Droid	RA-7 Protocol Droid	entity-page	2	2	no			wiki:3rd-Degree_Droids wiki:Category:Force_Unleashed_Campaign_Guide
1325	5YQ-Series_Protocol_Droid	5YQ-Series Protocol Droid	entity-page	2	2	no			wiki:3rd-Degree_Droids wiki:Category:Clone_Wars_Campaign_Guide
1326	Imperial_Espionage_Droid	Imperial Espionage Droid	entity-page	2	2	no			wiki:3rd-Degree_Droids wiki:Category:Rebellion_Era_Campaign_Guide
1327	LOM-Series_Protocol_Droid	LOM-Series Protocol Droid	entity-page	2	2	no			wiki:3rd-Degree_Droids wiki:Category:Rebellion_Era_Campaign_Guide
1328	EV-Series_Supervisor_Droid	EV-Series Supervisor Droid	entity-page	2	2	no			wiki:3rd-Degree_Droids wiki:Category:Scavenger's_Guide_to_Droids
1329	AS23_Aerial_Survey_Droid	AS23 Aerial Survey Droid	entity-page	2	2	no			wiki:3rd-Degree_Droids wiki:Category:Unknown_Regions_Campaign_Guide
1330	IG-100_MagnaGuard	IG-100 MagnaGuard	entity-page	2	2	no			wiki:4th-Degree_Droids wiki:Category:Clone_Wars_Campaign_Guide
1331	3PX-Series_Espionage_Droid	3PX-Series Espionage Droid	entity-page	2	2	no			wiki:4th-Degree_Droids wiki:Category:Threats_of_the_Galaxy
1332	501-Z_Police/Security_Droid	501-Z Police/Security Droid	entity-page	2	2	no			wiki:4th-Degree_Droids wiki:Category:Threats_of_the_Galaxy
1333	ASN-121_Assassin_Droid	ASN-121 Assassin Droid	entity-page	2	2	no			wiki:4th-Degree_Droids wiki:Category:Threats_of_the_Galaxy
1334	B3-A-Series_Ultra_Battle_Droid	B3-A-Series Ultra Battle Droid	entity-page	2	2	no			wiki:4th-Degree_Droids wiki:Category:Threats_of_the_Galaxy
1335	B3-Series_Ultra_Battle_Droid	B3-Series Ultra Battle Droid	entity-page	2	2	no			wiki:4th-Degree_Droids wiki:Category:Threats_of_the_Galaxy
1336	Buzz_Droid	Buzz Droid	entity-page	2	2	no			wiki:4th-Degree_Droids wiki:Category:Threats_of_the_Galaxy
1337	DRK-1_Probe_Droid	DRK-1 Probe Droid	entity-page	2	2	no			wiki:4th-Degree_Droids wiki:Category:Threats_of_the_Galaxy
1338	Imperial_Sentry_Droid_Mark_IV	Imperial Sentry Droid Mark IV	entity-page	2	2	no			wiki:4th-Degree_Droids wiki:Category:Threats_of_the_Galaxy
1339	Mark_VII_"Inquisitor"_Seeker_Droid	Mark VII "Inquisitor" Seeker Droid	entity-page	2	2	no			wiki:4th-Degree_Droids wiki:Category:Threats_of_the_Galaxy
1340	VX-Series_Artillery_Droid	VX-Series Artillery Droid	entity-page	2	2	no			wiki:4th-Degree_Droids wiki:Category:Threats_of_the_Galaxy
1341	WSB-15_Sabotage_Droid	WSB-15 Sabotage Droid	entity-page	2	2	no			wiki:4th-Degree_Droids wiki:Category:Threats_of_the_Galaxy
1342	Assault_Droid_Mark_I	Assault Droid Mark I	entity-page	2	2	no	wiki:Assault	variant-name(-3)	wiki:4th-Degree_Droids wiki:Category:Knights_of_the_Old_Republic_Campaign_Guide
1343	Assault_Droid_Mark_IV	Assault Droid Mark IV	entity-page	2	2	no	wiki:Assault	variant-name(-3)	wiki:4th-Degree_Droids wiki:Category:Knights_of_the_Old_Republic_Campaign_Guide
1344	Devastator_War_Droid	Devastator War Droid	entity-page	2	2	no			wiki:4th-Degree_Droids wiki:Category:Knights_of_the_Old_Republic_Campaign_Guide
1345	HK-50_Assassin_Droid	HK-50 Assassin Droid	entity-page	2	2	no			wiki:4th-Degree_Droids wiki:Category:Knights_of_the_Old_Republic_Campaign_Guide
1346	HK-Series_Independent_Droid	HK-Series Independent Droid	entity-page	2	2	no			wiki:4th-Degree_Droids wiki:Category:Knights_of_the_Old_Republic_Campaign_Guide
1347	Municipal_Patrol_Droid_Mark_I	Municipal Patrol Droid Mark I	entity-page	2	2	no			wiki:4th-Degree_Droids wiki:Category:Knights_of_the_Old_Republic_Campaign_Guide
1348	Sentinel_Droid_Mark_I	Sentinel Droid Mark I	entity-page	2	2	no			wiki:4th-Degree_Droids wiki:Category:Knights_of_the_Old_Republic_Campaign_Guide
1349	Rakatan_Guardian_Droid	Rakatan Guardian Droid	entity-page	2	2	no			wiki:4th-Degree_Droids wiki:Category:Knights_of_the_Old_Republic_Campaign_Guide
1350	Behemoth_Junk_Droid	Behemoth Junk Droid	entity-page	2	2	no			wiki:4th-Degree_Droids wiki:Category:Force_Unleashed_Campaign_Guide
1351	Brute_Junk_Droid	Brute Junk Droid	entity-page	2	2	no			wiki:4th-Degree_Droids wiki:Category:Force_Unleashed_Campaign_Guide
1352	Junk_Droid	Junk Droid	entity-page	2	2	no			wiki:4th-Degree_Droids wiki:Category:Force_Unleashed_Campaign_Guide
1353	R-1_Recon_Droid	R-1 Recon Droid	entity-page	2	2	no			wiki:4th-Degree_Droids wiki:Category:Force_Unleashed_Campaign_Guide
1354	A-Series_Assassin_Droid	A-Series Assassin Droid	entity-page	2	2	no			wiki:4th-Degree_Droids wiki:Category:Clone_Wars_Campaign_Guide
1355	Assault_Crab_Droid	Assault Crab Droid	entity-page	2	2	no	wiki:Assault	variant-name(-2)	wiki:4th-Degree_Droids wiki:Category:Clone_Wars_Campaign_Guide
1356	B1-A_Air_Battle_Droid	B1-A Air Battle Droid	entity-page	2	2	no			wiki:4th-Degree_Droids wiki:Category:Clone_Wars_Campaign_Guide
1357	Battle_Droid_Assassin	Battle Droid Assassin	entity-page	2	2	no			wiki:4th-Degree_Droids wiki:Category:Clone_Wars_Campaign_Guide
1358	BX-Series_Droid_Commando	BX-Series Droid Commando	entity-page	2	2	no			wiki:4th-Degree_Droids wiki:Category:Clone_Wars_Campaign_Guide
1359	C-B3_Cortosis_Battle_Droid	C-B3 Cortosis Battle Droid	entity-page	2	2	no			wiki:4th-Degree_Droids wiki:Category:Clone_Wars_Campaign_Guide
1360	Cold_Assault_Battle_Droid	Cold Assault Battle Droid	entity-page	2	2	no			wiki:4th-Degree_Droids wiki:Category:Clone_Wars_Campaign_Guide
1361	IG-86_Sentinel_Droid	IG-86 Sentinel Droid	entity-page	2	2	no			wiki:4th-Degree_Droids wiki:Category:Clone_Wars_Campaign_Guide
1362	IG-110_Lightsaber_Droid	IG-110 Lightsaber Droid	entity-page	2	2	no			wiki:4th-Degree_Droids wiki:Category:Clone_Wars_Campaign_Guide
1363	JK-13_Security_Droid	JK-13 Security Droid	entity-page	2	2	no			wiki:4th-Degree_Droids wiki:Category:Clone_Wars_Campaign_Guide
1364	LR-57_Combat_Droid	LR-57 Combat Droid	entity-page	2	2	no			wiki:4th-Degree_Droids wiki:Category:Clone_Wars_Campaign_Guide
1365	Octuptarra_Combat_Tri-Droid	Octuptarra Combat Tri-Droid	entity-page	2	2	no			wiki:4th-Degree_Droids wiki:Category:Clone_Wars_Campaign_Guide
1366	OOM-Series_Battle_Droid	OOM-Series Battle Droid	entity-page	2	2	no			wiki:4th-Degree_Droids wiki:Category:Clone_Wars_Campaign_Guide
1367	Spelunker_Probe_Droid	Spelunker Probe Droid	entity-page	2	2	no			wiki:4th-Degree_Droids wiki:Category:Clone_Wars_Campaign_Guide
1368	Ultra_Droideka_Destroyer_Droid	Ultra Droideka Destroyer Droid	entity-page	2	2	no			wiki:4th-Degree_Droids wiki:Category:Clone_Wars_Campaign_Guide
1369	Aggressor-Series_Battle_Droid	Aggressor-Series Battle Droid	entity-page	2	2	no			wiki:4th-Degree_Droids wiki:Category:Legacy_Era_Campaign_Guide
1370	IX-6_Heavy_Combat_Droid	IX-6 Heavy Combat Droid	entity-page	2	2	no			wiki:4th-Degree_Droids wiki:Category:Legacy_Era_Campaign_Guide
1371	LON-29_Battle_Droid_Commander	LON-29 Battle Droid Commander	entity-page	2	2	no			wiki:4th-Degree_Droids wiki:Category:Legacy_Era_Campaign_Guide
1372	LV8-Series_Guard_Droid	LV8-Series Guard Droid	entity-page	2	2	no			wiki:4th-Degree_Droids wiki:Category:Legacy_Era_Campaign_Guide
1373	Z65_Patrol_Droid	Z65 Patrol Droid	entity-page	2	2	no			wiki:4th-Degree_Droids wiki:Category:Legacy_Era_Campaign_Guide
1374	BT-16_Perimeter_Security_Droid	BT-16 Perimeter Security Droid	entity-page	2	2	no			wiki:4th-Degree_Droids wiki:Category:Rebellion_Era_Campaign_Guide
1375	RHTC-560_Hunter_Trainer	RHTC-560 Hunter Trainer	entity-page	2	2	no			wiki:4th-Degree_Droids wiki:Category:Rebellion_Era_Campaign_Guide
1376	HT_Drone	HT Drone	entity-page	2	2	no			wiki:4th-Degree_Droids wiki:Category:Rebellion_Era_Campaign_Guide
1377	FLTCH-Series_Battle_Droid	FLTCH-Series Battle Droid	entity-page	2	2	no			wiki:4th-Degree_Droids wiki:The_Iron_Knights
1378	X-1_Viper_Droid	X-1 Viper Droid	entity-page	2	2	no			wiki:4th-Degree_Droids wiki:The_New_Republic
1379	YVH-Series_Battle_Droid	YVH-Series Battle Droid	entity-page	2	2	no			wiki:4th-Degree_Droids wiki:The_New_Republic
1380	DSH-3_Probe_Droid	DSH-3 Probe Droid	entity-page	2	2	no			wiki:4th-Degree_Droids wiki:Category:Unknown_Regions_Campaign_Guide
1381	ASN-121_Assassin_Droid_(CL_5)	ASN-121 Assassin Droid (CL 5)	entity-page	2	2	no			wiki:4th-Degree_Droids wiki:Category:Web_Enhancements
1382	B1-Series_Battle_Droid_Sergeant	B1-Series Battle Droid Sergeant	entity-page	2	2	no			wiki:4th-Degree_Droids wiki:Category:Web_Enhancements
1383	BX-Series_Droid_Commando_Captain	BX-Series Droid Commando Captain	entity-page	2	2	no			wiki:4th-Degree_Droids wiki:Category:Web_Enhancements
1384	R-4_Recon_Droid	R-4 Recon Droid	entity-page	2	2	no			wiki:4th-Degree_Droids wiki:Category:Web_Enhancements
1385	EG-6_Power_Droid	EG-6 Power Droid	entity-page	2	2	no			wiki:5th-Degree_Droids wiki:Category:Threats_of_the_Galaxy
1386	EVS_Construction_Droid	EVS Construction Droid	entity-page	2	2	no			wiki:5th-Degree_Droids wiki:Category:Threats_of_the_Galaxy
1387	GRZ-6B_Demolitions_Droid	GRZ-6B Demolitions Droid	entity-page	2	2	no			wiki:5th-Degree_Droids wiki:Category:Threats_of_the_Galaxy
1388	PK_Worker_Droid	PK Worker Droid	entity-page	2	2	no			wiki:5th-Degree_Droids wiki:Category:Threats_of_the_Galaxy
1389	R-8009_Utility_Droid	R-8009 Utility Droid	entity-page	2	2	no			wiki:5th-Degree_Droids wiki:Category:Knights_of_the_Old_Republic_Campaign_Guide
1390	MSE-6_Repair_Droid	MSE-6 Repair Droid	entity-page	2	2	no			wiki:5th-Degree_Droids wiki:Category:Force_Unleashed_Campaign_Guide
1391	CLL-6_Binary_Load_Lifter	CLL-6 Binary Load Lifter	entity-page	2	2	no			wiki:5th-Degree_Droids wiki:Category:Clone_Wars_Campaign_Guide
1392	FA-5_Valet_Droid	FA-5 Valet Droid	entity-page	2	2	no			wiki:5th-Degree_Droids wiki:Category:Clone_Wars_Campaign_Guide
1393	IW-37_Pincer_Loader_Droid	IW-37 Pincer Loader Droid	entity-page	2	2	no			wiki:5th-Degree_Droids wiki:Category:Clone_Wars_Campaign_Guide
1394	HV-7_Loading_Droid	HV-7 Loading Droid	entity-page	2	2	no			wiki:5th-Degree_Droids wiki:Category:Legacy_Era_Campaign_Guide
1395	IC-M_General_Utility_Droid	IC-M General Utility Droid	entity-page	2	2	no			wiki:5th-Degree_Droids wiki:Category:Rebellion_Era_Campaign_Guide
1396	F1_Exploration_Droid	F1 Exploration Droid	entity-page	2	2	no			wiki:5th-Degree_Droids wiki:Category:Unknown_Regions_Campaign_Guide
1397	MULE_Droid	MULE Droid	entity-page	2	2	no			wiki:5th-Degree_Droids wiki:Category:Unknown_Regions_Campaign_Guide
1398	Wanderer_Scout_Surveyor_Droid	Wanderer Scout Surveyor Droid	entity-page	2	2	no			wiki:5th-Degree_Droids wiki:Category:Unknown_Regions_Campaign_Guide
1399	Revivify	Revivify	entity-page	2	2	no			wiki:Advanced_Medicine_Talent_Tree wiki:Hit_Points
1400	First_Officer	First Officer	entity-page	2	2	no			wiki:Aid_Another wiki:Combat
1401	Altiria	Altiria	entity-page	2	1	no			wiki:Altiri
1402	The_Altirian_Republic	The Altirian Republic	rules-term	2	1	no			wiki:Altiri
1403	Priva	Priva	entity-page	2	2	no			wiki:Altiri wiki:Galactic_Gazetteer
1404	Basic_Survival	Basic Survival	entity-page	2	2	no			wiki:Ample_Foraging wiki:Wilderness_First_Aid
1405	Ando	Ando	entity-page	2	1	no			wiki:Aqualish
1406	Energy_Shield	Energy Shield	entity-page	2	2	no			wiki:Armor_Specialist_Talent_Tree wiki:Lightsaber
1407	The_Malkite_Poisoners	The Malkite Poisoners	rules-term	2	2	no			wiki:Assassin wiki:Category:Threats_of_the_Galaxy
1408	Dastardly_Strike	Dastardly Strike	entity-page	2	2	no			wiki:Assassin wiki:Heroic_Classes
1409	Clone_Trooper_Battalion	Clone Trooper Battalion	entity-page	2	2	no			wiki:Attacks wiki:Hit_Points
1410	Dewback	Dewback	entity-page	2	2	no			wiki:Beast wiki:Ride
1411	Nexu	Nexu	entity-page	2	2	no			wiki:Beast wiki:Gamemastering
1412	Wampa	Wampa	entity-page	2	2	no			wiki:Beast wiki:Gamemastering
1413	Long_Jump	Long Jump	entity-page	2	2	no			wiki:Beast wiki:Near-Human
1414	Biotech_Adaptation	Biotech Adaptation	entity-page	2	2	no			wiki:Biotech_General_Template wiki:Use_the_Force
1415	Recording_Devices	Recording Devices	entity-page	2	2	no			wiki:Biotech_General_Template wiki:Mechanics
1416	Dovin_Basal	Dovin Basal	entity-page	2	1	no			wiki:Biotech_Specialist
1417	Clak'dor_VII	Clak'dor VII	entity-page	2	1	no			wiki:Bith
1418	Disguised	Disguised	entity-page	2	2	no			wiki:Bounty_Hunter_Talent_Tree wiki:Infamy_Talent_Tree
1419	Locate_Individual	Locate Individual	entity-page	2	2	no			wiki:Bounty_Hunter_Talent_Tree wiki:Telepath_Talent_Tree
1420	Starship_Stealth	Starship Stealth	rules-term	2	1	no	wiki:Category:Starships	variant-name(-1)	wiki:Camouflage_Talent_Tree
1421	Tough_as_Nails	Tough as Nails	entity-page	2	2	no			wiki:Catch_a_Second_Wind wiki:Category:Web_Enhancements
1422	Probe	Probe	entity-page	2	1	no			wiki:Category:Appendages
1423	Instrument	Instrument	entity-page	2	1	no			wiki:Category:Appendages
1424	Climbing_Claws	Climbing Claws	entity-page	2	2	no			wiki:Category:Appendages wiki:Category:Web_Enhancements
1425	Quick-Release_Coupling	Quick-Release Coupling	entity-page	2	1	no			wiki:Category:Appendages
1426	Replacement_Body_Parts	Replacement Body Parts	entity-page	2	1	no			wiki:Category:Bio-Implants
1427	Cosmetic_Enhancements	Cosmetic Enhancements	entity-page	2	2	no			wiki:Category:Bio-Implants wiki:General_Equipment
1428	Body_Spikes	Body Spikes	entity-page	2	2	no			wiki:Category:Bio-Implants wiki:General_Equipment
1429	Advanced_Vital_Transfer	Advanced Vital Transfer	entity-page	2	2	no			wiki:Category:Clone_Wars_Campaign_Guide wiki:The_Force
1430	Improved_Cloak	Improved Cloak	entity-page	2	2	no			wiki:Category:Clone_Wars_Campaign_Guide wiki:The_Force
1431	Improved_Levitate	Improved Levitate	entity-page	2	2	no			wiki:Category:Clone_Wars_Campaign_Guide wiki:The_Force
1432	Improved_Malacia	Improved Malacia	entity-page	2	2	no			wiki:Category:Clone_Wars_Campaign_Guide wiki:The_Force
1433	Improved_Phase	Improved Phase	entity-page	2	2	no			wiki:Category:Clone_Wars_Campaign_Guide wiki:The_Force
1434	Improved_Rend	Improved Rend	entity-page	2	2	no			wiki:Category:Clone_Wars_Campaign_Guide wiki:The_Force
1435	Improved_Shatterpoint	Improved Shatterpoint	entity-page	2	2	no			wiki:Category:Clone_Wars_Campaign_Guide wiki:The_Force
1436	Improved_Technometry	Improved Technometry	entity-page	2	2	no			wiki:Category:Clone_Wars_Campaign_Guide wiki:The_Force
1437	Extend_Power	Extend Power	entity-page	2	2	no			wiki:Category:Clone_Wars_Campaign_Guide wiki:The_Force
1438	Linked_Power	Linked Power	entity-page	2	2	no			wiki:Category:Clone_Wars_Campaign_Guide wiki:The_Force
1439	Unconditional_Power	Unconditional Power	entity-page	2	2	no			wiki:Category:Clone_Wars_Campaign_Guide wiki:The_Force
1440	Vibroknucklers	Vibroknucklers	entity-page	2	1	no			wiki:Category:Clone_Wars_Campaign_Guide
1441	Snap_Baton	Snap Baton	entity-page	2	2	no			wiki:Category:Clone_Wars_Campaign_Guide wiki:Simple_Weapons_(Melee)
1442	Adjudicator_Slugthrower	Adjudicator Slugthrower	entity-page	2	2	no			wiki:Category:Clone_Wars_Campaign_Guide wiki:Pistols
1443	DH-23_Blaster_Pistol	DH-23 Blaster Pistol	entity-page	2	2	no			wiki:Category:Clone_Wars_Campaign_Guide wiki:Pistols
1444	DT-12_Heavy_Blaster_Pistol	DT-12 Heavy Blaster Pistol	entity-page	2	2	no			wiki:Category:Clone_Wars_Campaign_Guide wiki:Pistols
1445	Model_434_DeathHammer_Blaster_Pistol	Model 434 DeathHammer Blaster Pistol	entity-page	2	2	no			wiki:Category:Clone_Wars_Campaign_Guide wiki:Pistols
1446	DLT-20A_Blaster_Rifle	DLT-20A Blaster Rifle	entity-page	2	2	no			wiki:Category:Clone_Wars_Campaign_Guide wiki:Rifles
1447	Adventurer_Slugthrower	Adventurer Slugthrower	entity-page	2	2	no			wiki:Category:Clone_Wars_Campaign_Guide wiki:Rifles
1448	Firelance_Blaster_Rifle	Firelance Blaster Rifle	entity-page	2	2	no			wiki:Category:Clone_Wars_Campaign_Guide wiki:Rifles
1449	EMP_Grenade	EMP Grenade	entity-page	2	2	no			wiki:Category:Clone_Wars_Campaign_Guide wiki:Grenades
1450	Thinsuit	Thinsuit	entity-page	2	2	no			wiki:Category:Clone_Wars_Campaign_Guide wiki:Light_Armor
1451	Tracker_Utility_Vest	Tracker Utility Vest	entity-page	2	2	no			wiki:Category:Clone_Wars_Campaign_Guide wiki:Light_Armor
1452	Camo_Armor	Camo Armor	entity-page	2	2	no			wiki:Category:Clone_Wars_Campaign_Guide wiki:Medium_Armor
1453	Vacuum_Pod	Vacuum Pod	entity-page	2	2	no			wiki:Category:Clone_Wars_Campaign_Guide wiki:Heavy_Armor
1454	Bioscanner	Bioscanner	entity-page	2	2	no			wiki:Category:Clone_Wars_Campaign_Guide wiki:General_Equipment
1455	Bracer_Computer	Bracer Computer	entity-page	2	2	no			wiki:Category:Clone_Wars_Campaign_Guide wiki:General_Equipment
1456	Visual_Wrist_Comm	Visual Wrist Comm	entity-page	2	2	no			wiki:Category:Clone_Wars_Campaign_Guide wiki:General_Equipment
1457	Large-Scale_Conflict	Large-Scale Conflict	entity-page	2	2	no			wiki:Category:Clone_Wars_Campaign_Guide wiki:Combat
1458	Cato_Neimoidia	Cato Neimoidia	entity-page	2	2	no			wiki:Category:Clone_Wars_Campaign_Guide wiki:Galactic_Gazetteer
1459	Category:Cato_Neimoidia_Beasts	Category:Cato Neimoidia Beasts	category-index	2	2	no			wiki:Category:Clone_Wars_Campaign_Guide wiki:Galactic_Gazetteer
1460	Category:Geonosis_Beasts	Category:Geonosis Beasts	category-index	2	2	no			wiki:Category:Clone_Wars_Campaign_Guide wiki:Galactic_Gazetteer
1461	Category:Kamino_Beasts	Category:Kamino Beasts	category-index	2	2	no			wiki:Category:Clone_Wars_Campaign_Guide wiki:Galactic_Gazetteer
1462	Southern_Mustafarians	Southern Mustafarians	entity-page	2	2	no			wiki:Category:Clone_Wars_Campaign_Guide wiki:Galactic_Gazetteer
1463	Northern_Mustafarians	Northern Mustafarians	entity-page	2	2	no			wiki:Category:Clone_Wars_Campaign_Guide wiki:Galactic_Gazetteer
1464	Category:Mustafar_Beasts	Category:Mustafar Beasts	category-index	2	2	no			wiki:Category:Clone_Wars_Campaign_Guide wiki:Galactic_Gazetteer
1465	Category:Nelvaan_Beasts	Category:Nelvaan Beasts	category-index	2	2	no			wiki:Category:Clone_Wars_Campaign_Guide wiki:Galactic_Gazetteer
1466	Category:Utapau_Beasts	Category:Utapau Beasts	category-index	2	2	no			wiki:Category:Clone_Wars_Campaign_Guide wiki:Galactic_Gazetteer
1467	Grakchawwaa	Grakchawwaa	entity-page	2	1	no			wiki:Category:Clone_Wars_Campaign_Guide
1468	Onaconda_Farr	Onaconda Farr	entity-page	2	1	no			wiki:Category:Clone_Wars_Campaign_Guide
1469	Sev'rance_Tann	Sev'rance Tann	entity-page	2	1	no			wiki:Category:Clone_Wars_Campaign_Guide
1470	The_Intergalactic_Zoological_Society	The Intergalactic Zoological Society	rules-term	2	2	no			wiki:Category:Clone_Wars_Campaign_Guide wiki:The_Jedi
1471	AgriCorps_Worker	AgriCorps Worker	entity-page	2	2	no			wiki:Category:Clone_Wars_Campaign_Guide wiki:The_Jedi
1472	EduCorps_Worker	EduCorps Worker	entity-page	2	2	no			wiki:Category:Clone_Wars_Campaign_Guide wiki:The_Jedi
1473	ExplorCorps_Worker	ExplorCorps Worker	entity-page	2	2	no			wiki:Category:Clone_Wars_Campaign_Guide wiki:The_Jedi
1474	MedCorps_Worker	MedCorps Worker	entity-page	2	2	no			wiki:Category:Clone_Wars_Campaign_Guide wiki:The_Jedi
1475	Jedi_Archivist	Jedi Archivist	entity-page	2	2	no	wiki:The_Jedi	variant-name(-1)	wiki:Category:Clone_Wars_Campaign_Guide wiki:The_Jedi
1476	Jedi_Healer	Jedi Healer	entity-page	2	2	no	wiki:The_Jedi	variant-name(-1)	wiki:Category:Clone_Wars_Campaign_Guide wiki:The_Jedi
1477	Jedi_Instructor	Jedi Instructor	entity-page	2	2	no	wiki:The_Jedi	variant-name(-1)	wiki:Category:Clone_Wars_Campaign_Guide wiki:The_Jedi
1478	Astaal_Vilbum	Astaal Vilbum	entity-page	2	2	no			wiki:Category:Clone_Wars_Campaign_Guide wiki:The_Jedi
1479	Obi-Wan_Kenobi,_Jedi_Master	Obi-Wan Kenobi, Jedi Master	entity-page	2	2	no			wiki:Category:Clone_Wars_Campaign_Guide wiki:The_Jedi
1480	Yoda,_Grand_Master	Yoda, Grand Master	entity-page	2	2	no			wiki:Category:Clone_Wars_Campaign_Guide wiki:The_Jedi
1481	Ahsoka_Tano,_Padawan	Ahsoka Tano, Padawan	entity-page	2	2	no			wiki:Category:Clone_Wars_Campaign_Guide wiki:The_Jedi
1482	Nahdar_Vebb	Nahdar Vebb	entity-page	2	2	no			wiki:Category:Clone_Wars_Campaign_Guide wiki:The_Jedi
1483	Ki-Adi-Mundi	Ki-Adi-Mundi	entity-page	2	2	no			wiki:Category:Clone_Wars_Campaign_Guide wiki:The_Jedi
1484	An'ya_Kuro	An'ya Kuro	entity-page	2	2	no			wiki:Category:Clone_Wars_Campaign_Guide wiki:The_Jedi
1485	Aayla_Secura	Aayla Secura	entity-page	2	2	no			wiki:Category:Clone_Wars_Campaign_Guide wiki:The_Jedi
1486	Saesee_Tiin	Saesee Tiin	entity-page	2	2	no			wiki:Category:Clone_Wars_Campaign_Guide wiki:The_Jedi
1487	Quinlan_Vos	Quinlan Vos	entity-page	2	2	no			wiki:Category:Clone_Wars_Campaign_Guide wiki:The_Jedi
1488	DC0052_"Intergalactic"_Speeder	DC0052 "Intergalactic" Speeder	entity-page	2	2	no			wiki:Category:Clone_Wars_Campaign_Guide wiki:The_Jedi
1489	Delta-7_Aethersprite_High-Speed_Interceptor	Delta-7 Aethersprite High-Speed Interceptor	entity-page	2	2	no			wiki:Category:Clone_Wars_Campaign_Guide wiki:The_Jedi
1490	Delta-7_Aethersprite_High-Maneuver_Interceptor	Delta-7 Aethersprite High-Maneuver Interceptor	entity-page	2	2	no			wiki:Category:Clone_Wars_Campaign_Guide wiki:The_Jedi
1491	The_Azure_Angel	The Azure Angel	rules-term	2	2	no			wiki:Category:Clone_Wars_Campaign_Guide wiki:The_Jedi
1492	Eta-2_Actis_High-Maneuver_Interceptor	Eta-2 Actis High-Maneuver Interceptor	entity-page	2	2	no			wiki:Category:Clone_Wars_Campaign_Guide wiki:The_Jedi
1493	Eta-2_Actis_Heavy-Defense_Interceptor	Eta-2 Actis Heavy-Defense Interceptor	entity-page	2	2	no			wiki:Category:Clone_Wars_Campaign_Guide wiki:The_Jedi
1494	Nute_Gunray	Nute Gunray	entity-page	2	1	no			wiki:Category:Clone_Wars_Campaign_Guide
1495	Jar_Jar_Binks	Jar Jar Binks	entity-page	2	2	no			wiki:Category:Clone_Wars_Campaign_Guide wiki:Category:Web_Enhancements
1496	Clone_Assassin	Clone Assassin	entity-page	2	1	no			wiki:Category:Clone_Wars_Campaign_Guide
1497	Venator-Class_Star_Destroyer	Venator-Class Star Destroyer	entity-page	2	2	no			wiki:Category:Clone_Wars_Campaign_Guide wiki:Category:Force_Unleashed_Campaign_Guide
1498	Wullf_Yularen	Wullf Yularen	entity-page	2	2	no			wiki:Category:Clone_Wars_Campaign_Guide wiki:Category:Force_Unleashed_Campaign_Guide
1499	BARC_Speeder	BARC Speeder	entity-page	2	2	no			wiki:Category:Clone_Wars_Campaign_Guide wiki:Speeders
1500	ISP	ISP	entity-page	2	2	no			wiki:Category:Clone_Wars_Campaign_Guide wiki:Speeders
1501	TX-130_Saber-Class_Fighter_Tank	TX-130 Saber-Class Fighter Tank	entity-page	2	2	no			wiki:Category:Clone_Wars_Campaign_Guide wiki:Speeders
1502	UT-AT	UT-AT	entity-page	2	2	no			wiki:Category:Clone_Wars_Campaign_Guide wiki:Speeders
1503	The_Corporate_Alliance	The Corporate Alliance	rules-term	2	1	no			wiki:Category:Clone_Wars_Campaign_Guide
1504	Wat_Tambor	Wat Tambor	entity-page	2	2	no			wiki:Category:Clone_Wars_Campaign_Guide wiki:Category:Web_Enhancements
1505	Geonosian_Industries	Geonosian Industries	entity-page	2	1	no	wiki:Geonosian	variant-name(-1)	wiki:Category:Clone_Wars_Campaign_Guide
1506	Poggle_the_Lesser	Poggle the Lesser	entity-page	2	1	no			wiki:Category:Clone_Wars_Campaign_Guide
1507	OG-9_Homing_Spider_Droids	OG-9 Homing Spider Droids	entity-page	2	1	no			wiki:Category:Clone_Wars_Campaign_Guide
1508	Octuptarra_Combat_Tri-Droids	Octuptarra Combat Tri-Droids	entity-page	2	1	no			wiki:Category:Clone_Wars_Campaign_Guide
1509	Spelunker_Probe_Droids	Spelunker Probe Droids	entity-page	2	1	no			wiki:Category:Clone_Wars_Campaign_Guide
1510	Dwarf_Spider_Droids	Dwarf Spider Droids	entity-page	2	1	no			wiki:Category:Clone_Wars_Campaign_Guide
1511	The_Koorivar_Fusiliers	The Koorivar Fusiliers	rules-term	2	1	no			wiki:Category:Clone_Wars_Campaign_Guide
1512	Geonosian_Warrior	Geonosian Warrior	entity-page	2	1	no	wiki:Geonosian	variant-name(-1)	wiki:Category:Clone_Wars_Campaign_Guide
1513	Geonosian_Warriors	Geonosian Warriors	entity-page	2	1	no	wiki:Geonosian	variant-name(-1)	wiki:Category:Clone_Wars_Campaign_Guide
1514	IG-Series_Lancer_Droids	IG-Series Lancer Droids	entity-page	2	1	no			wiki:Category:Clone_Wars_Campaign_Guide
1515	Remote_Processor	Remote Processor	entity-page	2	2	no			wiki:Category:Clone_Wars_Campaign_Guide wiki:Category:Scavenger's_Guide_to_Droids
1516	AATs	AATs	entity-page	2	1	no			wiki:Category:Clone_Wars_Campaign_Guide
1517	C-9979_Landing_Craft	C-9979 Landing Craft	entity-page	2	1	no			wiki:Category:Clone_Wars_Campaign_Guide
1518	C-9979_Landing_Crafts	C-9979 Landing Crafts	entity-page	2	1	no			wiki:Category:Clone_Wars_Campaign_Guide
1519	GAT	GAT	entity-page	2	2	no			wiki:Category:Clone_Wars_Campaign_Guide wiki:Speeders
1520	Manta_Droid_Subfighter	Manta Droid Subfighter	entity-page	2	2	no			wiki:Category:Clone_Wars_Campaign_Guide wiki:Speeders
1521	Trihexalon	Trihexalon	entity-page	2	2	no			wiki:Category:Clone_Wars_Campaign_Guide wiki:Category:Galaxy_of_Intrigue
1522	Dactillion	Dactillion	entity-page	2	2	no			wiki:Category:Clone_Wars_Campaign_Guide wiki:Utai
1523	Vibroblades	Vibroblades	entity-page	2	2	no			wiki:Category:Core_Rulebook wiki:Combat
1524	Datacards	Datacards	entity-page	2	2	no			wiki:Category:Core_Rulebook wiki:Galactic_Gazetteer
1525	Antipersonnel_Mine	Antipersonnel Mine	entity-page	2	2	no			wiki:Category:Explosives wiki:General_Equipment
1526	Bounding_Mine	Bounding Mine	entity-page	2	2	no			wiki:Category:Explosives wiki:General_Equipment
1527	Detonite_Cord	Detonite Cord	entity-page	2	2	no			wiki:Category:Explosives wiki:General_Equipment
1528	Fragmentation_Wire	Fragmentation Wire	entity-page	2	2	no			wiki:Category:Explosives wiki:General_Equipment
1529	Ion_Mine	Ion Mine	entity-page	2	2	no			wiki:Category:Explosives wiki:General_Equipment
1530	Limpet_Mine	Limpet Mine	entity-page	2	2	no			wiki:Category:Explosives wiki:General_Equipment
1531	Razor_Wire	Razor Wire	entity-page	2	2	no			wiki:Category:Explosives wiki:General_Equipment
1532	Smart_Mine	Smart Mine	entity-page	2	2	no			wiki:Category:Explosives wiki:General_Equipment
1533	Static_Mine	Static Mine	entity-page	2	2	no			wiki:Category:Explosives wiki:General_Equipment
1534	Vehicular_Mine	Vehicular Mine	entity-page	2	2	no			wiki:Category:Explosives wiki:General_Equipment
1535	Force_Focus	Force Focus	entity-page	2	2	no	wiki:The_Force	variant-name(-1)	wiki:Category:Force_Powers wiki:Force_Powers
1536	Maximilian_Veers	Maximilian Veers	entity-page	2	1	no			wiki:Category:Force_Unleashed_Campaign_Guide
1537	Kendal_Ozzel	Kendal Ozzel	entity-page	2	2	no			wiki:Category:Force_Unleashed_Campaign_Guide wiki:Category:Web_Enhancements
1538	The_Prophets_of_the_Dark_Side	The Prophets of the Dark Side	rules-term	2	2	no			wiki:Category:Force_Unleashed_Campaign_Guide wiki:Force_Traditions
1539	Royal_Guards	Royal Guards	entity-page	2	2	no			wiki:Category:Force_Unleashed_Campaign_Guide wiki:Imperial_Knight
1540	Dark_Times_Heroes	Dark Times Heroes	entity-page	2	2	no			wiki:Category:Force_Unleashed_Campaign_Guide wiki:Heroic_Traits
1541	Force_Recovery	Force Recovery	entity-page	2	2	no	wiki:The_Force	variant-name(-1)	wiki:Category:Force_Unleashed_Campaign_Guide wiki:The_Force
1542	Improved_Battle_Strike	Improved Battle Strike	entity-page	2	2	no			wiki:Category:Force_Unleashed_Campaign_Guide wiki:The_Force
1543	Improved_Dark_Rage	Improved Dark Rage	entity-page	2	2	no			wiki:Category:Force_Unleashed_Campaign_Guide wiki:The_Force
1544	Improved_Force_Disarm	Improved Force Disarm	entity-page	2	2	no			wiki:Category:Force_Unleashed_Campaign_Guide wiki:The_Force
1545	Improved_Force_Thrust	Improved Force Thrust	entity-page	2	2	no			wiki:Category:Force_Unleashed_Campaign_Guide wiki:The_Force
1546	Improved_Force_Grip	Improved Force Grip	entity-page	2	2	no			wiki:Category:Force_Unleashed_Campaign_Guide wiki:The_Force
1547	Improved_Force_Lightning	Improved Force Lightning	entity-page	2	2	no			wiki:Category:Force_Unleashed_Campaign_Guide wiki:The_Force
1548	Improved_Mind_Trick	Improved Mind Trick	entity-page	2	2	no			wiki:Category:Force_Unleashed_Campaign_Guide wiki:The_Force
1549	Improved_Rebuke	Improved Rebuke	entity-page	2	2	no			wiki:Category:Force_Unleashed_Campaign_Guide wiki:The_Force
1550	Improved_Repulse	Improved Repulse	entity-page	2	2	no			wiki:Category:Force_Unleashed_Campaign_Guide wiki:The_Force
1551	Corrupted_Power	Corrupted Power	entity-page	2	2	no			wiki:Category:Force_Unleashed_Campaign_Guide wiki:The_Force
1552	Debilitating_Power	Debilitating Power	entity-page	2	2	no			wiki:Category:Force_Unleashed_Campaign_Guide wiki:The_Force
1553	Enlarged_Power	Enlarged Power	entity-page	2	2	no			wiki:Category:Force_Unleashed_Campaign_Guide wiki:The_Force
1554	Pure_Power	Pure Power	entity-page	2	2	no			wiki:Category:Force_Unleashed_Campaign_Guide wiki:The_Force
1555	Remote_Power	Remote Power	entity-page	2	2	no			wiki:Category:Force_Unleashed_Campaign_Guide wiki:The_Force
1556	Double_Vibroblade	Double Vibroblade	entity-page	2	2	no			wiki:Category:Force_Unleashed_Campaign_Guide wiki:Category:Knights_of_the_Old_Republic_Campaign_Guide
1557	Bryar_Pistol	Bryar Pistol	entity-page	2	2	no			wiki:Category:Force_Unleashed_Campaign_Guide wiki:Pistols
1558	Disruptor_Pistol	Disruptor Pistol	entity-page	2	2	no			wiki:Category:Force_Unleashed_Campaign_Guide wiki:Pistols
1559	Bryar_Rifle	Bryar Rifle	entity-page	2	2	no			wiki:Category:Force_Unleashed_Campaign_Guide wiki:Rifles
1560	Disruptor_Rifle	Disruptor Rifle	entity-page	2	2	no			wiki:Category:Force_Unleashed_Campaign_Guide wiki:Rifles
1561	Incinerator_Rifle	Incinerator Rifle	entity-page	2	2	no			wiki:Category:Force_Unleashed_Campaign_Guide wiki:Rifles
1562	Stokhli_Spray_Stick	Stokhli Spray Stick	entity-page	2	2	no			wiki:Category:Force_Unleashed_Campaign_Guide wiki:Rifles
1563	Decoy_Glow_Rod	Decoy Glow Rod	entity-page	2	2	no			wiki:Category:Force_Unleashed_Campaign_Guide wiki:General_Equipment
1564	Holoshroud	Holoshroud	entity-page	2	2	no			wiki:Category:Force_Unleashed_Campaign_Guide wiki:General_Equipment
1565	Sound_Sponge	Sound Sponge	entity-page	2	2	no			wiki:Category:Force_Unleashed_Campaign_Guide wiki:General_Equipment
1566	Hush-About_Personal_Jet_Pack	Hush-About Personal Jet Pack	entity-page	2	2	no			wiki:Category:Force_Unleashed_Campaign_Guide wiki:General_Equipment
1567	Repulsor_Pad	Repulsor Pad	entity-page	2	2	no			wiki:Category:Force_Unleashed_Campaign_Guide wiki:General_Equipment
1568	Cutlass-9_Patrol_Fighter	Cutlass-9 Patrol Fighter	entity-page	2	2	no			wiki:Category:Force_Unleashed_Campaign_Guide wiki:Starship_Modifications
1569	Ground_Vehicle	Ground Vehicle	entity-page	2	2	no			wiki:Category:Force_Unleashed_Campaign_Guide wiki:Rank_and_Privilege
1570	Arrow-23_Landspeeder	Arrow-23 Landspeeder	entity-page	2	2	no			wiki:Category:Force_Unleashed_Campaign_Guide wiki:Speeders
1571	V-35_Courier	V-35 Courier	entity-page	2	2	no			wiki:Category:Force_Unleashed_Campaign_Guide wiki:Speeders
1572	Zephyr-G_Swoop_Bike	Zephyr-G Swoop Bike	entity-page	2	2	no			wiki:Category:Force_Unleashed_Campaign_Guide wiki:Speeders
1573	A-A5_Speeder_Truck	A-A5 Speeder Truck	entity-page	2	2	no			wiki:Category:Force_Unleashed_Campaign_Guide wiki:Speeders
1574	KAAC_Freerunner	KAAC Freerunner	entity-page	2	2	no			wiki:Category:Force_Unleashed_Campaign_Guide wiki:Speeders
1575	Imperial_Inquisitors	Imperial Inquisitors	entity-page	2	2	no			wiki:Category:Force_Unleashed_Campaign_Guide wiki:Gamemastering
1576	Callos	Callos	entity-page	2	2	no			wiki:Category:Force_Unleashed_Campaign_Guide wiki:Galactic_Gazetteer
1577	Callosians	Callosians	entity-page	2	2	no			wiki:Category:Force_Unleashed_Campaign_Guide wiki:Galactic_Gazetteer
1578	Category:Felucia_Beasts	Category:Felucia Beasts	category-index	2	2	no			wiki:Category:Force_Unleashed_Campaign_Guide wiki:Galactic_Gazetteer
1579	Bestine_IV	Bestine IV	entity-page	2	2	no			wiki:Category:Force_Unleashed_Campaign_Guide wiki:Galactic_Gazetteer
1580	Kuat	Kuat	entity-page	2	2	no			wiki:Category:Force_Unleashed_Campaign_Guide wiki:Galactic_Gazetteer
1581	Sulon	Sulon	entity-page	2	1	no			wiki:Category:Force_Unleashed_Campaign_Guide
1582	Imperial_Center	Imperial Center	entity-page	2	1	no			wiki:Category:Force_Unleashed_Campaign_Guide
1583	Death_Star_Trooper	Death Star Trooper	entity-page	2	2	no			wiki:Category:Force_Unleashed_Campaign_Guide wiki:Category:Web_Enhancements
1584	Juno_Eclipse	Juno Eclipse	entity-page	2	2	no			wiki:Category:Force_Unleashed_Campaign_Guide wiki:Category:Rebellion_Era_Campaign_Guide
1585	E-Web_Missile_Launcher	E-Web Missile Launcher	entity-page	2	2	no			wiki:Category:Force_Unleashed_Campaign_Guide wiki:Heavy_Weapons
1586	Rail_Detonator_Gun	Rail Detonator Gun	entity-page	2	2	no			wiki:Category:Force_Unleashed_Campaign_Guide wiki:Rifles
1587	LAVr_QH-7_Chariot	LAVr QH-7 Chariot	entity-page	2	2	no			wiki:Category:Force_Unleashed_Campaign_Guide wiki:Speeders
1588	Maris_Brood	Maris Brood	entity-page	2	2	no			wiki:Category:Force_Unleashed_Campaign_Guide wiki:The_Felucian_Shamans
1589	Felucian_Scout	Felucian Scout	entity-page	2	2	no			wiki:Category:Force_Unleashed_Campaign_Guide wiki:The_Felucian_Shamans
1590	Drexl's_Gang	Drexl's Gang	entity-page	2	1	no			wiki:Category:Force_Unleashed_Campaign_Guide
1591	Battlefield_Encounter_Tool_Kit	Battlefield Encounter Tool Kit	entity-page	2	1	no			wiki:Category:Galaxy_at_War
1592	Bases_and_Battlestations	Bases and Battlestations	entity-page	2	1	no			wiki:Category:Galaxy_at_War
1593	Bows	Bows	entity-page	2	2	no			wiki:Category:Galaxy_at_War wiki:Ranged_Attacks
1594	Tirahnn	Tirahnn	entity-page	2	2	no			wiki:Category:Galaxy_at_War wiki:Galactic_Gazetteer
1595	Factions_and_Organizations	Factions and Organizations	entity-page	2	1	no			wiki:Category:Galaxy_of_Intrigue
1596	Intrigue_Encounters	Intrigue Encounters	entity-page	2	1	no			wiki:Category:Galaxy_of_Intrigue
1597	The_Perfect_Storm	The Perfect Storm	rules-term	2	1	no			wiki:Category:Galaxy_of_Intrigue
1598	Breaching_the_Bunker	Breaching the Bunker	entity-page	2	2	no			wiki:Category:Galaxy_of_Intrigue wiki:Skill_Challenges
1599	Entry	Entry	entity-page	2	2	no			wiki:Category:Galaxy_of_Intrigue wiki:Skill_Challenges
1600	Interrogation	Interrogation	entity-page	2	2	no			wiki:Category:Galaxy_of_Intrigue wiki:Skill_Challenges
1601	The_Slice	The Slice	rules-term	2	2	no			wiki:Category:Galaxy_of_Intrigue wiki:Skill_Challenges
1602	The_Chase	The Chase	rules-term	2	2	no			wiki:Category:Galaxy_of_Intrigue wiki:Skill_Challenges
1603	Overland_Travel	Overland Travel	entity-page	2	2	no			wiki:Category:Galaxy_of_Intrigue wiki:Skill_Challenges
1604	Smuggling_Contraband	Smuggling Contraband	entity-page	2	2	no			wiki:Category:Galaxy_of_Intrigue wiki:Skill_Challenges
1605	Landing_on_Nyriaan	Landing on Nyriaan	entity-page	2	2	no			wiki:Category:Galaxy_of_Intrigue wiki:Skill_Challenges
1606	Investigation	Investigation	entity-page	2	2	no			wiki:Category:Galaxy_of_Intrigue wiki:Skill_Challenges
1607	Sabotage_Mission	Sabotage Mission	entity-page	2	2	no			wiki:Category:Galaxy_of_Intrigue wiki:Skill_Challenges
1608	Disabling_the_Deluge_Device	Disabling the Deluge Device	entity-page	2	2	no			wiki:Category:Galaxy_of_Intrigue wiki:Skill_Challenges
1609	Fleeing_the_Imperials	Fleeing the Imperials	entity-page	2	2	no			wiki:Category:Galaxy_of_Intrigue wiki:Skill_Challenges
1610	Saludor_Narubo	Saludor Narubo	entity-page	2	2	no			wiki:Category:Galaxy_of_Intrigue wiki:Skill_Challenges
1611	Overland_Survival	Overland Survival	entity-page	2	2	no			wiki:Category:Galaxy_of_Intrigue wiki:Skill_Challenges
1612	The_Podrace	The Podrace	rules-term	2	2	no			wiki:Category:Galaxy_of_Intrigue wiki:Skill_Challenges
1613	Searching_the_Debris_Field	Searching the Debris Field	entity-page	2	2	no			wiki:Category:Galaxy_of_Intrigue wiki:Skill_Challenges
1614	Street_Chase	Street Chase	entity-page	2	2	no			wiki:Category:Galaxy_of_Intrigue wiki:Skill_Challenges
1615	CSA_Assassins	CSA Assassins	entity-page	2	2	no			wiki:Category:Galaxy_of_Intrigue wiki:Skill_Challenges
1616	Speeder_Bike_Chase	Speeder Bike Chase	entity-page	2	2	no	wiki:Speeders	variant-name(-2)	wiki:Category:Galaxy_of_Intrigue wiki:Skill_Challenges
1617	Asteroid_Field_Escape	Asteroid Field Escape	entity-page	2	2	no			wiki:Category:Galaxy_of_Intrigue wiki:Skill_Challenges
1618	Spotting_the_Killer	Spotting the Killer	entity-page	2	2	no			wiki:Category:Galaxy_of_Intrigue wiki:Skill_Challenges
1619	Disabling_the_Tracking_Device	Disabling the Tracking Device	entity-page	2	2	no			wiki:Category:Galaxy_of_Intrigue wiki:Skill_Challenges
1620	Arranging_the_Assassination	Arranging the Assassination	entity-page	2	2	no			wiki:Category:Galaxy_of_Intrigue wiki:Skill_Challenges
1621	Traversing_the_Minefield	Traversing the Minefield	entity-page	2	2	no			wiki:Category:Galaxy_of_Intrigue wiki:Skill_Challenges
1622	Antipersonnel_Mines	Antipersonnel Mines	entity-page	2	2	no			wiki:Category:Galaxy_of_Intrigue wiki:Skill_Challenges
1623	Slicing_the_HoloNet	Slicing the HoloNet	entity-page	2	2	no			wiki:Category:Galaxy_of_Intrigue wiki:Skill_Challenges
1624	Covert_Infiltration	Covert Infiltration	entity-page	2	2	no			wiki:Category:Galaxy_of_Intrigue wiki:Skill_Challenges
1625	Negotiation	Negotiation	entity-page	2	2	no			wiki:Category:Galaxy_of_Intrigue wiki:Skill_Challenges
1626	The_Pursuit_of_Freedom	The Pursuit of Freedom	rules-term	2	2	no			wiki:Category:Galaxy_of_Intrigue wiki:Skill_Challenges
1627	Tehlan_Aleece	Tehlan Aleece	entity-page	2	2	no			wiki:Category:Galaxy_of_Intrigue wiki:Skill_Challenges
1628	Tactical_Leadership	Tactical Leadership	entity-page	2	2	no			wiki:Category:Galaxy_of_Intrigue wiki:Skill_Challenges
1629	Snare_Pistol	Snare Pistol	entity-page	2	2	no			wiki:Category:Galaxy_of_Intrigue wiki:Pistols
1630	Wrist_Blaster	Wrist Blaster	entity-page	2	2	no			wiki:Category:Galaxy_of_Intrigue wiki:Pistols
1631	Earbud_Comlink	Earbud Comlink	entity-page	2	2	no			wiki:Category:Galaxy_of_Intrigue wiki:General_Equipment
1632	Panic_Ring	Panic Ring	entity-page	2	2	no			wiki:Category:Galaxy_of_Intrigue wiki:General_Equipment
1633	Holo_Converter	Holo Converter	entity-page	2	2	no			wiki:Category:Galaxy_of_Intrigue wiki:General_Equipment
1634	Surveillance_Detector	Surveillance Detector	entity-page	2	2	no			wiki:Category:Galaxy_of_Intrigue wiki:General_Equipment
1635	Surveillance_Tagger	Surveillance Tagger	entity-page	2	2	no			wiki:Category:Galaxy_of_Intrigue wiki:General_Equipment
1636	Veridicator	Veridicator	entity-page	2	2	no			wiki:Category:Galaxy_of_Intrigue wiki:General_Equipment
1637	Vid-Vox_Scrambler	Vid-Vox Scrambler	entity-page	2	2	no			wiki:Category:Galaxy_of_Intrigue wiki:General_Equipment
1638	Antitoxin_Patch	Antitoxin Patch	entity-page	2	2	no			wiki:Category:Galaxy_of_Intrigue wiki:General_Equipment
1639	Toxin_Detector	Toxin Detector	entity-page	2	2	no			wiki:Category:Galaxy_of_Intrigue wiki:General_Equipment
1640	Redirection_Crystal	Redirection Crystal	entity-page	2	2	no			wiki:Category:Galaxy_of_Intrigue wiki:General_Equipment
1641	Shield_Cage	Shield Cage	entity-page	2	2	no			wiki:Category:Galaxy_of_Intrigue wiki:General_Equipment
1642	Flash_Suppressor/Silencer	Flash Suppressor/Silencer	entity-page	2	2	no			wiki:Category:Galaxy_of_Intrigue wiki:General_Equipment
1643	Ferret-Class_Reconnaissance_Vessel	Ferret-Class Reconnaissance Vessel	entity-page	2	2	no			wiki:Category:Galaxy_of_Intrigue wiki:The_New_Republic
1644	Prowler-Class_Reconnaissance_Vessel	Prowler-Class Reconnaissance Vessel	entity-page	2	2	no			wiki:Category:Galaxy_of_Intrigue wiki:The_New_Republic
1645	Corona_Limited_Luxury_Groundspeeder	Corona Limited Luxury Groundspeeder	entity-page	2	2	no			wiki:Category:Galaxy_of_Intrigue wiki:Speeders
1646	JG-8_Luxury_Landspeeder	JG-8 Luxury Landspeeder	entity-page	2	2	no			wiki:Category:Galaxy_of_Intrigue wiki:Speeders
1647	Instructors_%26_Alumni	Instructors %26 Alumni	entity-page	2	1	no			wiki:Category:Jedi_Academy_Training_Manual
1648	Studying_Abroad	Studying Abroad	entity-page	2	1	no			wiki:Category:Jedi_Academy_Training_Manual
1649	Sith_Spirit	Sith Spirit	entity-page	2	2	no	wiki:The_Sith	variant-name(-1)	wiki:Category:Jedi_Academy_Training_Manual wiki:The_Krath
1650	Energy_Resistance	Energy Resistance	entity-page	2	2	yes			wiki:Category:Knights_of_the_Old_Republic_Campaign_Guide wiki:Force_Powers
1651	Fear	Fear	entity-page	2	2	yes			wiki:Category:Knights_of_the_Old_Republic_Campaign_Guide wiki:Force_Powers
1652	Dominate_Mind	Dominate Mind	entity-page	2	2	no			wiki:Category:Knights_of_the_Old_Republic_Campaign_Guide wiki:The_Force
1653	Improved_Energy_Resistance	Improved Energy Resistance	entity-page	2	2	no			wiki:Category:Knights_of_the_Old_Republic_Campaign_Guide wiki:The_Force
1654	Improved_Force_Stun	Improved Force Stun	entity-page	2	2	no			wiki:Category:Knights_of_the_Old_Republic_Campaign_Guide wiki:The_Force
1655	Improved_Force_Slam	Improved Force Slam	entity-page	2	2	no			wiki:Category:Knights_of_the_Old_Republic_Campaign_Guide wiki:The_Force
1656	Improved_Ionize	Improved Ionize	entity-page	2	2	no			wiki:Category:Knights_of_the_Old_Republic_Campaign_Guide wiki:The_Force
1657	Improved_Kinetic_Combat	Improved Kinetic Combat	entity-page	2	2	no			wiki:Category:Knights_of_the_Old_Republic_Campaign_Guide wiki:The_Force
1658	Improved_Resist_Force	Improved Resist Force	entity-page	2	2	no			wiki:Category:Knights_of_the_Old_Republic_Campaign_Guide wiki:The_Force
1659	Improved_Valor	Improved Valor	entity-page	2	2	no			wiki:Category:Knights_of_the_Old_Republic_Campaign_Guide wiki:The_Force
1660	Improved_Vital_Transfer	Improved Vital Transfer	entity-page	2	2	no			wiki:Category:Knights_of_the_Old_Republic_Campaign_Guide wiki:The_Force
1661	Language_Absorption	Language Absorption	entity-page	2	2	no	wiki:Languages	variant-name(-1)	wiki:Category:Knights_of_the_Old_Republic_Campaign_Guide wiki:The_Force
1662	Dire_Sword	Dire Sword	entity-page	2	2	no			wiki:Category:Knights_of_the_Old_Republic_Campaign_Guide wiki:Simple_Weapons_(Melee)
1663	Double-Bladed_Sword	Double-Bladed Sword	entity-page	2	2	no			wiki:Category:Knights_of_the_Old_Republic_Campaign_Guide wiki:Simple_Weapons_(Melee)
1664	Short_Sword	Short Sword	entity-page	2	2	no			wiki:Category:Knights_of_the_Old_Republic_Campaign_Guide wiki:Simple_Weapons_(Melee)
1665	Carbonite_Rifle	Carbonite Rifle	entity-page	2	2	no			wiki:Category:Knights_of_the_Old_Republic_Campaign_Guide wiki:Heavy_Weapons
1666	Heavy_Sonic_Pistol	Heavy Sonic Pistol	entity-page	2	2	no			wiki:Category:Knights_of_the_Old_Republic_Campaign_Guide wiki:Pistols
1667	Needler	Needler	entity-page	2	2	no			wiki:Category:Knights_of_the_Old_Republic_Campaign_Guide wiki:Pistols
1668	Pulse-Wave_Pistol	Pulse-Wave Pistol	entity-page	2	2	no			wiki:Category:Knights_of_the_Old_Republic_Campaign_Guide wiki:Pistols
1669	Ripper	Ripper	entity-page	2	2	no			wiki:Category:Knights_of_the_Old_Republic_Campaign_Guide wiki:Pistols
1670	Sonic_Disruptor	Sonic Disruptor	entity-page	2	2	no			wiki:Category:Knights_of_the_Old_Republic_Campaign_Guide wiki:Pistols
1671	Sonic_Pistol	Sonic Pistol	entity-page	2	2	no			wiki:Category:Knights_of_the_Old_Republic_Campaign_Guide wiki:Pistols
1672	Assault_Blaster_Rifle	Assault Blaster Rifle	entity-page	2	2	no	wiki:Assault	variant-name(-2)	wiki:Category:Knights_of_the_Old_Republic_Campaign_Guide wiki:Rifles
1673	Ion_Carbine	Ion Carbine	entity-page	2	2	no			wiki:Category:Knights_of_the_Old_Republic_Campaign_Guide wiki:Rifles
1674	Pulse-Wave_Rifle	Pulse-Wave Rifle	entity-page	2	2	no			wiki:Category:Knights_of_the_Old_Republic_Campaign_Guide wiki:Rifles
1675	Repeating_Blaster_Carbine	Repeating Blaster Carbine	entity-page	2	2	no			wiki:Category:Knights_of_the_Old_Republic_Campaign_Guide wiki:Rifles
1676	Sonic_Rifle	Sonic Rifle	entity-page	2	2	no			wiki:Category:Knights_of_the_Old_Republic_Campaign_Guide wiki:Rifles
1677	Adhesive_Grenade	Adhesive Grenade	entity-page	2	2	no			wiki:Category:Knights_of_the_Old_Republic_Campaign_Guide wiki:Grenades
1678	CryoBan_Grenade	CryoBan Grenade	entity-page	2	2	no			wiki:Category:Knights_of_the_Old_Republic_Campaign_Guide wiki:Grenades
1679	Light_Powered_Battle_Armor	Light Powered Battle Armor	entity-page	2	2	no			wiki:Category:Knights_of_the_Old_Republic_Campaign_Guide wiki:Light_Armor
1680	Mesh_Armor	Mesh Armor	entity-page	2	2	no			wiki:Category:Knights_of_the_Old_Republic_Campaign_Guide wiki:Medium_Armor
1681	Powered_Battle_Armor	Powered Battle Armor	entity-page	2	2	no			wiki:Category:Knights_of_the_Old_Republic_Campaign_Guide wiki:Medium_Armor
1682	Weave_Armor	Weave Armor	entity-page	2	2	no			wiki:Category:Knights_of_the_Old_Republic_Campaign_Guide wiki:Medium_Armor
1683	Heavy_Powered_Battle_Armor	Heavy Powered Battle Armor	entity-page	2	2	no			wiki:Category:Knights_of_the_Old_Republic_Campaign_Guide wiki:Heavy_Armor
1684	Matrix_Armor	Matrix Armor	entity-page	2	2	no			wiki:Category:Knights_of_the_Old_Republic_Campaign_Guide wiki:Heavy_Armor
1685	Computer_Interface_Visor	Computer Interface Visor	entity-page	2	2	no			wiki:Category:Knights_of_the_Old_Republic_Campaign_Guide wiki:General_Equipment
1686	Aural_Amplifier	Aural Amplifier	entity-page	2	2	no			wiki:Category:Knights_of_the_Old_Republic_Campaign_Guide wiki:General_Equipment
1687	Demolitions_Sensor	Demolitions Sensor	entity-page	2	2	no			wiki:Category:Knights_of_the_Old_Republic_Campaign_Guide wiki:General_Equipment
1688	Motion_Sensing_Visor	Motion Sensing Visor	entity-page	2	2	no			wiki:Category:Knights_of_the_Old_Republic_Campaign_Guide wiki:General_Equipment
1689	Neural_Band	Neural Band	entity-page	2	2	no			wiki:Category:Knights_of_the_Old_Republic_Campaign_Guide wiki:General_Equipment
1690	Stealth_Field_Generator	Stealth Field Generator	entity-page	2	2	no			wiki:Category:Knights_of_the_Old_Republic_Campaign_Guide wiki:General_Equipment
1691	Vacuum_Mask	Vacuum Mask	entity-page	2	2	no			wiki:Category:Knights_of_the_Old_Republic_Campaign_Guide wiki:General_Equipment
1692	Medical_Interface_Visor	Medical Interface Visor	entity-page	2	2	no			wiki:Category:Knights_of_the_Old_Republic_Campaign_Guide wiki:General_Equipment
1693	Mechanical_Interface_Visor	Mechanical Interface Visor	entity-page	2	2	no			wiki:Category:Knights_of_the_Old_Republic_Campaign_Guide wiki:General_Equipment
1694	Equipment_Upgrade	Equipment Upgrade	entity-page	2	2	yes			wiki:Category:Knights_of_the_Old_Republic_Campaign_Guide wiki:Category:Web_Enhancements
1695	Armor_Reinforcement	Armor Reinforcement	entity-page	2	2	no	wiki:Category:Armor	variant-name(-1)	wiki:Category:Knights_of_the_Old_Republic_Campaign_Guide wiki:General_Equipment
1696	Beam_Splitter	Beam Splitter	entity-page	2	2	no			wiki:Category:Knights_of_the_Old_Republic_Campaign_Guide wiki:General_Equipment
1697	Durasteel_Bonding	Durasteel Bonding	entity-page	2	2	no			wiki:Category:Knights_of_the_Old_Republic_Campaign_Guide wiki:General_Equipment
1698	Enhanced_Energy_Projector	Enhanced Energy Projector	entity-page	2	2	no			wiki:Category:Knights_of_the_Old_Republic_Campaign_Guide wiki:General_Equipment
1699	Hair_Trigger	Hair Trigger	entity-page	2	2	no			wiki:Category:Knights_of_the_Old_Republic_Campaign_Guide wiki:General_Equipment
1700	Improved_Energy_Cell	Improved Energy Cell	entity-page	2	2	no			wiki:Category:Knights_of_the_Old_Republic_Campaign_Guide wiki:General_Equipment
1701	Mesh_Underlay	Mesh Underlay	entity-page	2	2	no			wiki:Category:Knights_of_the_Old_Republic_Campaign_Guide wiki:General_Equipment
1702	Tremor_Cell	Tremor Cell	entity-page	2	2	no			wiki:Category:Knights_of_the_Old_Republic_Campaign_Guide wiki:General_Equipment
1703	578-R_Space_Transport	578-R Space Transport	entity-page	2	1	no			wiki:Category:Knights_of_the_Old_Republic_Campaign_Guide
1704	G-Type_Light_Shuttle	G-Type Light Shuttle	entity-page	2	1	no			wiki:Category:Knights_of_the_Old_Republic_Campaign_Guide
1705	Urban_Navigator_Speeder_Bike	Urban Navigator Speeder Bike	entity-page	2	1	no			wiki:Category:Knights_of_the_Old_Republic_Campaign_Guide
1706	PL-90_Luxury_Speeder	PL-90 Luxury Speeder	entity-page	2	2	no			wiki:Category:Knights_of_the_Old_Republic_Campaign_Guide wiki:Speeders
1707	TT-6_Landspeeder	TT-6 Landspeeder	entity-page	2	2	no			wiki:Category:Knights_of_the_Old_Republic_Campaign_Guide wiki:Speeders
1708	Corellian_S-100_Stinger-Class_Starfighter	Corellian S-100 Stinger-Class Starfighter	entity-page	2	2	no			wiki:Category:Knights_of_the_Old_Republic_Campaign_Guide wiki:The_Jedi
1709	Alpheridians	Alpheridians	entity-page	2	2	no			wiki:Category:Knights_of_the_Old_Republic_Campaign_Guide wiki:Galactic_Gazetteer
1710	Dantari	Dantari	entity-page	2	2	no			wiki:Category:Knights_of_the_Old_Republic_Campaign_Guide wiki:Galactic_Gazetteer
1711	Category:Dantooine_Beasts	Category:Dantooine Beasts	category-index	2	2	no			wiki:Category:Knights_of_the_Old_Republic_Campaign_Guide wiki:Galactic_Gazetteer
1712	Draethos,_Planet	Draethos, Planet	entity-page	2	2	no			wiki:Category:Knights_of_the_Old_Republic_Campaign_Guide wiki:Galactic_Gazetteer
1713	Flashpoint	Flashpoint	entity-page	2	2	no			wiki:Category:Knights_of_the_Old_Republic_Campaign_Guide wiki:Galactic_Gazetteer
1714	Category:Korriban_Beasts	Category:Korriban Beasts	category-index	2	2	no			wiki:Category:Knights_of_the_Old_Republic_Campaign_Guide wiki:Galactic_Gazetteer
1715	Category:Malachor_V_Beasts	Category:Malachor V Beasts	category-index	2	2	no			wiki:Category:Knights_of_the_Old_Republic_Campaign_Guide wiki:Galactic_Gazetteer
1716	Category:Manaan_Beasts	Category:Manaan Beasts	category-index	2	2	no			wiki:Category:Knights_of_the_Old_Republic_Campaign_Guide wiki:Galactic_Gazetteer
1717	Odryn	Odryn	entity-page	2	2	no			wiki:Category:Knights_of_the_Old_Republic_Campaign_Guide wiki:Galactic_Gazetteer
1718	Peragus_II	Peragus II	entity-page	2	2	no			wiki:Category:Knights_of_the_Old_Republic_Campaign_Guide wiki:Galactic_Gazetteer
1719	Category:Taris_Beasts	Category:Taris Beasts	category-index	2	2	no			wiki:Category:Knights_of_the_Old_Republic_Campaign_Guide wiki:Galactic_Gazetteer
1720	Telerath	Telerath	entity-page	2	2	no			wiki:Category:Knights_of_the_Old_Republic_Campaign_Guide wiki:Galactic_Gazetteer
1721	Kwilaan	Kwilaan	entity-page	2	1	no			wiki:Category:Knights_of_the_Old_Republic_Campaign_Guide
1722	Rakatan	Rakatan	entity-page	2	2	no			wiki:Category:Knights_of_the_Old_Republic_Campaign_Guide wiki:Old_Republic_Era_Campaigns
1723	Terentateks	Terentateks	entity-page	2	2	no			wiki:Category:Knights_of_the_Old_Republic_Campaign_Guide wiki:The_Jedi
1724	Gray_Jedi	Gray Jedi	entity-page	2	2	no			wiki:Category:Knights_of_the_Old_Republic_Campaign_Guide wiki:The_Jedi
1725	Jedi_Covenanter	Jedi Covenanter	entity-page	2	2	no	wiki:The_Jedi	variant-name(-1)	wiki:Category:Knights_of_the_Old_Republic_Campaign_Guide wiki:The_Jedi
1726	Jedi_Shadow	Jedi Shadow	entity-page	2	2	no	wiki:The_Jedi	variant-name(-1)	wiki:Category:Knights_of_the_Old_Republic_Campaign_Guide wiki:The_Jedi
1727	Jedi_Watchman	Jedi Watchman	entity-page	2	2	no	wiki:The_Jedi	variant-name(-1)	wiki:Category:Knights_of_the_Old_Republic_Campaign_Guide wiki:The_Jedi
1728	Jolee_Bindo	Jolee Bindo	entity-page	2	2	no			wiki:Category:Knights_of_the_Old_Republic_Campaign_Guide wiki:The_Jedi
1729	Juhani	Juhani	entity-page	2	2	no			wiki:Category:Knights_of_the_Old_Republic_Campaign_Guide wiki:The_Jedi
1730	Vandar_Tokare	Vandar Tokare	entity-page	2	2	no			wiki:Category:Knights_of_the_Old_Republic_Campaign_Guide wiki:The_Jedi
1731	Celeste_Morne	Celeste Morne	entity-page	2	2	no			wiki:Category:Knights_of_the_Old_Republic_Campaign_Guide wiki:The_Jedi
1732	Tund	Tund	entity-page	2	2	no			wiki:Category:Knights_of_the_Old_Republic_Campaign_Guide wiki:The_Sith
1733	The_Hundred-Year_Darkness	The Hundred-Year Darkness	rules-term	2	2	no			wiki:Category:Knights_of_the_Old_Republic_Campaign_Guide wiki:The_Sith
1734	Ajunta_Pall	Ajunta Pall	entity-page	2	2	no			wiki:Category:Knights_of_the_Old_Republic_Campaign_Guide wiki:The_Sith
1735	Jedi_Shadows	Jedi Shadows	entity-page	2	2	no	wiki:The_Jedi	variant-name(-1)	wiki:Category:Knights_of_the_Old_Republic_Campaign_Guide wiki:The_Sith
1736	The_Cleansing_of_the_Nine_Houses	The Cleansing of the Nine Houses	rules-term	2	2	no			wiki:Category:Knights_of_the_Old_Republic_Campaign_Guide wiki:The_Sith
1737	Sith_Student	Sith Student	entity-page	2	2	no	wiki:The_Sith	variant-name(-1)	wiki:Category:Knights_of_the_Old_Republic_Campaign_Guide wiki:The_Sith
1738	Sith_Assassin	Sith Assassin	entity-page	2	2	no	wiki:The_Sith	variant-name(-1)	wiki:Category:Knights_of_the_Old_Republic_Campaign_Guide wiki:The_Sith
1739	Sith_Bladeborn	Sith Bladeborn	entity-page	2	2	no	wiki:The_Sith	variant-name(-1)	wiki:Category:Knights_of_the_Old_Republic_Campaign_Guide wiki:The_Sith
1740	Sith_Mage	Sith Mage	entity-page	2	2	no	wiki:The_Sith	variant-name(-1)	wiki:Category:Knights_of_the_Old_Republic_Campaign_Guide wiki:The_Sith
1741	Sith_Shadow_Hand	Sith Shadow Hand	entity-page	2	2	no	wiki:The_Sith	variant-name(-2)	wiki:Category:Knights_of_the_Old_Republic_Campaign_Guide wiki:The_Sith
1742	Dark_Lord_of_the_Sith	Dark Lord of the Sith	entity-page	2	2	no			wiki:Category:Knights_of_the_Old_Republic_Campaign_Guide wiki:The_Sith
1743	Sith_War_Sword	Sith War Sword	entity-page	2	2	no	wiki:The_Sith	variant-name(-2)	wiki:Category:Knights_of_the_Old_Republic_Campaign_Guide wiki:Simple_Weapons_(Melee)
1744	War_Swords	War Swords	entity-page	2	2	no			wiki:Category:Knights_of_the_Old_Republic_Campaign_Guide wiki:The_Shapers_of_Kro_Var
1745	Hammerhead-Class_Cruiser	Hammerhead-Class Cruiser	entity-page	2	1	no			wiki:Category:Knights_of_the_Old_Republic_Campaign_Guide
1746	Carth_Onasi	Carth Onasi	entity-page	2	1	no			wiki:Category:Knights_of_the_Old_Republic_Campaign_Guide
1747	Inexpugnable-Class_Tactical_Command_Vessel	Inexpugnable-Class Tactical Command Vessel	entity-page	2	1	no			wiki:Category:Knights_of_the_Old_Republic_Campaign_Guide
1748	Old_Republic_Trooper	Old Republic Trooper	entity-page	2	2	no			wiki:Category:Knights_of_the_Old_Republic_Campaign_Guide wiki:Category:Web_Enhancements
1749	Republic_Light_Armor	Republic Light Armor	entity-page	2	2	no			wiki:Category:Knights_of_the_Old_Republic_Campaign_Guide wiki:Light_Armor
1750	Republic_Combat_Armor	Republic Combat Armor	entity-page	2	2	no			wiki:Category:Knights_of_the_Old_Republic_Campaign_Guide wiki:Medium_Armor
1751	Republic_Heavy_Armor	Republic Heavy Armor	entity-page	2	2	no			wiki:Category:Knights_of_the_Old_Republic_Campaign_Guide wiki:Heavy_Armor
1752	Commando_Special_Rifle	Commando Special Rifle	entity-page	2	2	no			wiki:Category:Knights_of_the_Old_Republic_Campaign_Guide wiki:Rifles
1753	Remote_Grenade	Remote Grenade	entity-page	2	2	no			wiki:Category:Knights_of_the_Old_Republic_Campaign_Guide wiki:Grenades
1754	Mandalorian_Crusaders	Mandalorian Crusaders	entity-page	2	2	no	wiki:The_Mandalorians	variant-name(-1)	wiki:Category:Knights_of_the_Old_Republic_Campaign_Guide wiki:The_Mandalorians
1755	Basilisk_War_Droids	Basilisk War Droids	entity-page	2	2	no			wiki:Category:Knights_of_the_Old_Republic_Campaign_Guide wiki:The_Mandalorians
1756	Neo-Crusader_Shock_Troopers	Neo-Crusader Shock Troopers	entity-page	2	2	no			wiki:Category:Knights_of_the_Old_Republic_Campaign_Guide wiki:The_Mandalorians
1757	Mandalorian_Crusader	Mandalorian Crusader	entity-page	2	2	no	wiki:The_Mandalorians	variant-name(-1)	wiki:Category:Knights_of_the_Old_Republic_Campaign_Guide wiki:The_Mandalorians
1758	Neo-Crusader_Shock_Trooper	Neo-Crusader Shock Trooper	entity-page	2	2	no			wiki:Category:Knights_of_the_Old_Republic_Campaign_Guide wiki:The_Mandalorians
1759	Bendak_Starkiller	Bendak Starkiller	entity-page	2	2	no			wiki:Category:Knights_of_the_Old_Republic_Campaign_Guide wiki:The_Mandalorians
1760	Mandalore_the_Preserver	Mandalore the Preserver	entity-page	2	2	no			wiki:Category:Knights_of_the_Old_Republic_Campaign_Guide wiki:The_Mandalorians
1761	Mandalorian_Combat_Suit	Mandalorian Combat Suit	entity-page	2	2	no	wiki:The_Mandalorians	variant-name(-2)	wiki:Category:Knights_of_the_Old_Republic_Campaign_Guide wiki:Light_Armor
1762	Mandalorian_Battle_Armor	Mandalorian Battle Armor	entity-page	2	2	no	wiki:The_Mandalorians	variant-name(-2)	wiki:Category:Knights_of_the_Old_Republic_Campaign_Guide wiki:Medium_Armor
1763	Neo-Crusader_Assault_Armor	Neo-Crusader Assault Armor	entity-page	2	2	no			wiki:Category:Knights_of_the_Old_Republic_Campaign_Guide wiki:Heavy_Armor
1764	Mythosaur_Axe	Mythosaur Axe	entity-page	2	2	no			wiki:Category:Knights_of_the_Old_Republic_Campaign_Guide wiki:Simple_Weapons_(Melee)
1765	Davaab-Type_Starfighter	Davaab-Type Starfighter	entity-page	2	2	no			wiki:Category:Knights_of_the_Old_Republic_Campaign_Guide wiki:The_Mandalorians
1766	Shaadlar-Type_Troopship	Shaadlar-Type Troopship	entity-page	2	2	no			wiki:Category:Knights_of_the_Old_Republic_Campaign_Guide wiki:The_Mandalorians
1767	Teroch-Type_Gunship	Teroch-Type Gunship	entity-page	2	2	no			wiki:Category:Knights_of_the_Old_Republic_Campaign_Guide wiki:The_Mandalorians
1768	Jehavey'ir-Type_Assault_Ship	Jehavey'ir-Type Assault Ship	entity-page	2	2	no			wiki:Category:Knights_of_the_Old_Republic_Campaign_Guide wiki:The_Mandalorians
1769	Kyramud-Type_Battleship	Kyramud-Type Battleship	entity-page	2	2	no			wiki:Category:Knights_of_the_Old_Republic_Campaign_Guide wiki:The_Mandalorians
1770	Kandosii-Type_Dreadnaught	Kandosii-Type Dreadnaught	entity-page	2	2	no			wiki:Category:Knights_of_the_Old_Republic_Campaign_Guide wiki:The_Mandalorians
1771	G0-T0	G0-T0	entity-page	2	2	no			wiki:Category:Knights_of_the_Old_Republic_Campaign_Guide wiki:Old_Republic_Era_Campaigns
1772	HK-47	HK-47	entity-page	2	2	no			wiki:Category:Knights_of_the_Old_Republic_Campaign_Guide wiki:Category:Scavenger's_Guide_to_Droids
1773	GenoHaradan_Assassin	GenoHaradan Assassin	entity-page	2	2	no	wiki:The_GenoHaradan	variant-name(-1)	wiki:Category:Knights_of_the_Old_Republic_Campaign_Guide wiki:The_GenoHaradan
1774	Krath_Adept	Krath Adept	entity-page	2	2	no	wiki:The_Krath	variant-name(-1)	wiki:Category:Knights_of_the_Old_Republic_Campaign_Guide wiki:The_Krath
1775	Krath_Commander	Krath Commander	entity-page	2	2	no	wiki:The_Krath	variant-name(-1)	wiki:Category:Knights_of_the_Old_Republic_Campaign_Guide wiki:The_Krath
1776	Krath_Warrior	Krath Warrior	entity-page	2	2	no	wiki:The_Krath	variant-name(-1)	wiki:Category:Knights_of_the_Old_Republic_Campaign_Guide wiki:The_Krath
1777	CX-133_Chaos_Fighter	CX-133 Chaos Fighter	entity-page	2	2	no			wiki:Category:Knights_of_the_Old_Republic_Campaign_Guide wiki:The_Krath
1778	Supremacy-Class_Attack_Ship	Supremacy-Class Attack Ship	entity-page	2	2	no			wiki:Category:Knights_of_the_Old_Republic_Campaign_Guide wiki:The_Krath
1779	Rakghoul	Rakghoul	entity-page	2	2	no			wiki:Category:Knights_of_the_Old_Republic_Campaign_Guide wiki:Category:Web_Enhancements
1780	Clone_Trooper_Armor	Clone Trooper Armor	entity-page	2	2	no			wiki:Category:Legacy_Era_Campaign_Guide wiki:Category:The_Legacy_Era
1781	Enlighten	Enlighten	entity-page	2	2	yes			wiki:Category:Legacy_Era_Campaign_Guide wiki:Force_Powers
1782	Detoxify_Poison	Detoxify Poison	entity-page	2	2	no			wiki:Category:Legacy_Era_Campaign_Guide wiki:The_Force
1783	Improved_Ballistakinesis	Improved Ballistakinesis	entity-page	2	2	no			wiki:Category:Legacy_Era_Campaign_Guide wiki:The_Force
1784	Improved_Dark_Transfer	Improved Dark Transfer	entity-page	2	2	no			wiki:Category:Legacy_Era_Campaign_Guide wiki:The_Force
1785	Improved_Detonate	Improved Detonate	entity-page	2	2	no			wiki:Category:Legacy_Era_Campaign_Guide wiki:The_Force
1786	Improved_Enlighten	Improved Enlighten	entity-page	2	2	no			wiki:Category:Legacy_Era_Campaign_Guide wiki:The_Force
1787	Improved_Lightning_Burst	Improved Lightning Burst	entity-page	2	2	no			wiki:Category:Legacy_Era_Campaign_Guide wiki:The_Force
1788	Improved_Obscure	Improved Obscure	entity-page	2	2	no			wiki:Category:Legacy_Era_Campaign_Guide wiki:The_Force
1789	Improved_Force_Shield	Improved Force Shield	entity-page	2	2	no			wiki:Category:Legacy_Era_Campaign_Guide wiki:The_Force
1790	Improved_Stagger	Improved Stagger	entity-page	2	2	no			wiki:Category:Legacy_Era_Campaign_Guide wiki:The_Force
1791	Copilots	Copilots	entity-page	2	2	no			wiki:Category:Legacy_Era_Campaign_Guide wiki:The_Jedi
1792	The_Malevolence	The Malevolence	rules-term	2	2	no			wiki:Category:Legacy_Era_Campaign_Guide wiki:Force_Traditions
1793	Bluebolt_Blaster_Pistol	Bluebolt Blaster Pistol	entity-page	2	2	no			wiki:Category:Legacy_Era_Campaign_Guide wiki:Pistols
1794	Snap-Shot_Blaster_Pistol	Snap-Shot Blaster Pistol	entity-page	2	2	no			wiki:Category:Legacy_Era_Campaign_Guide wiki:Pistols
1795	Double-Barreled_Blaster_Carbine	Double-Barreled Blaster Carbine	entity-page	2	2	no			wiki:Category:Legacy_Era_Campaign_Guide wiki:Rifles
1796	Heavy_Assault_Blaster_Rifle	Heavy Assault Blaster Rifle	entity-page	2	2	no			wiki:Category:Legacy_Era_Campaign_Guide wiki:Rifles
1797	Hunting_Blaster_Carbine	Hunting Blaster Carbine	entity-page	2	2	no			wiki:Category:Legacy_Era_Campaign_Guide wiki:Rifles
1798	Sporting_Blaster_Carbine	Sporting Blaster Carbine	entity-page	2	2	no			wiki:Category:Legacy_Era_Campaign_Guide wiki:Rifles
1799	Hands-Free_Comlink	Hands-Free Comlink	entity-page	2	2	no			wiki:Category:Legacy_Era_Campaign_Guide wiki:General_Equipment
1800	Spy_Bug	Spy Bug	entity-page	2	2	no			wiki:Category:Legacy_Era_Campaign_Guide wiki:General_Equipment
1801	Model_67_Shrieker_Speeder_Bike	Model 67 Shrieker Speeder Bike	entity-page	2	2	no			wiki:Category:Legacy_Era_Campaign_Guide wiki:Speeders
1802	QuickFire_Speeder_Bike	QuickFire Speeder Bike	entity-page	2	2	no			wiki:Category:Legacy_Era_Campaign_Guide wiki:Speeders
1803	X-83_TwinTail_Starfighter	X-83 TwinTail Starfighter	entity-page	2	2	no			wiki:Category:Legacy_Era_Campaign_Guide wiki:The_Jedi
1804	J-1_Shuttle	J-1 Shuttle	entity-page	2	2	no			wiki:Category:Legacy_Era_Campaign_Guide wiki:The_Jedi
1805	Iego	Iego	entity-page	2	2	no			wiki:Category:Legacy_Era_Campaign_Guide wiki:Galactic_Gazetteer
1806	Diathim	Diathim	entity-page	2	2	no			wiki:Category:Legacy_Era_Campaign_Guide wiki:Galactic_Gazetteer
1807	Maelibus	Maelibus	entity-page	2	2	no			wiki:Category:Legacy_Era_Campaign_Guide wiki:Galactic_Gazetteer
1808	Ysanna	Ysanna	entity-page	2	2	no			wiki:Category:Legacy_Era_Campaign_Guide wiki:Galactic_Gazetteer
1809	Category:Socorro_Beasts	Category:Socorro Beasts	category-index	2	2	no			wiki:Category:Legacy_Era_Campaign_Guide wiki:Galactic_Gazetteer
1810	Category:Sriluur_Beasts	Category:Sriluur Beasts	category-index	2	2	no			wiki:Category:Legacy_Era_Campaign_Guide wiki:Galactic_Gazetteer
1811	The_Wing_Guard	The Wing Guard	rules-term	2	2	no			wiki:Category:Legacy_Era_Campaign_Guide wiki:Category:Web_Enhancements
1812	The_Ossus_Project	The Ossus Project	rules-term	2	1	no			wiki:Category:Legacy_Era_Campaign_Guide
1813	Environmental_Sealing	Environmental Sealing	entity-page	2	2	no			wiki:Category:Legacy_Era_Campaign_Guide wiki:Cybernetic_Prosthesis
1814	Togoria	Togoria	entity-page	2	2	no			wiki:Category:Legacy_Era_Campaign_Guide wiki:Togorian
1815	CF9_Crossfire_Starfighter	CF9 Crossfire Starfighter	entity-page	2	1	no			wiki:Category:Legacy_Era_Campaign_Guide
1816	RC-2_Twilight_Scoutships	RC-2 Twilight Scoutships	entity-page	2	1	no			wiki:Category:Legacy_Era_Campaign_Guide
1817	I4_Ionizer_Starfighter	I4 Ionizer Starfighter	entity-page	2	1	no			wiki:Category:Legacy_Era_Campaign_Guide
1818	Jumpstar_HPF_Starfighter	Jumpstar HPF Starfighter	entity-page	2	1	no			wiki:Category:Legacy_Era_Campaign_Guide
1819	Gial_Gahan	Gial Gahan	entity-page	2	1	no			wiki:Category:Legacy_Era_Campaign_Guide
1820	Grand_Moff_Tarkin	Grand Moff Tarkin	entity-page	2	2	no			wiki:Category:Legacy_Era_Campaign_Guide wiki:Organizations
1821	Hondo_Karr	Hondo Karr	entity-page	2	2	no			wiki:Category:Legacy_Era_Campaign_Guide wiki:The_Mandalorians
1822	Xcalq-3GA_Portable_Computer	Xcalq-3GA Portable Computer	entity-page	2	2	no			wiki:Category:Legacy_Era_Campaign_Guide wiki:General_Equipment
1823	Xcalq_Stealth_Pack	Xcalq Stealth Pack	entity-page	2	2	no			wiki:Category:Legacy_Era_Campaign_Guide wiki:General_Equipment
1824	Predator-Class_Starfighter	Predator-Class Starfighter	entity-page	2	1	no			wiki:Category:Legacy_Era_Campaign_Guide
1825	Gunn_Yage	Gunn Yage	entity-page	2	1	no			wiki:Category:Legacy_Era_Campaign_Guide
1826	Rulf_Yage	Rulf Yage	entity-page	2	1	no			wiki:Category:Legacy_Era_Campaign_Guide
1827	Sith_Spy	Sith Spy	entity-page	2	2	no	wiki:The_Sith	variant-name(-1)	wiki:Category:Legacy_Era_Campaign_Guide wiki:The_Sith
1828	Darth_Azard	Darth Azard	entity-page	2	2	no			wiki:Category:Legacy_Era_Campaign_Guide wiki:The_Sith
1829	Darth_Maleval	Darth Maleval	entity-page	2	2	no			wiki:Category:Legacy_Era_Campaign_Guide wiki:The_Sith
1830	Darth_Wyyrlok	Darth Wyyrlok	entity-page	2	2	no			wiki:Category:Legacy_Era_Campaign_Guide wiki:The_Sith
1831	Marasiah_Fel	Marasiah Fel	entity-page	2	1	no			wiki:Category:Legacy_Era_Campaign_Guide
1832	ARC-9965_Blaster_Rifle	ARC-9965 Blaster Rifle	entity-page	2	2	no			wiki:Category:Legacy_Era_Campaign_Guide wiki:Rifles
1833	Imperial_Knight_Armor	Imperial Knight Armor	entity-page	2	2	no	wiki:Imperial_Knight	variant-name(-1)	wiki:Category:Legacy_Era_Campaign_Guide wiki:Medium_Armor
1834	Knighthunter_Armor	Knighthunter Armor	entity-page	2	2	no			wiki:Category:Legacy_Era_Campaign_Guide wiki:Medium_Armor
1835	Kybuck_Speeder_Bike	Kybuck Speeder Bike	entity-page	2	2	no			wiki:Category:Legacy_Era_Campaign_Guide wiki:Speeders
1836	Cortosis_Gauntlets	Cortosis Gauntlets	entity-page	2	2	no			wiki:Category:Legacy_Era_Campaign_Guide wiki:Lightsaber_Combat_Talent_Tree
1837	Tili_Qua	Tili Qua	entity-page	2	2	no			wiki:Category:Legacy_Era_Campaign_Guide wiki:The_Jedi
1838	T'ra_Saa	T'ra Saa	entity-page	2	2	no			wiki:Category:Legacy_Era_Campaign_Guide wiki:The_Jedi
1839	Pol_Temm	Pol Temm	entity-page	2	1	no			wiki:Category:Legacy_Era_Campaign_Guide
1840	Axe	Axe	entity-page	2	2	no			wiki:Category:Rebellion_Era_Campaign_Guide wiki:Simple_Weapons_(Melee)
1841	PLX-2M_Portable_Missile_Launcher	PLX-2M Portable Missile Launcher	entity-page	2	2	no			wiki:Category:Rebellion_Era_Campaign_Guide wiki:Heavy_Weapons
1842	SG-4_Blaster_Rifle	SG-4 Blaster Rifle	entity-page	2	2	no			wiki:Category:Rebellion_Era_Campaign_Guide wiki:Rifles
1843	Concussion_Grenade	Concussion Grenade	entity-page	2	2	no			wiki:Category:Rebellion_Era_Campaign_Guide wiki:Grenades
1844	Gas_Grenade	Gas Grenade	entity-page	2	2	no			wiki:Category:Rebellion_Era_Campaign_Guide wiki:Grenades
1845	KZZ_Riot_Armor	KZZ Riot Armor	entity-page	2	2	no			wiki:Category:Rebellion_Era_Campaign_Guide wiki:Light_Armor
1846	Ambient_Aural_Amplifier	Ambient Aural Amplifier	entity-page	2	2	no			wiki:Category:Rebellion_Era_Campaign_Guide wiki:General_Equipment
1847	Computerized_Interface_Scope	Computerized Interface Scope	entity-page	2	2	no			wiki:Category:Rebellion_Era_Campaign_Guide wiki:General_Equipment
1848	Restraining_Bolt	Restraining Bolt	entity-page	2	2	no			wiki:Category:Rebellion_Era_Campaign_Guide wiki:Sabotage_Talent_Tree
1849	The_Zann_Consortium	The Zann Consortium	rules-term	2	1	no			wiki:Category:Rebellion_Era_Campaign_Guide
1850	Repulsorlift_Inhibitor	Repulsorlift Inhibitor	entity-page	2	2	no			wiki:Category:Rebellion_Era_Campaign_Guide wiki:General_Equipment
1851	9000_Z004_Landspeeder	9000 Z004 Landspeeder	entity-page	2	2	no			wiki:Category:Rebellion_Era_Campaign_Guide wiki:Speeders
1852	Bantha-II_Cargo_Skiff	Bantha-II Cargo Skiff	entity-page	2	2	no			wiki:Category:Rebellion_Era_Campaign_Guide wiki:Speeders
1853	YKL-37R_Nova_Courier	YKL-37R Nova Courier	entity-page	2	2	no			wiki:Category:Rebellion_Era_Campaign_Guide wiki:The_New_Republic
1854	Rogue_Squadron_Pilot	Rogue Squadron Pilot	entity-page	2	2	no			wiki:Category:Rebellion_Era_Campaign_Guide wiki:The_New_Republic
1855	SpecForce_Urban_Guerrilla	SpecForce Urban Guerrilla	entity-page	2	2	no			wiki:Category:Rebellion_Era_Campaign_Guide wiki:The_New_Republic
1856	SpecForce_Infiltrator	SpecForce Infiltrator	entity-page	2	2	no			wiki:Category:Rebellion_Era_Campaign_Guide wiki:The_New_Republic
1857	SpecForce_Marine	SpecForce Marine	entity-page	2	2	no			wiki:Category:Rebellion_Era_Campaign_Guide wiki:The_New_Republic
1858	SpecForce_Officer	SpecForce Officer	entity-page	2	2	no			wiki:Category:Rebellion_Era_Campaign_Guide wiki:The_New_Republic
1859	Gial_Ackbar	Gial Ackbar	entity-page	2	2	no			wiki:Category:Rebellion_Era_Campaign_Guide wiki:The_New_Republic
1860	Wedge_Antilles	Wedge Antilles	entity-page	2	2	no			wiki:Category:Rebellion_Era_Campaign_Guide wiki:The_New_Republic
1861	Tycho_Celchu	Tycho Celchu	entity-page	2	2	no			wiki:Category:Rebellion_Era_Campaign_Guide wiki:The_New_Republic
1862	Wes_Janson	Wes Janson	entity-page	2	2	no			wiki:Category:Rebellion_Era_Campaign_Guide wiki:The_New_Republic
1863	Derek_Klivian	Derek Klivian	entity-page	2	2	no			wiki:Category:Rebellion_Era_Campaign_Guide wiki:The_New_Republic
1864	Nien_Nunb	Nien Nunb	entity-page	2	2	no			wiki:Category:Rebellion_Era_Campaign_Guide wiki:The_New_Republic
1865	Carlist_Rieekan	Carlist Rieekan	entity-page	2	2	no			wiki:Category:Rebellion_Era_Campaign_Guide wiki:The_New_Republic
1866	Deena_Shan	Deena Shan	entity-page	2	2	no			wiki:Category:Rebellion_Era_Campaign_Guide wiki:Category:Web_Enhancements
1867	V-150_Planet_Defender	V-150 Planet Defender	entity-page	2	2	no			wiki:Category:Rebellion_Era_Campaign_Guide wiki:The_New_Republic
1868	HTT-26_Heavy_Troop_Transport	HTT-26 Heavy Troop Transport	entity-page	2	2	no			wiki:Category:Rebellion_Era_Campaign_Guide wiki:Speeders
1869	T2-B_Repulsor_Tank	T2-B Repulsor Tank	entity-page	2	2	no			wiki:Category:Rebellion_Era_Campaign_Guide wiki:Speeders
1870	U-LAV	U-LAV	entity-page	2	2	no			wiki:Category:Rebellion_Era_Campaign_Guide wiki:Speeders
1871	Stygian-Triprismatic_Polymer_Armor_Template	Stygian-Triprismatic Polymer Armor Template	entity-page	2	2	no			wiki:Category:Rebellion_Era_Campaign_Guide wiki:Gear_Templates
1872	Seatrooper_Armor	Seatrooper Armor	entity-page	2	2	no			wiki:Category:Rebellion_Era_Campaign_Guide wiki:Light_Armor
1873	Zero-Gravity_Stormtrooper_Armor	Zero-Gravity Stormtrooper Armor	entity-page	2	2	no			wiki:Category:Rebellion_Era_Campaign_Guide wiki:Heavy_Armor
1874	Propulsion_Pack	Propulsion Pack	entity-page	2	2	no			wiki:Category:Rebellion_Era_Campaign_Guide wiki:General_Equipment
1875	IG-88	IG-88	entity-page	2	2	no			wiki:Category:Rebellion_Era_Campaign_Guide wiki:Category:Scavenger's_Guide_to_Droids
1876	Lobot	Lobot	entity-page	2	1	no			wiki:Category:Rebellion_Era_Campaign_Guide
1877	Sarlacc	Sarlacc	entity-page	2	2	no			wiki:Category:Rebellion_Era_Campaign_Guide wiki:Category:Threats_of_the_Galaxy
1878	Gamorrean_Guard	Gamorrean Guard	entity-page	2	2	no	wiki:Gamorrean	variant-name(-1)	wiki:Category:Rebellion_Era_Campaign_Guide wiki:Gamemastering
1879	F9-TZ_Transport	F9-TZ Transport	entity-page	2	2	no			wiki:Category:Rebellion_Era_Campaign_Guide wiki:Speeders
1880	Ion_Cannons	Ion Cannons	entity-page	2	2	no			wiki:Category:Rebellion_Era_Campaign_Guide wiki:Category:Web_Enhancements
1881	IRD_Starfighter	IRD Starfighter	entity-page	2	1	no			wiki:Category:Rebellion_Era_Campaign_Guide
1882	IRD-A_Starfighter	IRD-A Starfighter	entity-page	2	1	no			wiki:Category:Rebellion_Era_Campaign_Guide
1883	Cracian_Thumper	Cracian Thumper	entity-page	2	1	no			wiki:Category:Rebellion_Era_Campaign_Guide
1884	Klikk	Klikk	entity-page	2	1	no			wiki:Category:Scavenger's_Guide_to_Droids
1885	Droid_Chassis	Droid Chassis	rules-term	2	1	no			wiki:Category:Scavenger's_Guide_to_Droids
1886	Memory_Wipes	Memory Wipes	entity-page	2	1	no			wiki:Category:Scavenger's_Guide_to_Droids
1887	Vocabulator	Vocabulator	entity-page	2	2	no			wiki:Category:Scavenger's_Guide_to_Droids wiki:Shard
1888	Droid_Talents	Droid Talents	rules-term	2	2	no			wiki:Category:Scavenger's_Guide_to_Droids wiki:Independent_Droid
1889	Elite_Droid_Talent_Tree	Elite Droid Talent Tree	entity-page	2	2	yes			wiki:Category:Scavenger's_Guide_to_Droids wiki:Talents
1890	Internal_Comlink	Internal Comlink	entity-page	2	2	no			wiki:Category:Scavenger's_Guide_to_Droids wiki:Replica_Droid
1891	MerenData	MerenData	entity-page	2	1	no			wiki:Category:Scavenger's_Guide_to_Droids
1892	Serv-O-Droid	Serv-O-Droid	entity-page	2	1	no			wiki:Category:Scavenger's_Guide_to_Droids
1893	Mechis_III	Mechis III	entity-page	2	2	no			wiki:Category:Scavenger's_Guide_to_Droids wiki:Galactic_Gazetteer
1894	Telti	Telti	entity-page	2	2	no			wiki:Category:Scavenger's_Guide_to_Droids wiki:Galactic_Gazetteer
1895	Droid_Allies	Droid Allies	rules-term	2	1	no			wiki:Category:Scavenger's_Guide_to_Droids
1896	Half-Vest	Half-Vest	entity-page	2	2	no			wiki:Category:Scum_and_Villainy wiki:Light_Armor
1897	Light_Beskar'gam	Light Beskar'gam	entity-page	2	2	no			wiki:Category:Scum_and_Villainy wiki:Light_Armor
1898	Shadowsuit	Shadowsuit	entity-page	2	2	no			wiki:Category:Scum_and_Villainy wiki:Light_Armor
1899	Medium_Beskar'gam	Medium Beskar'gam	entity-page	2	2	no			wiki:Category:Scum_and_Villainy wiki:Medium_Armor
1900	Model_210_Personal_Armor	Model 210 Personal Armor	entity-page	2	2	no			wiki:Category:Scum_and_Villainy wiki:Medium_Armor
1901	AV-1S_Scout_Armor	AV-1S Scout Armor	entity-page	2	2	no			wiki:Category:Scum_and_Villainy wiki:Medium_Armor
1902	AV-1C_Combat_Armor	AV-1C Combat Armor	entity-page	2	2	no			wiki:Category:Scum_and_Villainy wiki:Heavy_Armor
1903	Heavy_Beskar'gam	Heavy Beskar'gam	entity-page	2	2	no			wiki:Category:Scum_and_Villainy wiki:Heavy_Armor
1904	Electronet	Electronet	entity-page	2	2	no			wiki:Category:Scum_and_Villainy wiki:Heavy_Weapons
1905	Micro_Grenade_Launcher	Micro Grenade Launcher	entity-page	2	2	no			wiki:Category:Scum_and_Villainy wiki:Rifles
1906	Snare_Rifle	Snare Rifle	entity-page	2	2	no			wiki:Category:Scum_and_Villainy wiki:Rifles
1907	ABC_Scrambler	ABC Scrambler	entity-page	2	2	no			wiki:Category:Scum_and_Villainy wiki:General_Equipment
1908	Force_Cage	Force Cage	entity-page	2	2	no	wiki:The_Force	variant-name(-1)	wiki:Category:Scum_and_Villainy wiki:General_Equipment
1909	Lock_Breaking_Kit	Lock Breaking Kit	entity-page	2	2	no			wiki:Category:Scum_and_Villainy wiki:General_Equipment
1910	Man_Trap	Man Trap	entity-page	2	2	no			wiki:Category:Scum_and_Villainy wiki:General_Equipment
1911	Spacer's_Chest	Spacer's Chest	entity-page	2	2	no			wiki:Category:Scum_and_Villainy wiki:General_Equipment
1912	Planetary_Vehicle	Planetary Vehicle	entity-page	2	2	no			wiki:Category:Scum_and_Villainy wiki:Destiny
1913	Anti-Boarding_Systems	Anti-Boarding Systems	entity-page	2	2	no			wiki:Category:Scum_and_Villainy wiki:Starship_Modifications
1914	Amphibious_Seals	Amphibious Seals	entity-page	2	2	no			wiki:Category:Scum_and_Villainy wiki:Starship_Modifications
1915	Backup_Battery	Backup Battery	entity-page	2	2	no			wiki:Category:Scum_and_Villainy wiki:Starship_Modifications
1916	Baffled_Drive	Baffled Drive	entity-page	2	2	no			wiki:Category:Scum_and_Villainy wiki:Starship_Modifications
1917	Cockpit_Ejection_System	Cockpit Ejection System	entity-page	2	2	no			wiki:Category:Scum_and_Villainy wiki:Starship_Modifications
1918	Com_Jammers	Com Jammers	entity-page	2	2	no			wiki:Category:Scum_and_Villainy wiki:Starship_Modifications
1919	Cotterdam	Cotterdam	entity-page	2	2	no			wiki:Category:Scum_and_Villainy wiki:Starship_Modifications
1920	Environmental_Filters	Environmental Filters	entity-page	2	2	no			wiki:Category:Scum_and_Villainy wiki:Starship_Modifications
1921	Fuel_Converters	Fuel Converters	entity-page	2	2	no			wiki:Category:Scum_and_Villainy wiki:Starship_Modifications
1922	Grappler_Mag	Grappler Mag	entity-page	2	2	no			wiki:Category:Scum_and_Villainy wiki:Starship_Modifications
1923	Hardpoint	Hardpoint	entity-page	2	2	no			wiki:Category:Scum_and_Villainy wiki:Starship_Modifications
1924	Interrogation_Chamber	Interrogation Chamber	entity-page	2	2	no			wiki:Category:Scum_and_Villainy wiki:Starship_Modifications
1925	Personalized_Controls	Personalized Controls	entity-page	2	2	no			wiki:Category:Scum_and_Villainy wiki:Starship_Modifications
1926	Plasma_Punch	Plasma Punch	entity-page	2	2	no			wiki:Category:Scum_and_Villainy wiki:Starship_Modifications
1927	Plasma_Torch	Plasma Torch	entity-page	2	2	no			wiki:Category:Scum_and_Villainy wiki:Starship_Modifications
1928	Security_Bracing	Security Bracing	entity-page	2	2	no			wiki:Category:Scum_and_Villainy wiki:Starship_Modifications
1929	Sensor_Baffling	Sensor Baffling	entity-page	2	2	no			wiki:Category:Scum_and_Villainy wiki:Starship_Modifications
1930	Sensor_Decoy	Sensor Decoy	entity-page	2	2	no			wiki:Category:Scum_and_Villainy wiki:Starship_Modifications
1931	Sensor_Mask	Sensor Mask	entity-page	2	2	no			wiki:Category:Scum_and_Villainy wiki:Starship_Modifications
1932	Tractor_Clamp	Tractor Clamp	entity-page	2	2	no			wiki:Category:Scum_and_Villainy wiki:Starship_Modifications
1933	Workshop	Workshop	entity-page	2	2	no			wiki:Category:Scum_and_Villainy wiki:Starship_Modifications
1934	The_Anjiliac_Kajidic	The Anjiliac Kajidic	rules-term	2	1	no			wiki:Category:Scum_and_Villainy
1935	Prello_the_Hutt	Prello the Hutt	entity-page	2	1	no			wiki:Category:Scum_and_Villainy
1936	Prototype_Vehicle_Template	Prototype Vehicle Template	entity-page	2	2	no			wiki:Category:Starships_of_the_Galaxy wiki:Gear_Templates
1937	The_Gorog_Hive	The Gorog Hive	rules-term	2	1	no			wiki:Category:The_New_Jedi_Order_Era
1938	Marka_Ragnos	Marka Ragnos	entity-page	2	2	no			wiki:Category:The_Old_Republic_Era wiki:The_Krath
1939	Cay_Qel-Droma	Cay Qel-Droma	entity-page	2	2	no			wiki:Category:The_Old_Republic_Era wiki:The_Jedi
1940	Deneba	Deneba	entity-page	2	2	no			wiki:Category:The_Old_Republic_Era wiki:Old_Republic_Era_Campaigns
1941	Kuar	Kuar	entity-page	2	2	no			wiki:Category:The_Old_Republic_Era wiki:Old_Republic_Era_Campaigns
1942	Aleemo_Keto	Aleemo Keto	entity-page	2	2	no			wiki:Category:The_Old_Republic_Era wiki:Old_Republic_Era_Campaigns
1943	Foerost	Foerost	entity-page	2	2	no			wiki:Category:The_Old_Republic_Era wiki:Old_Republic_Era_Campaigns
1944	Toprawa	Toprawa	entity-page	2	2	no			wiki:Category:The_Rebellion_Era wiki:Organizations
1945	Soldier_Commander	Soldier Commander	entity-page	2	1	no	wiki:Soldier	variant-name(-1)	wiki:Category:Threats_of_the_Galaxy
1946	Soldiers_(CL_2)	Soldiers (CL 2)	entity-page	2	1	no			wiki:Category:Threats_of_the_Galaxy
1947	Officer_(CL_8)	Officer (CL 8)	entity-page	2	1	no	wiki:Officer	variant-name(-2)	wiki:Category:Threats_of_the_Galaxy
1948	Commando_Squad_Leader	Commando Squad Leader	entity-page	2	1	no			wiki:Category:Threats_of_the_Galaxy
1949	Mercenary_Captain	Mercenary Captain	entity-page	2	1	no			wiki:Category:Threats_of_the_Galaxy
1950	Dathomiri_Witch	Dathomiri Witch	entity-page	2	2	no			wiki:Category:Threats_of_the_Galaxy wiki:The_Witches_of_Dathomir
1951	Datadagger	Datadagger	entity-page	2	2	no			wiki:Category:Threats_of_the_Galaxy wiki:Simple_Weapons_(Melee)
1952	Aurra_Sing	Aurra Sing	entity-page	2	2	no			wiki:Category:Threats_of_the_Galaxy wiki:Organizations
1953	Rhen-Orm_Biocomputer	Rhen-Orm Biocomputer	entity-page	2	2	no			wiki:Category:Threats_of_the_Galaxy wiki:General_Equipment
1954	Bossk	Bossk	entity-page	2	2	no			wiki:Category:Threats_of_the_Galaxy wiki:Organizations
1955	Mandalorian_Jet_Pack	Mandalorian Jet Pack	entity-page	2	2	no	wiki:The_Mandalorians	variant-name(-2)	wiki:Category:Threats_of_the_Galaxy wiki:General_Equipment
1956	Antisecurity_Blades	Antisecurity Blades	entity-page	2	2	no			wiki:Category:Threats_of_the_Galaxy wiki:General_Equipment
1957	Hutt_Crime_Lord	Hutt Crime Lord	entity-page	2	2	no	wiki:Hutt	variant-name(-2)	wiki:Category:Threats_of_the_Galaxy wiki:Organizations
1958	Jerec	Jerec	entity-page	2	2	no			wiki:Category:Threats_of_the_Galaxy wiki:The_Inquisitorius
1959	Heat_Sensor	Heat Sensor	entity-page	2	2	no			wiki:Category:Threats_of_the_Galaxy wiki:General_Equipment
1960	Jedi_Knight_(CL_12)	Jedi Knight (CL 12)	entity-page	2	2	no	wiki:Jedi_Knight	variant-name(-2)	wiki:Category:Threats_of_the_Galaxy wiki:The_Jedi
1961	Jedi_Refugee	Jedi Refugee	entity-page	2	2	no	wiki:The_Jedi	variant-name(-1)	wiki:Category:Threats_of_the_Galaxy wiki:The_Jedi
1962	Jedi_Duelist	Jedi Duelist	entity-page	2	2	no	wiki:The_Jedi	variant-name(-1)	wiki:Category:Threats_of_the_Galaxy wiki:The_Jedi
1963	Jedi_Sage_Master	Jedi Sage Master	entity-page	2	2	no	wiki:The_Jedi	variant-name(-2)	wiki:Category:Threats_of_the_Galaxy wiki:The_Jedi
1964	Jedi_Battlemaster_(CL_15)	Jedi Battlemaster (CL 15)	entity-page	2	2	no	wiki:The_Jedi	variant-name(-3)	wiki:Category:Threats_of_the_Galaxy wiki:The_Jedi
1965	Jedi_Sentinel_Master	Jedi Sentinel Master	entity-page	2	2	no	wiki:The_Jedi	variant-name(-2)	wiki:Category:Threats_of_the_Galaxy wiki:The_Jedi
1966	Jedi_Padawan	Jedi Padawan	entity-page	2	2	no	wiki:The_Jedi	variant-name(-1)	wiki:Category:Threats_of_the_Galaxy wiki:The_Jedi
1967	Jensaarai_Defender	Jensaarai Defender	entity-page	2	2	no	wiki:The_Jensaarai	variant-name(-1)	wiki:Category:Threats_of_the_Galaxy wiki:The_Jensaarai
1968	FastFlesh_Medpac	FastFlesh Medpac	entity-page	2	2	no			wiki:Category:Threats_of_the_Galaxy wiki:General_Equipment
1969	Combined_Fire	Combined Fire	entity-page	2	2	no			wiki:Category:Threats_of_the_Galaxy wiki:Mercenary_Talent_Tree
1970	Riot_Shield	Riot Shield	entity-page	2	2	no			wiki:Category:Threats_of_the_Galaxy wiki:Simple_Weapons_(Melee)
1971	FC-20_Speeder_Bike	FC-20 Speeder Bike	entity-page	2	2	no			wiki:Category:Threats_of_the_Galaxy wiki:Speeders
1972	Fallen_Jedi_Sith_Lord	Fallen Jedi Sith Lord	entity-page	2	2	no			wiki:Category:Threats_of_the_Galaxy wiki:The_Sith
1973	Orbalisk_Armor	Orbalisk Armor	entity-page	2	2	no			wiki:Category:Threats_of_the_Galaxy wiki:Heavy_Armor
1974	Zakarisz_Ghent	Zakarisz Ghent	entity-page	2	2	no			wiki:Category:Threats_of_the_Galaxy wiki:The_New_Republic
1975	New_Republic_Intelligence	New Republic Intelligence	entity-page	2	2	no	wiki:The_New_Republic	variant-name(-1)	wiki:Category:Threats_of_the_Galaxy wiki:Skill_Challenges
1976	Computer_Spike	Computer Spike	entity-page	2	2	no			wiki:Category:Threats_of_the_Galaxy wiki:General_Equipment
1977	HiBaka_2000_Mem-Stik	HiBaka 2000 Mem-Stik	entity-page	2	2	no			wiki:Category:Threats_of_the_Galaxy wiki:General_Equipment
1978	Lectroticker	Lectroticker	entity-page	2	2	no			wiki:Category:Threats_of_the_Galaxy wiki:General_Equipment
1979	SpecForce_Heavy_Weapons_Specialist	SpecForce Heavy Weapons Specialist	entity-page	2	2	no			wiki:Category:Threats_of_the_Galaxy wiki:The_New_Republic
1980	SpecForce_Elite_Soldier	SpecForce Elite Soldier	entity-page	2	2	no			wiki:Category:Threats_of_the_Galaxy wiki:The_New_Republic
1981	Bothan_Spy	Bothan Spy	entity-page	2	2	no	wiki:Bothan	variant-name(-1)	wiki:Category:Threats_of_the_Galaxy wiki:Organizations
1982	R-2000_Raptor_Speeder_Bike	R-2000 Raptor Speeder Bike	entity-page	2	2	no			wiki:Category:Threats_of_the_Galaxy wiki:Speeders
1983	Nebulon-Q_Swoop_Racer	Nebulon-Q Swoop Racer	entity-page	2	2	no			wiki:Category:Threats_of_the_Galaxy wiki:Speeders
1984	Mandalorian_Supercommando	Mandalorian Supercommando	entity-page	2	2	no	wiki:The_Mandalorians	variant-name(-1)	wiki:Category:Threats_of_the_Galaxy wiki:The_Mandalorians
1985	Mandalorian_Armor_Template	Mandalorian Armor Template	entity-page	2	2	no	wiki:The_Mandalorians	variant-name(-2)	wiki:Category:Threats_of_the_Galaxy wiki:Gear_Templates
1986	Banthas	Banthas	entity-page	2	2	no			wiki:Category:Threats_of_the_Galaxy wiki:Tusken_Raider
1987	Mantellian_Savrip_(CL_5)	Mantellian Savrip (CL 5)	entity-page	2	1	no	wiki:Mantellian_Savrip	variant-name(-2)	wiki:Category:Threats_of_the_Galaxy
1988	Varactyl	Varactyl	entity-page	2	2	no			wiki:Category:Threats_of_the_Galaxy wiki:Utai
1989	Ysalamiri	Ysalamiri	entity-page	2	2	no			wiki:Category:Threats_of_the_Galaxy wiki:Miraluka
1990	Exploration_Heroes	Exploration Heroes	entity-page	2	2	no			wiki:Category:Unknown_Regions_Campaign_Guide wiki:Heroic_Traits
1991	Space_Suit	Space Suit	entity-page	2	2	no			wiki:Category:Unknown_Regions_Campaign_Guide wiki:General_Equipment
1992	Rakatan_Weapon_Template	Rakatan Weapon Template	entity-page	2	2	no			wiki:Category:Unknown_Regions_Campaign_Guide wiki:Gear_Templates
1993	Electropole	Electropole	entity-page	2	2	no			wiki:Category:Unknown_Regions_Campaign_Guide wiki:Gungan
1994	Contact_Stunner	Contact Stunner	entity-page	2	2	no			wiki:Category:Unknown_Regions_Campaign_Guide wiki:Simple_Weapons_(Melee)
1995	Survival_Knife	Survival Knife	entity-page	2	2	no			wiki:Category:Unknown_Regions_Campaign_Guide wiki:Simple_Weapons_(Melee)
1996	Squib_Tensor_Rifle	Squib Tensor Rifle	entity-page	2	2	no	wiki:Squib	variant-name(-2)	wiki:Category:Unknown_Regions_Campaign_Guide wiki:Squib
1997	Verpine_Shatter_Gun	Verpine Shatter Gun	entity-page	2	2	no	wiki:Verpine	variant-name(-2)	wiki:Category:Unknown_Regions_Campaign_Guide wiki:Verpine
1998	Black-Powder_Pistol	Black-Powder Pistol	entity-page	2	2	no			wiki:Category:Unknown_Regions_Campaign_Guide wiki:Pistols
1999	Heavy_Slugthrower_Pistol	Heavy Slugthrower Pistol	entity-page	2	2	no			wiki:Category:Unknown_Regions_Campaign_Guide wiki:Pistols
2000	Stun_Pistol	Stun Pistol	entity-page	2	2	no			wiki:Category:Unknown_Regions_Campaign_Guide wiki:Pistols
2001	Concussion_Rifle	Concussion Rifle	entity-page	2	2	no			wiki:Category:Unknown_Regions_Campaign_Guide wiki:Rifles
2002	Targeting_Blaster_Rifle	Targeting Blaster Rifle	entity-page	2	2	no			wiki:Category:Unknown_Regions_Campaign_Guide wiki:Rifles
2003	Antidote_Synthesizer	Antidote Synthesizer	entity-page	2	2	no			wiki:Category:Unknown_Regions_Campaign_Guide wiki:General_Equipment
2004	Climbing_Harness	Climbing Harness	entity-page	2	2	no			wiki:Category:Unknown_Regions_Campaign_Guide wiki:General_Equipment
2005	Emergency_Vacuum_Seal	Emergency Vacuum Seal	entity-page	2	2	no			wiki:Category:Unknown_Regions_Campaign_Guide wiki:General_Equipment
2006	Fire_Paste	Fire Paste	entity-page	2	2	no			wiki:Category:Unknown_Regions_Campaign_Guide wiki:General_Equipment
2007	Fire_Rod	Fire Rod	entity-page	2	2	no			wiki:Category:Unknown_Regions_Campaign_Guide wiki:General_Equipment
2008	Hypoinjector_Wristband	Hypoinjector Wristband	entity-page	2	2	no			wiki:Category:Unknown_Regions_Campaign_Guide wiki:General_Equipment
2009	Microlab	Microlab	entity-page	2	2	no			wiki:Category:Unknown_Regions_Campaign_Guide wiki:General_Equipment
2010	Personal_Multitool	Personal Multitool	entity-page	2	2	no			wiki:Category:Unknown_Regions_Campaign_Guide wiki:General_Equipment
2011	Personal_Translator	Personal Translator	entity-page	2	2	no			wiki:Category:Unknown_Regions_Campaign_Guide wiki:General_Equipment
2012	Plastent	Plastent	entity-page	2	2	no			wiki:Category:Unknown_Regions_Campaign_Guide wiki:General_Equipment
2013	Portable_Beacon	Portable Beacon	entity-page	2	2	no			wiki:Category:Unknown_Regions_Campaign_Guide wiki:General_Equipment
2014	Repulsor_Boots	Repulsor Boots	entity-page	2	2	no			wiki:Category:Unknown_Regions_Campaign_Guide wiki:General_Equipment
2015	Repulsor_Hitch	Repulsor Hitch	entity-page	2	2	no			wiki:Category:Unknown_Regions_Campaign_Guide wiki:General_Equipment
2016	Riding_Saddle	Riding Saddle	entity-page	2	2	no			wiki:Category:Unknown_Regions_Campaign_Guide wiki:General_Equipment
2017	War_Saddle	War Saddle	entity-page	2	2	no			wiki:Category:Unknown_Regions_Campaign_Guide wiki:General_Equipment
2018	Shipsuit	Shipsuit	entity-page	2	2	no			wiki:Category:Unknown_Regions_Campaign_Guide wiki:General_Equipment
2019	Signal_Wand	Signal Wand	entity-page	2	2	no			wiki:Category:Unknown_Regions_Campaign_Guide wiki:General_Equipment
2020	Sonar_Mapper	Sonar Mapper	entity-page	2	2	no			wiki:Category:Unknown_Regions_Campaign_Guide wiki:General_Equipment
2021	Subsonic_Field_Emitter	Subsonic Field Emitter	entity-page	2	2	no			wiki:Category:Unknown_Regions_Campaign_Guide wiki:General_Equipment
2022	Water_Extractor	Water Extractor	entity-page	2	2	no			wiki:Category:Unknown_Regions_Campaign_Guide wiki:General_Equipment
2023	22-B_Nightfalcon_Speeder_Bike	22-B Nightfalcon Speeder Bike	entity-page	2	2	no			wiki:Category:Unknown_Regions_Campaign_Guide wiki:Speeders
2024	MR/RV	MR/RV	entity-page	2	2	no			wiki:Category:Unknown_Regions_Campaign_Guide wiki:Speeders
2025	SRV-1_Scout/Retrieval_Vehicle	SRV-1 Scout/Retrieval Vehicle	entity-page	2	2	no			wiki:Category:Unknown_Regions_Campaign_Guide wiki:The_New_Republic
2026	Mu-2_Long_Range_Shuttle	Mu-2 Long Range Shuttle	entity-page	2	2	no			wiki:Category:Unknown_Regions_Campaign_Guide wiki:The_New_Republic
2027	Strill	Strill	entity-page	2	1	no			wiki:Category:Unknown_Regions_Campaign_Guide
2028	Creating_New_Worlds	Creating New Worlds	entity-page	2	1	no			wiki:Category:Unknown_Regions_Campaign_Guide
2029	Lava_Pits	Lava Pits	entity-page	2	1	no			wiki:Category:Unknown_Regions_Campaign_Guide
2030	Icy_Cave-In	Icy Cave-In	entity-page	2	1	no			wiki:Category:Unknown_Regions_Campaign_Guide
2031	Deep_Space_Encounters	Deep Space Encounters	entity-page	2	1	no			wiki:Category:Unknown_Regions_Campaign_Guide
2032	244Core	244Core	entity-page	2	2	no			wiki:Category:Unknown_Regions_Campaign_Guide wiki:Galactic_Gazetteer
2033	Altiria/Anarris	Altiria/Anarris	entity-page	2	2	no			wiki:Category:Unknown_Regions_Campaign_Guide wiki:Galactic_Gazetteer
2034	Durace	Durace	entity-page	2	2	no			wiki:Category:Unknown_Regions_Campaign_Guide wiki:Galactic_Gazetteer
2035	Category:Durace_Beasts	Category:Durace Beasts	category-index	2	2	no			wiki:Category:Unknown_Regions_Campaign_Guide wiki:Galactic_Gazetteer
2036	Giaca	Giaca	entity-page	2	2	no			wiki:Category:Unknown_Regions_Campaign_Guide wiki:Galactic_Gazetteer
2037	Category:Giaca_Beasts	Category:Giaca Beasts	category-index	2	2	no			wiki:Category:Unknown_Regions_Campaign_Guide wiki:Galactic_Gazetteer
2038	Iol	Iol	entity-page	2	2	no			wiki:Category:Unknown_Regions_Campaign_Guide wiki:Galactic_Gazetteer
2039	Veroleem	Veroleem	entity-page	2	2	no			wiki:Category:Unknown_Regions_Campaign_Guide wiki:Galactic_Gazetteer
2040	Volik	Volik	entity-page	2	2	no			wiki:Category:Unknown_Regions_Campaign_Guide wiki:Galactic_Gazetteer
2041	Category:Volik_Beasts	Category:Volik Beasts	category-index	2	2	no			wiki:Category:Unknown_Regions_Campaign_Guide wiki:Galactic_Gazetteer
2042	Restricted_Item	Restricted Item	entity-page	2	2	no			wiki:Category:Vehicles wiki:Combat
2043	Proton_Torpedo_Launchers	Proton Torpedo Launchers	entity-page	2	2	no			wiki:Category:Weapon_Systems wiki:Starship_Modifications
2044	Heavy_Turbolasers	Heavy Turbolasers	entity-page	2	2	no			wiki:Category:Weapon_Systems wiki:Starship_Modifications
2045	Harpoon_Gun	Harpoon Gun	entity-page	2	2	no			wiki:Category:Weapon_Systems wiki:Starship_Modifications
2046	Autoblaster	Autoblaster	entity-page	2	2	no			wiki:Category:Weapon_Systems wiki:Starship_Modifications
2047	Docking_Gun	Docking Gun	entity-page	2	2	no			wiki:Category:Weapon_Systems wiki:Starship_Modifications
2048	Gravity_Well_Projector	Gravity Well Projector	entity-page	2	2	no			wiki:Category:Weapon_Systems wiki:Starship_Modifications
2049	Mass_Pulse_Mines	Mass Pulse Mines	entity-page	2	2	no			wiki:Category:Weapon_Systems wiki:Starship_Modifications
2050	Point-Defense_Weapon	Point-Defense Weapon	entity-page	2	2	no			wiki:Category:Weapon_Systems wiki:Starship_Modifications
2051	Starship_Droid_Jammer	Starship Droid Jammer	rules-term	2	2	no	wiki:Category:Starships	variant-name(-2)	wiki:Category:Weapon_Systems wiki:Starship_Modifications
2052	Tracking_Proton_Torpedoes	Tracking Proton Torpedoes	entity-page	2	2	no			wiki:Category:Weapon_Systems wiki:Starship_Modifications
2053	Boarding_Drill/Plasma_Beam_Cutter	Boarding Drill/Plasma Beam Cutter	entity-page	2	2	no			wiki:Category:Weapon_Systems wiki:Starship_Modifications
2054	Energy_Bomblet_Generator	Energy Bomblet Generator	entity-page	2	2	no			wiki:Category:Weapon_Systems wiki:Starship_Modifications
2055	Marker_Missiles	Marker Missiles	entity-page	2	2	no			wiki:Category:Weapon_Systems wiki:Starship_Modifications
2056	Chaff_Gun	Chaff Gun	entity-page	2	2	no			wiki:Category:Weapon_Systems wiki:Starship_Modifications
2057	Fotia's_Fire_Cannon	Fotia's Fire Cannon	entity-page	2	2	no			wiki:Category:Weapon_Systems wiki:Starship_Modifications
2058	Projectile_Launcher	Projectile Launcher	entity-page	2	2	no			wiki:Category:Weapon_Systems wiki:Starship_Modifications
2059	Pseudograv_Projector	Pseudograv Projector	entity-page	2	2	no			wiki:Category:Weapon_Systems wiki:Starship_Modifications
2060	Drop_Net	Drop Net	entity-page	2	2	no			wiki:Category:Weapon_Systems wiki:Starship_Modifications
2061	Telos	Telos	entity-page	2	2	no			wiki:Category:Web_Enhancements wiki:Old_Republic_Era_Campaigns
2062	Aldren_Dayos	Aldren Dayos	entity-page	2	2	no			wiki:Category:Web_Enhancements wiki:The_Jedi
2063	Anyara	Anyara	entity-page	2	2	no			wiki:Category:Web_Enhancements wiki:The_Jedi
2064	Zabrak_Engineer	Zabrak Engineer	entity-page	2	1	no	wiki:Zabrak	variant-name(-1)	wiki:Category:Web_Enhancements
2065	Mon_Calamari_Outlaw_Tech	Mon Calamari Outlaw Tech	entity-page	2	1	no	wiki:Mon_Calamari	variant-name(-2)	wiki:Category:Web_Enhancements
2066	Quick_Fix	Quick Fix	entity-page	2	1	no			wiki:Category:Web_Enhancements
2067	Personalized_Modifications	Personalized Modifications	entity-page	2	1	no			wiki:Category:Web_Enhancements
2068	Misfortune_Talents	Misfortune Talents	entity-page	2	2	no			wiki:Category:Web_Enhancements wiki:Outlaw_Tech_Talent_Tree
2069	Nek_Dog	Nek Dog	entity-page	2	2	no			wiki:Category:Web_Enhancements wiki:Gamemastering
2070	Dark_Side_Marauders	Dark Side Marauders	entity-page	2	2	no			wiki:Category:Web_Enhancements wiki:Gamemastering
2071	Bounty_Hunter_(CL_7)	Bounty Hunter (CL 7)	entity-page	2	2	no	wiki:Bounty_Hunter	variant-name(-2)	wiki:Category:Web_Enhancements wiki:Gamemastering
2072	Dioxis	Dioxis	entity-page	2	2	no			wiki:Category:Web_Enhancements wiki:Gamemastering
2073	Crab_Droid_Scouts	Crab Droid Scouts	entity-page	2	2	no			wiki:Category:Web_Enhancements wiki:Gamemastering
2074	Freedon_Nadd's_Short_Lightsaber	Freedon Nadd's Short Lightsaber	entity-page	2	2	no			wiki:Category:Web_Enhancements wiki:Destiny
2075	Ludo_Kressh's_War_Sword	Ludo Kressh's War Sword	entity-page	2	2	no			wiki:Category:Web_Enhancements wiki:Destiny
2076	Onasi_Blaster	Onasi Blaster	entity-page	2	2	no			wiki:Category:Web_Enhancements wiki:Destiny
2077	Crusader-Class_Corvette	Crusader-Class Corvette	entity-page	2	2	no			wiki:Category:Web_Enhancements wiki:The_Mandalorians
2078	Darth_Millennial	Darth Millennial	entity-page	2	2	no			wiki:Category:Web_Enhancements wiki:The_Sith
2079	The_Confederation-Galactic_Alliance_War	The Confederation-Galactic Alliance War	rules-term	2	2	no			wiki:Category:Web_Enhancements wiki:The_Sith
2080	Presence	Presence	entity-page	2	2	no			wiki:Category:Web_Enhancements wiki:The_Sith
2081	Penetrating_Attack_(Lightsabers)	Penetrating Attack (Lightsabers)	entity-page	2	2	no			wiki:Category:Web_Enhancements wiki:The_Sith
2082	Ginivex-Class_Starfighters	Ginivex-Class Starfighters	entity-page	2	2	no			wiki:Category:Web_Enhancements wiki:The_Sith
2083	Sith_Interceptors	Sith Interceptors	entity-page	2	2	no	wiki:The_Sith	variant-name(-1)	wiki:Category:Web_Enhancements wiki:The_Sith
2084	Sith_Infiltrator	Sith Infiltrator	entity-page	2	2	no	wiki:The_Sith	variant-name(-1)	wiki:Category:Web_Enhancements wiki:The_Sith
2085	Darth_Vitus	Darth Vitus	entity-page	2	2	no			wiki:Category:Web_Enhancements wiki:The_Sith
2086	Sarn_Vals	Sarn Vals	entity-page	2	2	no			wiki:Category:Web_Enhancements wiki:The_Sith
2087	Rentean	Rentean	entity-page	2	2	no			wiki:Category:Web_Enhancements wiki:The_Sith
2088	Sith_Holocrons	Sith Holocrons	entity-page	2	2	no	wiki:The_Sith	variant-name(-1)	wiki:Category:Web_Enhancements wiki:The_Sith
2089	The_Sith_Code	The Sith Code	rules-term	2	2	no	wiki:The_Sith	variant-name(-1)	wiki:Category:Web_Enhancements wiki:Gamemastering
2090	Rakatan_Guardian_Droids	Rakatan Guardian Droids	entity-page	2	2	no			wiki:Category:Web_Enhancements wiki:Gamemastering
2091	Rakatans	Rakatans	entity-page	2	2	no			wiki:Category:Web_Enhancements wiki:Gamemastering
2092	Skill_Focus_(Pilot)	Skill Focus (Pilot)	rules-term	2	1	no	wiki:Skill_Focus	variant-name(-1)	wiki:Category:Web_Enhancements
2093	Battle_Analysis	Battle Analysis	entity-page	2	2	no			wiki:Category:Web_Enhancements wiki:Military_Tactics_Talent_Tree
2094	Cover_Fire	Cover Fire	entity-page	2	1	no			wiki:Category:Web_Enhancements
2095	Ooglith_Masquer	Ooglith Masquer	entity-page	2	2	no			wiki:Category:Web_Enhancements wiki:General_Equipment
2096	Trandoshan_Mercenary	Trandoshan Mercenary	entity-page	2	1	no	wiki:Trandoshan	variant-name(-1)	wiki:Category:Web_Enhancements
2097	64-Y_Swift_3_Repulsor_Sled	64-Y Swift 3 Repulsor Sled	entity-page	2	2	no			wiki:Category:Web_Enhancements wiki:Speeders
2098	SpecForce_Commando_Strike_Leader	SpecForce Commando Strike Leader	entity-page	2	2	no			wiki:Category:Web_Enhancements wiki:The_New_Republic
2099	Jedi_Crusader	Jedi Crusader	entity-page	2	2	no	wiki:The_Jedi	variant-name(-1)	wiki:Category:Web_Enhancements wiki:The_Jedi
2100	Sith_Apprentice_(CL_10)	Sith Apprentice (CL 10)	entity-page	2	2	no	wiki:Sith_Apprentice	variant-name(-2)	wiki:Category:Web_Enhancements wiki:The_Sith
2101	Obi-Wan_Kenobi,_Jedi_General	Obi-Wan Kenobi, Jedi General	entity-page	2	2	no			wiki:Category:Web_Enhancements wiki:The_Jedi
2102	Asajj_Ventress,_Strike_Leader	Asajj Ventress, Strike Leader	entity-page	2	2	no			wiki:Category:Web_Enhancements wiki:The_Witches_of_Dathomir
2103	S-5_Heavy_Blaster_Pistol	S-5 Heavy Blaster Pistol	entity-page	2	2	no			wiki:Category:Web_Enhancements wiki:Pistols
2104	GenoHaradan_Assassin_(CL_7)	GenoHaradan Assassin (CL 7)	entity-page	2	2	no	wiki:The_GenoHaradan	variant-name(-3)	wiki:Category:Web_Enhancements wiki:The_GenoHaradan
2105	Mandalorian_Marauder	Mandalorian Marauder	entity-page	2	2	no	wiki:The_Mandalorians	variant-name(-1)	wiki:Category:Web_Enhancements wiki:The_Mandalorians
2106	Sith_Marauder	Sith Marauder	entity-page	2	2	no	wiki:The_Sith	variant-name(-1)	wiki:Category:Web_Enhancements wiki:The_Sith
2107	Mandalorian_Trooper	Mandalorian Trooper	entity-page	2	2	no	wiki:The_Mandalorians	variant-name(-1)	wiki:Category:Web_Enhancements wiki:The_Mandalorians
2108	Han_Solo,_Galactic_Hero	Han Solo, Galactic Hero	entity-page	2	2	no			wiki:Category:Web_Enhancements wiki:The_New_Republic
2109	Darth_Krayt,_One_Sith	Darth Krayt, One Sith	entity-page	2	2	no	wiki:Darth_Krayt	variant-name(-2)	wiki:Category:Web_Enhancements wiki:The_Sith
2110	The_Peace_Brigade	The Peace Brigade	rules-term	2	2	no			wiki:Category:Web_Enhancements wiki:The_Matukai
2111	SpecForce_Commando_Pathfinder	SpecForce Commando Pathfinder	entity-page	2	2	no			wiki:Category:Web_Enhancements wiki:The_New_Republic
2112	HH-15_Projectile_Launcher	HH-15 Projectile Launcher	entity-page	2	2	no			wiki:Category:Web_Enhancements wiki:Heavy_Weapons
2113	Galen_Marek,_Vader's_Apprentice	Galen Marek, Vader's Apprentice	entity-page	2	2	no			wiki:Category:Web_Enhancements wiki:The_Sith
2114	Kazdan_Paratus,_Commander	Kazdan Paratus, Commander	entity-page	2	2	no			wiki:Category:Web_Enhancements wiki:The_Jedi
2115	Luke_Skywalker,_Hoth_Pilot	Luke Skywalker, Hoth Pilot	entity-page	2	2	no			wiki:Category:Web_Enhancements wiki:The_Jedi
2116	Two-Handed	Two-Handed	entity-page	2	2	no			wiki:Category:Web_Enhancements wiki:Codru-Ji
2117	Jedi_Talents	Jedi Talents	entity-page	2	2	no	wiki:The_Jedi	variant-name(-1)	wiki:Category:Web_Enhancements wiki:Jedi
2118	Jedi_Guardian_Talents	Jedi Guardian Talents	entity-page	2	2	no	wiki:The_Jedi	variant-name(-2)	wiki:Category:Web_Enhancements wiki:Jedi
2119	ASP_Labor_Droids	ASP Labor Droids	entity-page	2	2	no			wiki:Category:Web_Enhancements wiki:Jedi
2120	Lightsaber_Combat_Talents	Lightsaber Combat Talents	entity-page	2	2	no	wiki:Lightsabers	variant-name(-2)	wiki:Category:Web_Enhancements wiki:Jedi
2121	Readying_an_Action	Readying an Action	entity-page	2	1	no			wiki:Category:Web_Enhancements
2122	Readied_an_Action	Readied an Action	entity-page	2	1	no			wiki:Category:Web_Enhancements
2123	Fringe_Savant	Fringe Savant	entity-page	2	1	no			wiki:Category:Web_Enhancements
2124	Moderate_Transgression	Moderate Transgression	entity-page	2	1	no			wiki:Category:Web_Enhancements
2125	Minor_Transgression	Minor Transgression	entity-page	2	1	no			wiki:Category:Web_Enhancements
2126	Weapon_Specialization_(Rifles)	Weapon Specialization (Rifles)	entity-page	2	1	no	wiki:Category:Weapons	variant-name(-2)	wiki:Category:Web_Enhancements
2127	Ter%C3%A4s_K%C3%A4si_Mastery	Ter%C3%A4s K%C3%A4si Mastery	entity-page	2	1	no			wiki:Category:Web_Enhancements
2128	Improving_Access	Improving Access	entity-page	2	2	no			wiki:Category:Web_Enhancements wiki:Outlaw_Tech_Talent_Tree
2129	Officer_Talents	Officer Talents	entity-page	2	2	no	wiki:Officer	variant-name(-1)	wiki:Category:Web_Enhancements wiki:Force_Disciple
2130	The_Gem_of_Alderaan	The Gem of Alderaan	rules-term	2	2	no			wiki:Category:Web_Enhancements wiki:Treat_Injury
2131	The_Outrider	The Outrider	rules-term	2	2	no			wiki:Category:Web_Enhancements wiki:Starship_Modifications
2132	The_Wild_Karrde	The Wild Karrde	rules-term	2	2	no			wiki:Category:Web_Enhancements wiki:Starship_Modifications
2133	Hangar_Bays	Hangar Bays	entity-page	2	2	no			wiki:Category:Web_Enhancements wiki:Starship_Modifications
2134	Medical_Suites	Medical Suites	entity-page	2	2	no			wiki:Category:Web_Enhancements wiki:Starship_Modifications
2135	Cestas	Cestas	entity-page	2	2	no			wiki:Category:Web_Enhancements wiki:Ranged_Attacks
2136	Diseases	Diseases	entity-page	2	2	no			wiki:Category:Web_Enhancements wiki:Near-Human
2137	Improvised	Improvised	entity-page	2	1	no			wiki:Category:Web_Enhancements
2138	Stunning_Strike	Stunning Strike	entity-page	2	2	no			wiki:Category:Web_Enhancements wiki:Melee_Specialist_Talent_Tree
2139	Notorious	Notorious	entity-page	2	2	no			wiki:Category:Web_Enhancements wiki:Infamy_Talent_Tree
2140	Sith_Sword	Sith Sword	entity-page	2	2	no	wiki:The_Sith	variant-name(-1)	wiki:Category:Web_Enhancements wiki:Simple_Weapons_(Melee)
2141	Noble_Talents	Noble Talents	entity-page	2	2	no	wiki:Noble	variant-name(-1)	wiki:Category:Web_Enhancements wiki:Heroic_Classes
2142	Blaster_Cannons	Blaster Cannons	entity-page	2	1	no			wiki:Category:Web_Enhancements
2143	Point-Defense	Point-Defense	entity-page	2	2	no			wiki:Category:Web_Enhancements wiki:Lightsaber_Combat_Talent_Tree
2144	Strafing_Attack	Strafing Attack	entity-page	2	2	no			wiki:Category:Web_Enhancements wiki:Strafe
2145	Flight	Flight	entity-page	2	1	no			wiki:Category:Web_Enhancements
2146	Pinning	Pinning	entity-page	2	1	no			wiki:Category:Web_Enhancements
2147	Grenade_Launchers	Grenade Launchers	entity-page	2	2	no	wiki:Grenades	variant-name(-1)	wiki:Category:Web_Enhancements wiki:Rank_and_Privilege
2148	Flame_Cannon	Flame Cannon	entity-page	2	2	no			wiki:Category:Web_Enhancements wiki:Heavy_Weapons
2149	Mortar_Launcher	Mortar Launcher	entity-page	2	2	no			wiki:Category:Web_Enhancements wiki:Heavy_Weapons
2150	Rotary_Blaster_Cannon	Rotary Blaster Cannon	entity-page	2	2	no			wiki:Category:Web_Enhancements wiki:Heavy_Weapons
2151	Katarn-Class_Commando_Armor	Katarn-Class Commando Armor	entity-page	2	2	no			wiki:Category:Web_Enhancements wiki:Medium_Armor
2152	Readies_an_Action	Readies an Action	entity-page	2	1	no			wiki:Category:Web_Enhancements
2153	Dogfighting	Dogfighting	entity-page	2	1	no			wiki:Category:Web_Enhancements
2154	Suppressing_Fire	Suppressing Fire	entity-page	2	1	no			wiki:Category:Web_Enhancements
2155	Double	Double	entity-page	2	1	no			wiki:Category:Web_Enhancements
2156	Triple	Triple	entity-page	2	1	no			wiki:Category:Web_Enhancements
2157	Synchronized_Fire	Synchronized Fire	entity-page	2	1	no			wiki:Category:Web_Enhancements
2158	Snap_Roll	Snap Roll	entity-page	2	2	no			wiki:Category:Web_Enhancements wiki:Starship_Maneuvers
2159	Attack_Formation_Zeta_Nine	Attack Formation Zeta Nine	entity-page	2	2	no	wiki:Attacks	variant-name(-3)	wiki:Category:Web_Enhancements wiki:Starship_Maneuvers
2160	Force_Tradition_Talent_Trees	Force Tradition Talent Trees	entity-page	2	1	no	wiki:Force_Traditions	variant-name(-2)	wiki:Category:Web_Enhancements
2161	Tough_as_Durasteel	Tough as Durasteel	entity-page	2	1	no			wiki:Category:Web_Enhancements
2162	Attune_Weapon	Attune Weapon	entity-page	2	1	no			wiki:Category:Web_Enhancements
2163	Empower_Weapon	Empower Weapon	entity-page	2	1	no			wiki:Category:Web_Enhancements
2164	Ignite_Fervor	Ignite Fervor	entity-page	2	2	no			wiki:Category:Web_Enhancements wiki:Unleashed_Abilities
2165	Extreme_Effort	Extreme Effort	entity-page	2	2	no			wiki:Category:Web_Enhancements wiki:Unleashed_Abilities
2166	Surefooted	Surefooted	entity-page	2	2	no			wiki:Category:Web_Enhancements wiki:Master_Scout_Talent_Tree
2167	Demolitionist	Demolitionist	entity-page	2	1	no			wiki:Category:Web_Enhancements
2168	Expert_Gunner	Expert Gunner	entity-page	2	1	no			wiki:Category:Web_Enhancements
2169	Skill_Focus_(Climb)	Skill Focus (Climb)	rules-term	2	2	no	wiki:Skill_Focus	variant-name(-1)	wiki:Category:Web_Enhancements wiki:Krevaaki
2170	Skill_Focus_(Endurance)	Skill Focus (Endurance)	rules-term	2	2	no	wiki:Skill_Focus	variant-name(-1)	wiki:Category:Web_Enhancements wiki:Weequay
2171	Improved_Battle_Meditation	Improved Battle Meditation	entity-page	2	1	no			wiki:Category:Web_Enhancements
2172	Improved_Telepathy	Improved Telepathy	entity-page	2	2	no			wiki:Category:Web_Enhancements wiki:The_Force
2173	Chalkazza	Chalkazza	entity-page	2	1	no			wiki:Category:Web_Enhancements
2174	Scoundrel_Talents	Scoundrel Talents	entity-page	2	2	no	wiki:Scoundrel	variant-name(-1)	wiki:Category:Web_Enhancements wiki:Use_Computer
2175	Human_Jensaarai_Defender	Human Jensaarai Defender	entity-page	2	2	no	wiki:Human	variant-name(-2)	wiki:Category:Web_Enhancements wiki:The_Jensaarai
2176	Withdrawing	Withdrawing	entity-page	2	2	no			wiki:Category:Web_Enhancements wiki:Fugitive_Commander_Talent_Tree
2177	Droid_Hero	Droid Hero	rules-term	2	1	no			wiki:Category:Web_Enhancements
2178	3PO-Series_Protocol_Droids	3PO-Series Protocol Droids	entity-page	2	2	no			wiki:Category:Web_Enhancements wiki:Hand
2179	Whipcord	Whipcord	entity-page	2	1	no			wiki:Category:Web_Enhancements
2180	Fortune's_Favor	Fortune's Favor	entity-page	2	1	no			wiki:Category:Web_Enhancements
2181	Celegian_Life-Support_Chamber	Celegian Life-Support Chamber	entity-page	2	2	no	wiki:Celegian	variant-name(-3)	wiki:Celegian wiki:General_Equipment
2182	Blast_Helmet_and_Vest	Blast Helmet and Vest	entity-page	2	2	no			wiki:Character_Creation wiki:Light_Armor
2183	Zolan	Zolan	entity-page	2	1	no			wiki:Clawdite
2184	Encumbrance	Encumbrance	entity-page	2	2	no			wiki:Climb wiki:Gamemastering
2185	Delayed	Delayed	entity-page	2	1	no			wiki:Combat
2186	Power_Check	Power Check	entity-page	2	1	no			wiki:Combat
2187	Combat_Round	Combat Round	entity-page	2	1	no	wiki:Combat	variant-name(-1)	wiki:Combat_Sequence
2188	Glow_Rods	Glow Rods	entity-page	2	2	no			wiki:Combat_Sequence wiki:Galactic_Gazetteer
2189	Stun_Grenade	Stun Grenade	entity-page	2	2	no			wiki:Conditions wiki:Grenades
2190	Disband	Disband	entity-page	2	1	no			wiki:Conditions
2191	Sith_Holocron	Sith Holocron	entity-page	2	2	no	wiki:The_Sith	variant-name(-1)	wiki:Darth_Krayt wiki:The_Sith
2192	Falleen	Falleen	entity-page	2	2	yes			wiki:Dashade wiki:Species
2193	Extreme_Temperatures	Extreme Temperatures	entity-page	2	2	no			wiki:Dashade wiki:Mechanics
2194	AAT-1	AAT-1	entity-page	2	2	no			wiki:Defenses wiki:Speeders
2195	74-Z_Speeder_Bike	74-Z Speeder Bike	entity-page	2	2	no			wiki:Defenses wiki:Speeders
2196	Champion	Champion	entity-page	2	2	no			wiki:Destiny wiki:Warrior_Talent_Tree
2197	Ranged_Disarm	Ranged Disarm	rules-term	2	2	no			wiki:Disarm wiki:Warrior_Talent_Tree
2198	Yuzzum	Yuzzum	entity-page	2	2	no			wiki:Galactic_Gazetteer wiki:The_Forest_Moon_of_Endor
2199	Dxun	Dxun	entity-page	2	2	no			wiki:Galactic_Gazetteer wiki:The_Force
2200	Trade_Goods	Trade Goods	entity-page	2	1	no			wiki:Gamemastering
2201	Job_Generator	Job Generator	entity-page	2	2	no			wiki:Gather_Information wiki:Use_Computer
2202	Prototype_General_Template	Prototype General Template	entity-page	2	1	no			wiki:Gear_Templates
2203	Refitted_Weapon_Template	Refitted Weapon Template	entity-page	2	2	no			wiki:Gear_Templates wiki:Mechanics
2204	Chrysalis_Beast_Template	Chrysalis Beast Template	entity-page	2	2	no			wiki:Gear_Templates wiki:Sith_Alchemy_Talent_Tree
2205	Sith_Abomination_Template	Sith Abomination Template	entity-page	2	2	no	wiki:The_Sith	variant-name(-2)	wiki:Gear_Templates wiki:Sith_Alchemy_Talent_Tree
2206	Fusion_Lantern	Fusion Lantern	entity-page	2	2	no			wiki:General_Equipment wiki:Visibility
2207	Power_Recharger	Power Recharger	entity-page	2	2	no			wiki:General_Equipment wiki:Power_Pack
2208	Holster	Holster	entity-page	2	1	no			wiki:General_Equipment
2209	Spice	Spice	entity-page	2	1	no			wiki:General_Equipment
2210	Proximity_Flare	Proximity Flare	entity-page	2	2	no			wiki:General_Equipment wiki:Visibility
2211	Yag'Duhl	Yag'Duhl	entity-page	2	1	no			wiki:Givin
2212	Inhaled	Inhaled	entity-page	2	2	no			wiki:Givin wiki:Malkite_Poisoner_Talent_Tree
2213	Antar_4	Antar 4	entity-page	2	1	no			wiki:Gotal
2214	Antar	Antar	entity-page	2	1	no			wiki:Gotal
2215	Heavy_Battle_Armor	Heavy Battle Armor	entity-page	2	2	no			wiki:Heavy_Armor wiki:Sith_Alchemy_Talent_Tree
2216	Heavy_Pressure_Suit	Heavy Pressure Suit	entity-page	2	2	no			wiki:Heavy_Armor wiki:Skakoan
2217	Bolster_Ally	Bolster Ally	entity-page	2	2	no			wiki:Hit_Points wiki:The_Tyia
2218	Lijuter	Lijuter	entity-page	2	1	no			wiki:Houk
2219	Varl	Varl	entity-page	2	1	no			wiki:Hutt
2220	Iktotchon	Iktotchon	entity-page	2	1	no			wiki:Iktotchi
2221	Disarming	Disarming	entity-page	2	2	no			wiki:Improved_Disarm wiki:Weapon_Specialist_Talent_Tree
2222	Lightsaber_Accessory_or_Modification	Lightsaber Accessory or Modification	entity-page	2	1	no	wiki:Lightsabers	variant-name(-3)	wiki:Jedi_Artisan_Talent_Tree
2223	Rank_and_Privilege_Score	Rank and Privilege Score	entity-page	2	2	no	wiki:Rank_and_Privilege	variant-name(-1)	wiki:Jedi_Bonus_Feats wiki:Soldier_Bonus_Feats
2224	Elder's_Knowledge	Elder's Knowledge	entity-page	2	2	yes			wiki:Jedi_Bonus_Feats wiki:Noble_Bonus_Feats
2225	Sentinel_Strike	Sentinel Strike	entity-page	2	1	no			wiki:Jedi_Shadow_Talent_Tree
2226	Sentinel's_Gambit	Sentinel's Gambit	entity-page	2	1	no			wiki:Jedi_Shadow_Talent_Tree
2227	Special_Qualities	Special Qualities	entity-page	2	2	no			wiki:Killik wiki:Sorcerer_of_Rhand
2228	Threatens	Threatens	entity-page	2	2	no			wiki:Kinetic_Combat wiki:Trickery_Talent_Tree
2229	Sith_Alchemical_Weapon	Sith Alchemical Weapon	entity-page	2	2	no	wiki:The_Sith	variant-name(-2)	wiki:Krath_Talent_Tree wiki:Sith_Alchemy_Talent_Tree
2230	Combat_Jumpsuit	Combat Jumpsuit	entity-page	2	2	no	wiki:Combat	variant-name(-1)	wiki:Light_Armor wiki:Ubese
2231	Kathracite_Crystal	Kathracite Crystal	entity-page	2	1	no			wiki:Lightsabers
2232	Bondar_Crystals	Bondar Crystals	entity-page	2	1	no			wiki:Lightsabers
2233	Influential_Contacts	Influential Contacts	entity-page	2	1	no			wiki:Lineage_Talent_Tree
2234	Miralukan	Miralukan	entity-page	2	2	no			wiki:Luka_Sene_Talent_Tree wiki:Talents
2235	Martial_Arts_Feats	Martial Arts Feats	entity-page	2	2	no			wiki:Mandalorian_Warrior_Talent_Tree wiki:Martial_Arts_Master
2236	Medium_Pressure_Suit	Medium Pressure Suit	entity-page	2	2	no			wiki:Medium_Armor wiki:Skakoan
2237	Swoop_Bike	Swoop Bike	entity-page	2	1	no			wiki:Mobile_Scout_Talent_Tree
2238	Byblos	Byblos	entity-page	2	1	no			wiki:Mrlssi
2239	Tofs	Tofs	entity-page	2	1	no			wiki:Nagai
2240	Species_Feat	Species Feat	entity-page	2	2	no			wiki:Nelvaanian wiki:Nikto
2241	Experienced_Medic	Experienced Medic	entity-page	2	2	yes			wiki:Noble_Bonus_Feats wiki:Soldier_Bonus_Feats
2242	Disturbing_Presence	Disturbing Presence	entity-page	2	2	yes			wiki:Noble_Bonus_Feats wiki:Scoundrel_Bonus_Feats
2243	Expert_Briber	Expert Briber	entity-page	2	2	yes			wiki:Noble_Bonus_Feats wiki:Scoundrel_Bonus_Feats
2244	Fl%C3%A8che	Fl%C3%A8che	entity-page	2	2	yes			wiki:Noble_Bonus_Feats wiki:Soldier_Bonus_Feats
2245	Swoop_Racers	Swoop Racers	entity-page	2	1	no			wiki:Old_Republic_Era_Campaigns
2246	The_Black_Vulkars	The Black Vulkars	rules-term	2	1	no			wiki:Old_Republic_Era_Campaigns
2247	Hyperspace_Beacons	Hyperspace Beacons	entity-page	2	1	no			wiki:Old_Republic_Era_Campaigns
2248	Exogorths	Exogorths	entity-page	2	1	no			wiki:Old_Republic_Era_Campaigns
2249	Jervo_Thalien	Jervo Thalien	entity-page	2	1	no			wiki:Old_Republic_Era_Campaigns
2250	Bothan_Spies	Bothan Spies	entity-page	2	1	no	wiki:Bothan	variant-name(-1)	wiki:Organizations
2251	Zuckuss	Zuckuss	entity-page	2	2	no			wiki:Organizations wiki:The_Gand_Findsmen
2252	Improve_Access	Improve Access	entity-page	2	2	no			wiki:Outlaw_Tech_Talent_Tree wiki:Slicer_Talent_Tree
2253	Lowick	Lowick	entity-page	2	1	no			wiki:Pa'lowick
2254	Dramatic_Heroism	Dramatic Heroism	entity-page	2	2	no			wiki:Philosophy wiki:The_Force
2255	Mentor	Mentor	entity-page	2	2	no			wiki:Philosophy wiki:The_Force
2256	Notice	Notice	entity-page	2	2	no			wiki:Pilot wiki:Stealth
2257	Create_a_Diversion_to_Hide	Create a Diversion to Hide	entity-page	2	2	no			wiki:Pilot wiki:Ryn
2258	Missiles_or_Torpedoes	Missiles or Torpedoes	entity-page	2	2	no			wiki:Point-Blank_Shot wiki:Rapid_Shot
2259	Rangefinder	Rangefinder	rules-term	2	2	no			wiki:Point-Blank_Shot wiki:Ranged_Attacks
2260	Combat_Jumpsuits	Combat Jumpsuits	entity-page	2	1	no	wiki:Combat	variant-name(-1)	wiki:Rank_and_Privilege
2261	74-Z_Speeder_Bikes	74-Z Speeder Bikes	entity-page	2	1	no			wiki:Rank_and_Privilege
2262	Battle_Armors	Battle Armors	entity-page	2	1	no			wiki:Rank_and_Privilege
2263	Personal_Holoprojectors	Personal Holoprojectors	entity-page	2	1	no			wiki:Rank_and_Privilege
2264	Aging	Aging	entity-page	2	2	no			wiki:Replica_Droid wiki:Shard
2265	Compartment_Space	Compartment Space	entity-page	2	2	no			wiki:Replica_Droid wiki:Shard
2266	Maintenance	Maintenance	entity-page	2	2	no			wiki:Replica_Droid wiki:Shard
2267	Gun_Club	Gun Club	entity-page	2	1	no			wiki:Republic_Commando_Talent_Tree
2268	Deceptive_Information	Deceptive Information	entity-page	2	2	no			wiki:Ryn wiki:Smuggling_Talent_Tree
2269	Detonator	Detonator	entity-page	2	1	no			wiki:Sabotage_Talent_Tree
2270	Duck_and_Cover	Duck and Cover	entity-page	2	2	yes			wiki:Scoundrel_Bonus_Feats wiki:Scout_Bonus_Feats
2271	Fleet-Footed	Fleet-Footed	entity-page	2	2	yes			wiki:Scoundrel_Bonus_Feats wiki:Scout_Bonus_Feats
2272	Droidcraft	Droidcraft	rules-term	2	2	yes			wiki:Scoundrel_Bonus_Feats wiki:Scout_Bonus_Feats
2273	Expert_Droid_Repair	Expert Droid Repair	entity-page	2	2	yes			wiki:Scoundrel_Bonus_Feats wiki:Scout_Bonus_Feats
2274	Scout_Talent_Trees	Scout Talent Trees	entity-page	2	2	no	wiki:Scout	variant-name(-2)	wiki:Scout wiki:The_Fallanassi
2275	Flash_and_Clear	Flash and Clear	entity-page	2	2	yes			wiki:Scout_Bonus_Feats wiki:Soldier_Bonus_Feats
2276	Aids_Another	Aids Another	entity-page	2	2	no			wiki:Selkath wiki:Skill_Challenges
2277	Force_Repair	Force Repair	entity-page	2	2	no	wiki:The_Force	variant-name(-1)	wiki:Shard wiki:The_Iron_Knights
2278	Sith_Poison	Sith Poison	entity-page	2	1	no	wiki:The_Sith	variant-name(-1)	wiki:Sith_Alchemy_Talent_Tree
2279	Scout_Trooper	Scout Trooper	entity-page	2	1	no	wiki:Scout	variant-name(-1)	wiki:Skill_Challenges
2280	Combat_Actions	Combat Actions	entity-page	2	1	no	wiki:Combat	variant-name(-1)	wiki:Skill_Challenges
2281	Colicaid	Colicaid	entity-page	2	1	no			wiki:Skill_Challenges
2282	GX1_Short_Hauler	GX1 Short Hauler	entity-page	2	1	no			wiki:Skill_Challenges
2283	Changing_Objectives	Changing Objectives	entity-page	2	1	no			wiki:Skill_Challenges
2284	Containment	Containment	entity-page	2	1	no			wiki:Skill_Challenges
2285	Degrees_of_Success	Degrees of Success	entity-page	2	1	no			wiki:Skill_Challenges
2286	Extreme_Success	Extreme Success	entity-page	2	1	no			wiki:Skill_Challenges
2287	Individual_Effort	Individual Effort	entity-page	2	1	no			wiki:Skill_Challenges
2288	Initiative_Challenge	Initiative Challenge	entity-page	2	1	no			wiki:Skill_Challenges
2289	Opposed_DC_Challenge	Opposed DC Challenge	entity-page	2	1	no			wiki:Skill_Challenges
2290	Restricted_Skills	Restricted Skills	entity-page	2	1	no			wiki:Skill_Challenges
2291	Second_Effort	Second Effort	entity-page	2	1	no			wiki:Skill_Challenges
2292	Timed_Challenge	Timed Challenge	entity-page	2	1	no			wiki:Skill_Challenges
2293	Sluis_Van	Sluis Van	entity-page	2	1	no			wiki:Sluissi
2294	Conceal	Conceal	entity-page	2	1	no			wiki:Smuggling_Talent_Tree
2295	Rhand	Rhand	entity-page	2	1	no			wiki:Sorcerer_of_Rhand
2296	Category:Species_Traits	Category:Species Traits	category-index	2	1	no			wiki:Species
2297	Moving	Moving	entity-page	2	1	no			wiki:Speed
2298	Ackbar_Slash	Ackbar Slash	entity-page	2	1	no			wiki:Starship_Maneuvers
2299	Darklighter_Spin	Darklighter Spin	entity-page	2	1	no			wiki:Starship_Maneuvers
2300	Overwhelming_Assault	Overwhelming Assault	entity-page	2	1	no			wiki:Starship_Maneuvers
2301	Strike_Formation	Strike Formation	entity-page	2	1	no			wiki:Starship_Maneuvers
2302	Atmospheric_Thrusters	Atmospheric Thrusters	entity-page	2	1	no			wiki:Starship_Modifications
2303	Jammer	Jammer	entity-page	2	1	no			wiki:Starship_Modifications
2304	Regenerating_Shields	Regenerating Shields	entity-page	2	1	no			wiki:Starship_Modifications
2305	Cloaking_Device	Cloaking Device	entity-page	2	1	no			wiki:Starship_Modifications
2306	Escape_Pod	Escape Pod	entity-page	2	1	no			wiki:Starship_Modifications
2307	Transceiver	Transceiver	entity-page	2	1	no			wiki:Starship_Modifications
2308	CloakShape_Fighter	CloakShape Fighter	entity-page	2	2	no			wiki:Starship_Modifications wiki:The_Jedi
2309	Starship_Maneuver_Suite	Starship Maneuver Suite	rules-term	2	1	no	wiki:Starship_Maneuvers	variant-name(-1)	wiki:Starship_Tactics
2310	Gundarks	Gundarks	entity-page	2	2	no			wiki:Survival wiki:Wookiee
2311	Extreme_Heat_or_Cold	Extreme Heat or Cold	entity-page	2	1	no			wiki:Survivor_of_Ryloth
2312	Jocasta_Nu	Jocasta Nu	entity-page	2	1	no			wiki:The_Agents_of_Ossus
2313	Foresight	Foresight	entity-page	2	2	no			wiki:The_Baran_Do_Sages wiki:The_Tyia
2314	The_Darkstaff	The Darkstaff	rules-term	2	1	no			wiki:The_Believers
2315	Oblee	Oblee	entity-page	2	1	no			wiki:The_Believers
2316	Zonsoe	Zonsoe	entity-page	2	1	no			wiki:The_Blazing_Chain
2317	Force_Haze	Force Haze	entity-page	2	2	no	wiki:The_Force	variant-name(-1)	wiki:The_Blazing_Chain wiki:The_Fallanassi
2318	Antinnis_Tremayne	Antinnis Tremayne	entity-page	2	2	no			wiki:The_Inquisitorius wiki:The_Jedi
2319	The_Arkanian_Revolution	The Arkanian Revolution	rules-term	2	1	no	wiki:Arkanian	variant-name(-1)	wiki:The_Iron_Knights
2320	Oss_Willum	Oss Willum	entity-page	2	2	no			wiki:The_Jedi wiki:The_Sith
2321	Kyle_Katarn	Kyle Katarn	entity-page	2	2	no			wiki:The_Jedi wiki:The_New_Republic
2322	Arca_Jeth	Arca Jeth	entity-page	2	2	no			wiki:The_Jedi wiki:The_Krath
2323	Luke_Skywalker,_Grand_Master	Luke Skywalker, Grand Master	entity-page	2	2	no			wiki:The_Jedi wiki:The_New_Republic
2324	T-65XJ3_X-Wing_Starfighter	T-65XJ3 X-Wing Starfighter	entity-page	2	2	no			wiki:The_Jedi wiki:The_New_Republic
2325	Thosa	Thosa	entity-page	2	1	no			wiki:The_Keetael
2326	Karrh	Karrh	entity-page	2	1	no			wiki:The_Seyugi_Dervishes
2327	Darth_Ruin	Darth Ruin	entity-page	2	1	no			wiki:The_Sith
2328	Allya	Allya	entity-page	2	1	no			wiki:The_Witches_of_Dathomir
2329	Shili	Shili	entity-page	2	1	no			wiki:Togruta
2330	Instruments	Instruments	entity-page	2	2	no			wiki:Tool_Frenzy wiki:Tool_Mount
2331	Force_Unleashed_Abilities	Force Unleashed Abilities	entity-page	2	1	no	wiki:The_Force	variant-name(-2)	wiki:Unleashed
2332	Ragna_III	Ragna III	entity-page	2	1	no			wiki:Yuzzem
2333	Weapon_Focus_(Discblade)	Weapon Focus (Discblade)	entity-page	2	1	no	wiki:Weapon_Focus	variant-name(-1)	wiki:Zeison_Sha_Warrior_Talent_Tree
2334	Treat_Radiation	Treat Radiation	entity-page	1	1	no			wiki:1st-Degree_Droid_Talent_Tree
2335	FX-6_Medical_Assistance_Droid	FX-6 Medical Assistance Droid	entity-page	1	1	no			wiki:1st-Degree_Droids
2336	A-Series_Medical_Droid	A-Series Medical Droid	entity-page	1	1	no			wiki:1st-Degree_Droids
2337	88-Series_Administration_Droid	88-Series Administration Droid	entity-page	1	1	no			wiki:1st-Degree_Droids
2338	A9G-Series_Archive_Droid	A9G-Series Archive Droid	entity-page	1	1	no			wiki:1st-Degree_Droids
2339	AD-Series_Weapons_Maintenance_Droid	AD-Series Weapons Maintenance Droid	entity-page	1	1	no			wiki:1st-Degree_Droids
2340	MEV-Series_Medical_Droid	MEV-Series Medical Droid	entity-page	1	1	no			wiki:1st-Degree_Droids
2341	Sabacc_Dealer_Droid	Sabacc Dealer Droid	entity-page	1	1	no			wiki:1st-Degree_Droids
2342	Droid_Socket	Droid Socket	rules-term	1	1	no			wiki:2nd-Degree_Droid_Talent_Tree
2343	Disable_or_Erase_Program	Disable or Erase Program	entity-page	1	1	no			wiki:2nd-Degree_Droid_Talent_Tree
2344	R2-R-Series_Astromech_Droid	R2-R-Series Astromech Droid	entity-page	1	1	no			wiki:2nd-Degree_Droids
2345	KDY-4_Tech_Droid	KDY-4 Tech Droid	entity-page	1	1	no			wiki:2nd-Degree_Droids
2346	EI-9_Network_Security_Droid	EI-9 Network Security Droid	entity-page	1	1	no			wiki:2nd-Degree_Droids
2347	G2_Repair_Droid	G2 Repair Droid	entity-page	1	1	no			wiki:2nd-Degree_Droids
2348	H-1ME_Battle_Mechanic_Droid	H-1ME Battle Mechanic Droid	entity-page	1	1	no			wiki:2nd-Degree_Droids
2349	M38-Series_Explorer_Droid	M38-Series Explorer Droid	entity-page	1	1	no			wiki:2nd-Degree_Droids
2350	MK-Series_Maintenance_Droid	MK-Series Maintenance Droid	entity-page	1	1	no			wiki:2nd-Degree_Droids
2351	PG-5_Gunnery_Droid	PG-5 Gunnery Droid	entity-page	1	1	no			wiki:2nd-Degree_Droids
2352	R8-Series_Astromech_Droid	R8-Series Astromech Droid	entity-page	1	1	no			wiki:2nd-Degree_Droids
2353	RX-Series_Pilot_Droid	RX-Series Pilot Droid	entity-page	1	1	no			wiki:2nd-Degree_Droids
2354	S19_Astromech_Droid	S19 Astromech Droid	entity-page	1	1	no			wiki:2nd-Degree_Droids
2355	V6-Series_Pilot_Droid	V6-Series Pilot Droid	entity-page	1	1	no			wiki:2nd-Degree_Droids
2356	Helpful	Helpful	entity-page	1	1	no			wiki:3rd-Degree_Droid_Talent_Tree
2357	J9_Worker_Drone	J9 Worker Drone	entity-page	1	1	no			wiki:3rd-Degree_Droids
2358	K-Series_Spaceport_Control_Droid	K-Series Spaceport Control Droid	entity-page	1	1	no			wiki:3rd-Degree_Droids
2359	DR-10_Protocol_Droid	DR-10 Protocol Droid	entity-page	1	1	no			wiki:3rd-Degree_Droids
2360	CZ-Series_Secretary_Droid	CZ-Series Secretary Droid	entity-page	1	1	no			wiki:3rd-Degree_Droids
2361	GY-I_Information_Analysis_Droid	GY-I Information Analysis Droid	entity-page	1	1	no			wiki:3rd-Degree_Droids
2362	LEP_Service_Droid	LEP Service Droid	entity-page	1	1	no			wiki:3rd-Degree_Droids
2363	RWW-Series_Protocol_Droid	RWW-Series Protocol Droid	entity-page	1	1	no			wiki:3rd-Degree_Droids
2364	TT-8L_Gatekeeper_Droid	TT-8L Gatekeeper Droid	entity-page	1	1	no			wiki:3rd-Degree_Droids
2365	Dwarf_Spider_Droid	Dwarf Spider Droid	entity-page	1	1	no			wiki:4th-Degree_Droids
2366	LV-38_Longvision_Spotter/Probe_Droid	LV-38 Longvision Spotter/Probe Droid	entity-page	1	1	no			wiki:4th-Degree_Droids
2367	Automated_Sentry_Gun	Automated Sentry Gun	entity-page	1	1	no			wiki:4th-Degree_Droids
2368	AZ-Series_Battle_Droid	AZ-Series Battle Droid	entity-page	1	1	no			wiki:4th-Degree_Droids
2369	B2-AA_Air_Assault_Super_Battle_Droid	B2-AA Air Assault Super Battle Droid	entity-page	1	1	no			wiki:4th-Degree_Droids
2370	Eradicator-Series_Battle_Droid	Eradicator-Series Battle Droid	entity-page	1	1	no			wiki:4th-Degree_Droids
2371	Purge_Trooper	Purge Trooper	entity-page	1	1	no			wiki:4th-Degree_Droids
2372	Sniper_Droideka	Sniper Droideka	entity-page	1	1	no	wiki:Sniper	variant-name(-1)	wiki:4th-Degree_Droids
2373	T-Series_Tactical_Droid	T-Series Tactical Droid	entity-page	1	1	no			wiki:4th-Degree_Droids
2374	Vigilant_2X-Series_Picket_Droid	Vigilant 2X-Series Picket Droid	entity-page	1	1	no			wiki:4th-Degree_Droids
2375	DE_Training_Droid	DE Training Droid	entity-page	1	1	no			wiki:4th-Degree_Droids
2376	Droideka_Mark_II	Droideka Mark II	rules-term	1	1	no			wiki:4th-Degree_Droids
2377	DT-16_"Destructor"_Battle_Droid	DT-16 "Destructor" Battle Droid	entity-page	1	1	no			wiki:4th-Degree_Droids
2378	E522_Assassin_Droid	E522 Assassin Droid	entity-page	1	1	no			wiki:4th-Degree_Droids
2379	GX1-Series_Battle_Droid	GX1-Series Battle Droid	entity-page	1	1	no			wiki:4th-Degree_Droids
2380	HK-77_Assassin_Droid	HK-77 Assassin Droid	entity-page	1	1	no			wiki:4th-Degree_Droids
2381	HKB-3_Hunter-Killer_Droid	HKB-3 Hunter-Killer Droid	entity-page	1	1	no			wiki:4th-Degree_Droids
2382	Infiltrator-Series_Droid	Infiltrator-Series Droid	entity-page	1	1	no	wiki:Infiltrator	variant-name(-2)	wiki:4th-Degree_Droids
2383	Scorpenek_Annihilator_Droid	Scorpenek Annihilator Droid	entity-page	1	1	no			wiki:4th-Degree_Droids
2384	SD-9_Battle_Droid	SD-9 Battle Droid	entity-page	1	1	no			wiki:4th-Degree_Droids
2385	SD-X-Series_Stealth_Battle_Droid	SD-X-Series Stealth Battle Droid	entity-page	1	1	no			wiki:4th-Degree_Droids
2386	Shadow_Droid	Shadow Droid	entity-page	1	1	no			wiki:4th-Degree_Droids
2387	T4_Turret_Droid	T4 Turret Droid	entity-page	1	1	no			wiki:4th-Degree_Droids
2388	TC-SC_Infiltration_Droid	TC-SC Infiltration Droid	entity-page	1	1	no			wiki:4th-Degree_Droids
2389	V2-Series_Commando_Droid	V2-Series Commando Droid	entity-page	1	1	no			wiki:4th-Degree_Droids
2390	MRD-39B_Assassin_Droid	MRD-39B Assassin Droid	entity-page	1	1	no			wiki:4th-Degree_Droids
2391	Advanced_Purge_Trooper	Advanced Purge Trooper	entity-page	1	1	no			wiki:4th-Degree_Droids
2392	FSD-6D_Surveillance_Droid	FSD-6D Surveillance Droid	entity-page	1	1	no			wiki:4th-Degree_Droids
2393	Imperial_Warden_Droid	Imperial Warden Droid	entity-page	1	1	no			wiki:4th-Degree_Droids
2394	Mionne_Security_Droid	Mionne Security Droid	entity-page	1	1	no			wiki:4th-Degree_Droids
2395	Shadow_Security_Droid	Shadow Security Droid	entity-page	1	1	no			wiki:4th-Degree_Droids
2396	Wing_Patrol_Droid	Wing Patrol Droid	entity-page	1	1	no			wiki:4th-Degree_Droids
2397	B2-HA-Series_Super_Battle_Droid	B2-HA-Series Super Battle Droid	entity-page	1	1	no			wiki:4th-Degree_Droids
2398	B2-Series_Super_Battle_Droid_Commander	B2-Series Super Battle Droid Commander	entity-page	1	1	no			wiki:4th-Degree_Droids
2399	Improvised_Thrown_Weapons	Improvised Thrown Weapons	entity-page	1	1	no			wiki:5th-Degree_Droid_Talent_Tree
2400	ASP_Labor_Droid	ASP Labor Droid	entity-page	1	1	no			wiki:5th-Degree_Droids
2401	11-17-Series_Mining_Droid	11-17-Series Mining Droid	entity-page	1	1	no			wiki:5th-Degree_Droids
2402	8D8_Smelting_Operator	8D8 Smelting Operator	entity-page	1	1	no			wiki:5th-Degree_Droids
2403	CLL-M2_Ordnance_Lifter	CLL-M2 Ordnance Lifter	entity-page	1	1	no			wiki:5th-Degree_Droids
2404	MR-200-Series_Minesweeper_Droid	MR-200-Series Minesweeper Droid	entity-page	1	1	no			wiki:5th-Degree_Droids
2405	8D_Smelter_Droid	8D Smelter Droid	entity-page	1	1	no			wiki:5th-Degree_Droids
2406	BLX_Labor_Droid	BLX Labor Droid	entity-page	1	1	no			wiki:5th-Degree_Droids
2407	GD16-Series_Pilot_Droid	GD16-Series Pilot Droid	entity-page	1	1	no			wiki:5th-Degree_Droids
2408	KM1_Mining_Droid	KM1 Mining Droid	entity-page	1	1	no			wiki:5th-Degree_Droids
2409	PLNK-Series_Power_Droid	PLNK-Series Power Droid	entity-page	1	1	no			wiki:5th-Degree_Droids
2410	RO-D_Droid	RO-D Droid	entity-page	1	1	no			wiki:5th-Degree_Droids
2411	XLT-014_Labor_Droid	XLT-014 Labor Droid	entity-page	1	1	no			wiki:5th-Degree_Droids
2412	PK-2M_Mining_Droid	PK-2M Mining Droid	entity-page	1	1	no			wiki:5th-Degree_Droids
2413	XK-V8_Excavation_Droid	XK-V8 Excavation Droid	entity-page	1	1	no			wiki:5th-Degree_Droids
2414	Missile_or_Torpedo	Missile or Torpedo	entity-page	1	1	no			wiki:A_Few_Maneuvers
2415	Ace_Pilot_Talent_Trees	Ace Pilot Talent Trees	entity-page	1	1	no	wiki:Ace_Pilot	variant-name(-2)	wiki:Ace_Pilot
2416	Tumbling	Tumbling	entity-page	1	1	no			wiki:Acrobatic_Strike
2417	Falling_Objects	Falling Objects	entity-page	1	1	no			wiki:Acrobatics
2418	Gaffi_Sticks	Gaffi Sticks	entity-page	1	1	no			wiki:Actions
2419	Surprise	Surprise	entity-page	1	1	no			wiki:Advance_Patrol_Talent_Tree
2420	Mobile_Combatant	Mobile Combatant	entity-page	1	1	no			wiki:Advance_Patrol_Talent_Tree
2421	Crew_Position	Crew Position	entity-page	1	1	no			wiki:Aid_Another
2422	Immobilizing	Immobilizing	entity-page	1	1	no			wiki:Aing-Tii_Monk_Talent_Tree
2423	Immobilization	Immobilization	entity-page	1	1	no			wiki:Aing-Tii_Monk_Talent_Tree
2424	Aleen	Aleen	entity-page	1	1	no			wiki:Aleena
2425	The_Anarrian_Empire	The Anarrian Empire	rules-term	1	1	no	wiki:Anarrian	variant-name(-1)	wiki:Anarrian
2426	Anarris	Anarris	entity-page	1	1	no			wiki:Anarrian
2427	Anzat	Anzat	entity-page	1	1	no			wiki:Anzati
2428	Underwater_Combat	Underwater Combat	entity-page	1	1	no			wiki:Aquatic_Specialists
2429	The_Assassin's_Guild	The Assassin's Guild	rules-term	1	1	no			wiki:Assassin
2430	The_Loag	The Loag	rules-term	1	1	no			wiki:Assassin
2431	Marked	Marked	entity-page	1	1	no			wiki:Assassin_Talent_Tree
2432	Vehicle_Attacks	Vehicle Attacks	rules-term	1	1	no	wiki:Category:Vehicles	variant-name(-1)	wiki:Attacks
2433	Autofire_Assault	Autofire Assault	entity-page	1	1	no			wiki:Autofire_Barrage
2434	Braced	Braced	entity-page	1	1	no			wiki:Autofire_Barrage
2435	Controlled_Burst	Controlled Burst	entity-page	1	1	no			wiki:Autofire_Barrage
2436	Improved_Suppression_Fire	Improved Suppression Fire	entity-page	1	1	no			wiki:Autofire_Sweep
2437	Bankrupt	Bankrupt	entity-page	1	1	no			wiki:Backgrounds
2438	Conspiracy	Conspiracy	entity-page	1	1	no			wiki:Backgrounds
2439	Crippled	Crippled	entity-page	1	1	no			wiki:Backgrounds
2440	Disgraced	Disgraced	entity-page	1	1	no			wiki:Backgrounds
2441	Enslaved	Enslaved	entity-page	1	1	no			wiki:Backgrounds
2442	Exiled	Exiled	entity-page	1	1	no			wiki:Backgrounds
2443	Imprisoned	Imprisoned	entity-page	1	1	no			wiki:Backgrounds
2444	Marooned	Marooned	entity-page	1	1	no			wiki:Backgrounds
2445	Orphaned	Orphaned	entity-page	1	1	no			wiki:Backgrounds
2446	Scarred	Scarred	entity-page	1	1	no			wiki:Backgrounds
2447	Widowed	Widowed	entity-page	1	1	no			wiki:Backgrounds
2448	Academic	Academic	entity-page	1	1	no			wiki:Backgrounds
2449	Celebrity	Celebrity	entity-page	1	1	no			wiki:Backgrounds
2450	Criminal	Criminal	entity-page	1	1	no			wiki:Backgrounds
2451	Executive	Executive	entity-page	1	1	no			wiki:Backgrounds
2452	Labor	Labor	entity-page	1	1	no			wiki:Backgrounds
2453	Law_Enforcement	Law Enforcement	entity-page	1	1	no			wiki:Backgrounds
2454	Medical	Medical	entity-page	1	1	no			wiki:Backgrounds
2455	Military_Service	Military Service	entity-page	1	1	no			wiki:Backgrounds
2456	Politics	Politics	entity-page	1	1	no			wiki:Backgrounds
2457	Spacer_Pilot	Spacer Pilot	entity-page	1	1	no			wiki:Backgrounds
2458	Technology	Technology	entity-page	1	1	no			wiki:Backgrounds
2459	Alderaan_Origin	Alderaan Origin	entity-page	1	1	no			wiki:Backgrounds
2460	Bakura_Origin	Bakura Origin	entity-page	1	1	no			wiki:Backgrounds
2461	Bespin_Origin	Bespin Origin	entity-page	1	1	no			wiki:Backgrounds
2462	Bothawui_Origin	Bothawui Origin	entity-page	1	1	no			wiki:Backgrounds
2463	Cerea_Origin	Cerea Origin	entity-page	1	1	no			wiki:Backgrounds
2464	Corellia_Origin	Corellia Origin	entity-page	1	1	no			wiki:Backgrounds
2465	Coruscant_Origin	Coruscant Origin	entity-page	1	1	no			wiki:Backgrounds
2466	Dac_Origin	Dac Origin	entity-page	1	1	no			wiki:Backgrounds
2467	Dorin_Origin	Dorin Origin	entity-page	1	1	no			wiki:Backgrounds
2468	Duro_Origin	Duro Origin	entity-page	1	1	no			wiki:Backgrounds
2469	Fondor_Origin	Fondor Origin	entity-page	1	1	no			wiki:Backgrounds
2470	Gamorr_Origin	Gamorr Origin	entity-page	1	1	no			wiki:Backgrounds
2471	Iridonia_Origin	Iridonia Origin	entity-page	1	1	no			wiki:Backgrounds
2472	Ithor_Origin	Ithor Origin	entity-page	1	1	no			wiki:Backgrounds
2473	Kashyyyk_Origin	Kashyyyk Origin	entity-page	1	1	no			wiki:Backgrounds
2474	Naboo_Origin	Naboo Origin	entity-page	1	1	no			wiki:Backgrounds
2475	Nar_Shaddaa_Origin	Nar Shaddaa Origin	entity-page	1	1	no			wiki:Backgrounds
2476	Rodia_Origin	Rodia Origin	entity-page	1	1	no			wiki:Backgrounds
2477	Ryloth_Origin	Ryloth Origin	entity-page	1	1	no			wiki:Backgrounds
2478	Socorro_Origin	Socorro Origin	entity-page	1	1	no			wiki:Backgrounds
2479	Sullust_Origin	Sullust Origin	entity-page	1	1	no			wiki:Backgrounds
2480	Taris_Origin	Taris Origin	entity-page	1	1	no	wiki:Taris	variant-name(-1)	wiki:Backgrounds
2481	Tatooine_Origin	Tatooine Origin	entity-page	1	1	no			wiki:Backgrounds
2482	Trandosha_Origin	Trandosha Origin	entity-page	1	1	no			wiki:Backgrounds
2483	Barab_I	Barab I	entity-page	1	1	no			wiki:Barabel
2484	Acklay	Acklay	entity-page	1	1	no			wiki:Beast
2485	Reek	Reek	entity-page	1	1	no			wiki:Beast
2486	CARRYING_CAPACITY	CARRYING CAPACITY	entity-page	1	1	no			wiki:Beast
2487	Endure_Extreme_Cold	Endure Extreme Cold	entity-page	1	1	no			wiki:Beast
2488	Endure_Extreme_Heat	Endure Extreme Heat	entity-page	1	1	no			wiki:Beast
2489	Explorer's_Equipment	Explorer's Equipment	entity-page	1	1	no			wiki:Beast
2490	WILL	WILL	entity-page	1	1	no			wiki:Beast
2491	Dathomiri_Charm_Beast	Dathomiri Charm Beast	entity-page	1	1	no			wiki:Beastwarden_Talent_Tree
2492	Extended_Critical_Range	Extended Critical Range	entity-page	1	1	no			wiki:Bothan_SpyNet_Talent_Tree
2493	Haggling	Haggling	entity-page	1	1	no			wiki:Bounty_Hunter_Talent_Tree
2494	Improvised_Weapon	Improvised Weapon	entity-page	1	1	no			wiki:Brawler_Talent_Tree
2495	Susevfl	Susevfl	entity-page	1	1	no			wiki:Caamasi
2496	Slip_By	Slip By	entity-page	1	1	no			wiki:Camouflage_Talent_Tree
2497	Trusty_Sidearm	Trusty Sidearm	entity-page	1	1	no			wiki:Carbineer_Talent_Tree
2498	Stabilized	Stabilized	entity-page	1	1	no			wiki:Category:Appendages
2499	Telescopic	Telescopic	entity-page	1	1	no			wiki:Category:Appendages
2500	Magnetic_Hands	Magnetic Hands	entity-page	1	1	no			wiki:Category:Appendages
2501	Multifunction_Apparatus	Multifunction Apparatus	entity-page	1	1	no			wiki:Category:Appendages
2502	Projectile_Appendage	Projectile Appendage	entity-page	1	1	no			wiki:Category:Appendages
2503	Remote_Limb_Control	Remote Limb Control	entity-page	1	1	no			wiki:Category:Appendages
2504	Rocket_Arm	Rocket Arm	entity-page	1	1	no			wiki:Category:Appendages
2505	Snowtrooper_Armor	Snowtrooper Armor	entity-page	1	1	no			wiki:Category:Armor
2506	Poison_Filters	Poison Filters	entity-page	1	1	no	wiki:Category:Poison	variant-name(-1)	wiki:Category:Bio-Implants
2507	Natural_Armor_Bio-Implants	Natural Armor Bio-Implants	entity-page	1	1	no	wiki:Category:Natural	variant-name(-3)	wiki:Category:Bio-Implants
2508	Natural_Weapon_Bio-Implants	Natural Weapon Bio-Implants	entity-page	1	1	no	wiki:Category:Natural	variant-name(-3)	wiki:Category:Bio-Implants
2509	Inspire_Loyalty	Inspire Loyalty	entity-page	1	1	no	wiki:Inspire	variant-name(-1)	wiki:Category:Clone_Wars_Campaign_Guide
2510	Reconnaissance_Team_Leader	Reconnaissance Team Leader	entity-page	1	1	no			wiki:Category:Clone_Wars_Campaign_Guide
2511	Commanding_Officer	Commanding Officer	entity-page	1	1	no			wiki:Category:Clone_Wars_Campaign_Guide
2512	Akk_Dog_Master	Akk Dog Master	entity-page	1	1	no			wiki:Category:Clone_Wars_Campaign_Guide
2513	Clone_Trooper	Clone Trooper	entity-page	1	1	no			wiki:Category:Clone_Wars_Campaign_Guide
2514	Renowned_Pilot	Renowned Pilot	entity-page	1	1	no			wiki:Category:Clone_Wars_Campaign_Guide
2515	Focused_Force_Talisman	Focused Force Talisman	entity-page	1	1	no			wiki:Category:Clone_Wars_Campaign_Guide
2516	Greater_Focused_Force_Talisman	Greater Focused Force Talisman	entity-page	1	1	no			wiki:Category:Clone_Wars_Campaign_Guide
2517	Blind_Shot	Blind Shot	entity-page	1	1	no			wiki:Category:Clone_Wars_Campaign_Guide
2518	Exploit_Weakness	Exploit Weakness	entity-page	1	1	no			wiki:Category:Clone_Wars_Campaign_Guide
2519	Grand_Leader	Grand Leader	entity-page	1	1	no			wiki:Category:Clone_Wars_Campaign_Guide
2520	Uncanny_Defense	Uncanny Defense	entity-page	1	1	no			wiki:Category:Clone_Wars_Campaign_Guide
2521	Aversion	Aversion	entity-page	1	1	no			wiki:Category:Clone_Wars_Campaign_Guide
2522	The_Will_to_Resist	The Will to Resist	rules-term	1	1	no			wiki:Category:Clone_Wars_Campaign_Guide
2523	Consumed_by_Darkness	Consumed by Darkness	entity-page	1	1	no			wiki:Category:Clone_Wars_Campaign_Guide
2524	Heightened_Awareness	Heightened Awareness	entity-page	1	1	no			wiki:Category:Clone_Wars_Campaign_Guide
2525	Psychometry	Psychometry	entity-page	1	1	no			wiki:Category:Clone_Wars_Campaign_Guide
2526	Shift_Sense	Shift Sense	entity-page	1	1	no			wiki:Category:Clone_Wars_Campaign_Guide
2527	Vibrorapier	Vibrorapier	entity-page	1	1	no			wiki:Category:Clone_Wars_Campaign_Guide
2528	Garrote	Garrote	entity-page	1	1	no			wiki:Category:Clone_Wars_Campaign_Guide
2529	Wrist_Rocket_Launcher	Wrist Rocket Launcher	entity-page	1	1	no			wiki:Category:Clone_Wars_Campaign_Guide
2530	Defender_MicroBlaster	Defender MicroBlaster	entity-page	1	1	no			wiki:Category:Clone_Wars_Campaign_Guide
2531	Corellian_Barloz-Class_Medium_Freighter	Corellian Barloz-Class Medium Freighter	entity-page	1	1	no			wiki:Category:Clone_Wars_Campaign_Guide
2532	Corellian_G9_Rigger-Class_Light_Freighter	Corellian G9 Rigger-Class Light Freighter	entity-page	1	1	no			wiki:Category:Clone_Wars_Campaign_Guide
2533	Corellian_KR-TB_"Doomtreader"	Corellian KR-TB "Doomtreader"	entity-page	1	1	no			wiki:Category:Clone_Wars_Campaign_Guide
2534	GS-100_Salvage_Ship	GS-100 Salvage Ship	entity-page	1	1	no			wiki:Category:Clone_Wars_Campaign_Guide
2535	Pursuer-Class_Enforcement_Ship	Pursuer-Class Enforcement Ship	entity-page	1	1	no			wiki:Category:Clone_Wars_Campaign_Guide
2536	Seltiss-2_Caravel	Seltiss-2 Caravel	entity-page	1	1	no			wiki:Category:Clone_Wars_Campaign_Guide
2537	Seltiss-2_Caravel_Cabin	Seltiss-2 Caravel Cabin	entity-page	1	1	no			wiki:Category:Clone_Wars_Campaign_Guide
2538	Dagger-Class_Starfighter	Dagger-Class Starfighter	entity-page	1	1	no			wiki:Category:Clone_Wars_Campaign_Guide
2539	Dianoga-Class_Assault_Starfighter	Dianoga-Class Assault Starfighter	entity-page	1	1	no			wiki:Category:Clone_Wars_Campaign_Guide
2540	Freefall-Class_Bomber	Freefall-Class Bomber	entity-page	1	1	no			wiki:Category:Clone_Wars_Campaign_Guide
2541	MorningStar-A_Starfighter	MorningStar-A Starfighter	entity-page	1	1	no			wiki:Category:Clone_Wars_Campaign_Guide
2542	MorningStar-B_Starfighter	MorningStar-B Starfighter	entity-page	1	1	no			wiki:Category:Clone_Wars_Campaign_Guide
2543	MorningStar-C_Starfighter	MorningStar-C Starfighter	entity-page	1	1	no			wiki:Category:Clone_Wars_Campaign_Guide
2544	S40K_Phoenix_Hawk-Class_Light_Pinnace	S40K Phoenix Hawk-Class Light Pinnace	entity-page	1	1	no			wiki:Category:Clone_Wars_Campaign_Guide
2545	Scurrg_H-6_Prototype_Bomber	Scurrg H-6 Prototype Bomber	entity-page	1	1	no			wiki:Category:Clone_Wars_Campaign_Guide
2546	Jabiim	Jabiim	entity-page	1	1	no			wiki:Category:Clone_Wars_Campaign_Guide
2547	Polo_Se'lab	Polo Se'lab	entity-page	1	1	no			wiki:Category:Clone_Wars_Campaign_Guide
2548	The_Refugee_Resettlement_Coalition	The Refugee Resettlement Coalition	rules-term	1	1	no			wiki:Category:Clone_Wars_Campaign_Guide
2549	The_Quarren_Isolation_League	The Quarren Isolation League	rules-term	1	1	no	wiki:Quarren	variant-name(-2)	wiki:Category:Clone_Wars_Campaign_Guide
2550	Orn_Free_Taa	Orn Free Taa	entity-page	1	1	no			wiki:Category:Clone_Wars_Campaign_Guide
2551	Boorka_the_Hutt	Boorka the Hutt	entity-page	1	1	no			wiki:Category:Clone_Wars_Campaign_Guide
2552	Yarua	Yarua	entity-page	1	1	no			wiki:Category:Clone_Wars_Campaign_Guide
2553	Kybuck	Kybuck	entity-page	1	1	no			wiki:Category:Clone_Wars_Campaign_Guide
2554	Finis_Valorum	Finis Valorum	entity-page	1	1	no			wiki:Category:Clone_Wars_Campaign_Guide
2555	ARC_Troopers	ARC Troopers	entity-page	1	1	no			wiki:Category:Clone_Wars_Campaign_Guide
2556	Republic_Commandos	Republic Commandos	entity-page	1	1	no			wiki:Category:Clone_Wars_Campaign_Guide
2557	Clone_Commandos	Clone Commandos	entity-page	1	1	no			wiki:Category:Clone_Wars_Campaign_Guide
2558	Bardan_Jusik	Bardan Jusik	entity-page	1	1	no			wiki:Category:Clone_Wars_Campaign_Guide
2559	Clone_Shocktroopers	Clone Shocktroopers	entity-page	1	1	no			wiki:Category:Clone_Wars_Campaign_Guide
2560	ARC_Trooper	ARC Trooper	entity-page	1	1	no			wiki:Category:Clone_Wars_Campaign_Guide
2561	Clone_Blaze_Trooper	Clone Blaze Trooper	entity-page	1	1	no			wiki:Category:Clone_Wars_Campaign_Guide
2562	Clone_Commando	Clone Commando	entity-page	1	1	no			wiki:Category:Clone_Wars_Campaign_Guide
2563	Clone_Jet_Trooper	Clone Jet Trooper	entity-page	1	1	no			wiki:Category:Clone_Wars_Campaign_Guide
2564	Clone_Naval_Officer	Clone Naval Officer	entity-page	1	1	no			wiki:Category:Clone_Wars_Campaign_Guide
2565	Clone_Pilot	Clone Pilot	entity-page	1	1	no			wiki:Category:Clone_Wars_Campaign_Guide
2566	Clone_Fighter_Pilot	Clone Fighter Pilot	entity-page	1	1	no			wiki:Category:Clone_Wars_Campaign_Guide
2567	Clone_Scout_Trooper	Clone Scout Trooper	entity-page	1	1	no			wiki:Category:Clone_Wars_Campaign_Guide
2568	Clone_Shadow_Trooper	Clone Shadow Trooper	entity-page	1	1	no			wiki:Category:Clone_Wars_Campaign_Guide
2569	Clone_Shocktrooper	Clone Shocktrooper	entity-page	1	1	no			wiki:Category:Clone_Wars_Campaign_Guide
2570	Clone_Subtrooper	Clone Subtrooper	entity-page	1	1	no			wiki:Category:Clone_Wars_Campaign_Guide
2571	Galactic_Marine	Galactic Marine	entity-page	1	1	no			wiki:Category:Clone_Wars_Campaign_Guide
2572	Senate_Commando	Senate Commando	entity-page	1	1	no			wiki:Category:Clone_Wars_Campaign_Guide
2573	Alpha-17	Alpha-17	entity-page	1	1	no			wiki:Category:Clone_Wars_Campaign_Guide
2574	Faro_Argyus	Faro Argyus	entity-page	1	1	no			wiki:Category:Clone_Wars_Campaign_Guide
2575	Rex	Rex	entity-page	1	1	no			wiki:Category:Clone_Wars_Campaign_Guide
2576	Mas_Amedda	Mas Amedda	entity-page	1	1	no			wiki:Category:Clone_Wars_Campaign_Guide
2577	Sly_Moore	Sly Moore	entity-page	1	1	no			wiki:Category:Clone_Wars_Campaign_Guide
2578	FX-6_Medical_Assistant_Droid	FX-6 Medical Assistant Droid	entity-page	1	1	no			wiki:Category:Clone_Wars_Campaign_Guide
2579	AT-AP	AT-AP	entity-page	1	1	no			wiki:Category:Clone_Wars_Campaign_Guide
2580	AT-XT	AT-XT	entity-page	1	1	no			wiki:Category:Clone_Wars_Campaign_Guide
2581	AT-RT	AT-RT	entity-page	1	1	no			wiki:Category:Clone_Wars_Campaign_Guide
2582	SPHA-T	SPHA-T	entity-page	1	1	no			wiki:Category:Clone_Wars_Campaign_Guide
2583	SPHA-I	SPHA-I	entity-page	1	1	no			wiki:Category:Clone_Wars_Campaign_Guide
2584	SPHA-V	SPHA-V	entity-page	1	1	no			wiki:Category:Clone_Wars_Campaign_Guide
2585	SPHA-C	SPHA-C	entity-page	1	1	no			wiki:Category:Clone_Wars_Campaign_Guide
2586	SPHA-M	SPHA-M	entity-page	1	1	no			wiki:Category:Clone_Wars_Campaign_Guide
2587	LAAT/c_Gunship	LAAT/c Gunship	entity-page	1	1	no			wiki:Category:Clone_Wars_Campaign_Guide
2588	Medlifter_Troop_Transport	Medlifter Troop Transport	entity-page	1	1	no			wiki:Category:Clone_Wars_Campaign_Guide
2589	RTT	RTT	entity-page	1	1	no			wiki:Category:Clone_Wars_Campaign_Guide
2590	Y-Wing_Bomber	Y-Wing Bomber	entity-page	1	1	no			wiki:Category:Clone_Wars_Campaign_Guide
2591	Corellian_CR-20_Troop_Transport	Corellian CR-20 Troop Transport	entity-page	1	1	no			wiki:Category:Clone_Wars_Campaign_Guide
2592	Kappa-Class_Shuttle	Kappa-Class Shuttle	entity-page	1	1	no			wiki:Category:Clone_Wars_Campaign_Guide
2593	Nu-Class_Attack_Shuttle	Nu-Class Attack Shuttle	entity-page	1	1	no			wiki:Category:Clone_Wars_Campaign_Guide
2594	Charger_c70_Corellian_Consular-Class_Cruiser	Charger c70 Corellian Consular-Class Cruiser	entity-page	1	1	no			wiki:Category:Clone_Wars_Campaign_Guide
2595	MedStar-Class_Frigate	MedStar-Class Frigate	entity-page	1	1	no			wiki:Category:Clone_Wars_Campaign_Guide
2596	Pelta-Class_Frigate	Pelta-Class Frigate	entity-page	1	1	no			wiki:Category:Clone_Wars_Campaign_Guide
2597	The_Nebula_Front	The Nebula Front	rules-term	1	1	no			wiki:Category:Clone_Wars_Campaign_Guide
2598	The_Retail_Caucus	The Retail Caucus	rules-term	1	1	no			wiki:Category:Clone_Wars_Campaign_Guide
2599	Shu_Mai	Shu Mai	entity-page	1	1	no			wiki:Category:Clone_Wars_Campaign_Guide
2600	Castell	Castell	entity-page	1	1	no			wiki:Category:Clone_Wars_Campaign_Guide
2601	Passel_Argente	Passel Argente	entity-page	1	1	no			wiki:Category:Clone_Wars_Campaign_Guide
2602	Koorivar	Koorivar	entity-page	1	1	no			wiki:Category:Clone_Wars_Campaign_Guide
2603	Koorivars	Koorivars	entity-page	1	1	no			wiki:Category:Clone_Wars_Campaign_Guide
2604	TaggeCo	TaggeCo	entity-page	1	1	no			wiki:Category:Clone_Wars_Campaign_Guide
2605	San_Hill	San Hill	entity-page	1	1	no			wiki:Category:Clone_Wars_Campaign_Guide
2606	Gossams	Gossams	entity-page	1	1	no			wiki:Category:Clone_Wars_Campaign_Guide
2607	Advanced_Dwarf_Spider_Droids	Advanced Dwarf Spider Droids	entity-page	1	1	no			wiki:Category:Clone_Wars_Campaign_Guide
2608	Elite_Geonosian_Warriors	Elite Geonosian Warriors	entity-page	1	1	no			wiki:Category:Clone_Wars_Campaign_Guide
2609	IG-100_MagnaGuards	IG-100 MagnaGuards	entity-page	1	1	no			wiki:Category:Clone_Wars_Campaign_Guide
2610	IG-227_Hailfire-Class_Droid_Tanks	IG-227 Hailfire-Class Droid Tanks	entity-page	1	1	no			wiki:Category:Clone_Wars_Campaign_Guide
2611	Assault_Crab_Droids	Assault Crab Droids	entity-page	1	1	no	wiki:Assault	variant-name(-2)	wiki:Category:Clone_Wars_Campaign_Guide
2612	AAT	AAT	entity-page	1	1	no			wiki:Category:Clone_Wars_Campaign_Guide
2613	Lucrehulk-Class_Battleship	Lucrehulk-Class Battleship	entity-page	1	1	no			wiki:Category:Clone_Wars_Campaign_Guide
2614	Elite_Geonosian_Warrior	Elite Geonosian Warrior	entity-page	1	1	no			wiki:Category:Clone_Wars_Campaign_Guide
2615	Trandoshan_Bounty_Hunter	Trandoshan Bounty Hunter	entity-page	1	1	no	wiki:Trandoshan	variant-name(-2)	wiki:Category:Clone_Wars_Campaign_Guide
2616	Trandoshan_Mercenary_(CL_12)	Trandoshan Mercenary (CL 12)	entity-page	1	1	no	wiki:Trandoshan	variant-name(-3)	wiki:Category:Clone_Wars_Campaign_Guide
2617	IG-227_Hailfire-Class_Droid_Tank	IG-227 Hailfire-Class Droid Tank	entity-page	1	1	no			wiki:Category:Clone_Wars_Campaign_Guide
2618	Tsmeu-6_Personal_Wheel_Bike	Tsmeu-6 Personal Wheel Bike	entity-page	1	1	no			wiki:Category:Clone_Wars_Campaign_Guide
2619	Modified_Tsmeu-6_Personal_Wheel_Bike	Modified Tsmeu-6 Personal Wheel Bike	entity-page	1	1	no			wiki:Category:Clone_Wars_Campaign_Guide
2620	OG-9_Homing_Spider_Droid	OG-9 Homing Spider Droid	entity-page	1	1	no			wiki:Category:Clone_Wars_Campaign_Guide
2621	Octuptarra_Magna_Tri-Droid	Octuptarra Magna Tri-Droid	entity-page	1	1	no			wiki:Category:Clone_Wars_Campaign_Guide
2622	NR-N99_Persuader-Class_Droid_Enforcer	NR-N99 Persuader-Class Droid Enforcer	entity-page	1	1	no			wiki:Category:Clone_Wars_Campaign_Guide
2623	STAP	STAP	entity-page	1	1	no			wiki:Category:Clone_Wars_Campaign_Guide
2624	BC-714_Luxury_Transport	BC-714 Luxury Transport	entity-page	1	1	no			wiki:Category:Clone_Wars_Campaign_Guide
2625	Diamond-Class_Cruiser	Diamond-Class Cruiser	entity-page	1	1	no			wiki:Category:Clone_Wars_Campaign_Guide
2626	Hardcell-Class_Transport	Hardcell-Class Transport	entity-page	1	1	no			wiki:Category:Clone_Wars_Campaign_Guide
2627	Punworcca_116-Class_Interstellar_Sloop	Punworcca 116-Class Interstellar Sloop	entity-page	1	1	no			wiki:Category:Clone_Wars_Campaign_Guide
2628	Sheathipede-Class_Shuttle	Sheathipede-Class Shuttle	entity-page	1	1	no			wiki:Category:Clone_Wars_Campaign_Guide
2629	Belbullab-22_Heavy_Starfighter	Belbullab-22 Heavy Starfighter	entity-page	1	1	no			wiki:Category:Clone_Wars_Campaign_Guide
2630	Belbullab-23_Heavy_Assault_Craft	Belbullab-23 Heavy Assault Craft	entity-page	1	1	no			wiki:Category:Clone_Wars_Campaign_Guide
2631	Belbullab-24_Strike_Bomber	Belbullab-24 Strike Bomber	entity-page	1	1	no			wiki:Category:Clone_Wars_Campaign_Guide
2632	The_Soulless_One	The Soulless One	rules-term	1	1	no			wiki:Category:Clone_Wars_Campaign_Guide
2633	CIS-Advanced_Starfighter	CIS-Advanced Starfighter	entity-page	1	1	no			wiki:Category:Clone_Wars_Campaign_Guide
2634	Droch-Class_Boarding_Ship	Droch-Class Boarding Ship	entity-page	1	1	no			wiki:Category:Clone_Wars_Campaign_Guide
2635	Hyena-Class_Bomber	Hyena-Class Bomber	entity-page	1	1	no			wiki:Category:Clone_Wars_Campaign_Guide
2636	Providence-Class_Destroyer	Providence-Class Destroyer	entity-page	1	1	no			wiki:Category:Clone_Wars_Campaign_Guide
2637	The_Invisible_Hand	The Invisible Hand	rules-term	1	1	no			wiki:Category:Clone_Wars_Campaign_Guide
2638	Subjugator-Class_Heavy_Cruiser	Subjugator-Class Heavy Cruiser	entity-page	1	1	no			wiki:Category:Clone_Wars_Campaign_Guide
2639	Gree	Gree	entity-page	1	1	no			wiki:Category:Clone_Wars_Campaign_Guide
2640	Boba_Fett,_Rookie	Boba Fett, Rookie	entity-page	1	1	no			wiki:Category:Clone_Wars_Campaign_Guide
2641	Cavik_Toth	Cavik Toth	entity-page	1	1	no			wiki:Category:Clone_Wars_Campaign_Guide
2642	Chewbacca,_Claatuvac_Scout	Chewbacca, Claatuvac Scout	entity-page	1	1	no			wiki:Category:Clone_Wars_Campaign_Guide
2643	Merumeru	Merumeru	entity-page	1	1	no			wiki:Category:Clone_Wars_Campaign_Guide
2644	Salporin	Salporin	entity-page	1	1	no			wiki:Category:Clone_Wars_Campaign_Guide
2645	Tarfful	Tarfful	entity-page	1	1	no			wiki:Category:Clone_Wars_Campaign_Guide
2646	Ziro_the_Hutt	Ziro the Hutt	entity-page	1	1	no			wiki:Category:Clone_Wars_Campaign_Guide
2647	Oevvaor_Jet_Catamaran	Oevvaor Jet Catamaran	entity-page	1	1	no			wiki:Category:Clone_Wars_Campaign_Guide
2648	Raddaugh_Gnasp_Fluttercraft	Raddaugh Gnasp Fluttercraft	entity-page	1	1	no			wiki:Category:Clone_Wars_Campaign_Guide
2649	Sabaoth_Starfighter	Sabaoth Starfighter	entity-page	1	1	no			wiki:Category:Clone_Wars_Campaign_Guide
2650	Sabaoth_Destroyer	Sabaoth Destroyer	entity-page	1	1	no			wiki:Category:Clone_Wars_Campaign_Guide
2651	Horax	Horax	entity-page	1	1	no			wiki:Category:Clone_Wars_Campaign_Guide
2652	Era-Dependent_Species	Era-Dependent Species	entity-page	1	1	no			wiki:Category:Core_Rulebook
2653	Rancors	Rancors	entity-page	1	1	no			wiki:Category:Core_Rulebook
2654	Shmi_Skywalker	Shmi Skywalker	entity-page	1	1	no			wiki:Category:Force_Unleashed_Campaign_Guide
2655	V-Wing_Starfighter	V-Wing Starfighter	entity-page	1	1	no			wiki:Category:Force_Unleashed_Campaign_Guide
2656	Conan_Antonio_Motti	Conan Antonio Motti	entity-page	1	1	no			wiki:Category:Force_Unleashed_Campaign_Guide
2657	Tiaan_Jerjerrod	Tiaan Jerjerrod	entity-page	1	1	no			wiki:Category:Force_Unleashed_Campaign_Guide
2658	Leonia_Tavira	Leonia Tavira	entity-page	1	1	no			wiki:Category:Force_Unleashed_Campaign_Guide
2659	Shira_Brie	Shira Brie	entity-page	1	1	no			wiki:Category:Force_Unleashed_Campaign_Guide
2660	Dromund_Kaas	Dromund Kaas	entity-page	1	1	no			wiki:Category:Force_Unleashed_Campaign_Guide
2661	Imperial_Sentinels	Imperial Sentinels	entity-page	1	1	no			wiki:Category:Force_Unleashed_Campaign_Guide
2662	Imperial_Sovereign_Protectors	Imperial Sovereign Protectors	entity-page	1	1	no			wiki:Category:Force_Unleashed_Campaign_Guide
2663	Fearsome	Fearsome	entity-page	1	1	no			wiki:Category:Force_Unleashed_Campaign_Guide
2664	Jedi_Hunter	Jedi Hunter	entity-page	1	1	no	wiki:The_Jedi	variant-name(-1)	wiki:Category:Force_Unleashed_Campaign_Guide
2665	Signature_Item	Signature Item	entity-page	1	1	no			wiki:Category:Force_Unleashed_Campaign_Guide
2666	Improved_Lightsaber_Throw	Improved Lightsaber Throw	entity-page	1	1	no			wiki:Category:Force_Unleashed_Campaign_Guide
2667	Thrown_Lightsaber_Mastery	Thrown Lightsaber Mastery	entity-page	1	1	no			wiki:Category:Force_Unleashed_Campaign_Guide
2668	Telekinetic_Prodigy	Telekinetic Prodigy	entity-page	1	1	no			wiki:Category:Force_Unleashed_Campaign_Guide
2669	Force_Exertion	Force Exertion	entity-page	1	1	no	wiki:The_Force	variant-name(-1)	wiki:Category:Force_Unleashed_Campaign_Guide
2670	Indomitable_Will	Indomitable Will	entity-page	1	1	no			wiki:Category:Force_Unleashed_Campaign_Guide
2671	Wrath_of_the_Dark_Side	Wrath of the Dark Side	entity-page	1	1	no			wiki:Category:Force_Unleashed_Campaign_Guide
2672	Feel_the_Force	Feel the Force	entity-page	1	1	no			wiki:Category:Force_Unleashed_Campaign_Guide
2673	Power_Hammer	Power Hammer	entity-page	1	1	no			wiki:Category:Force_Unleashed_Campaign_Guide
2674	Vibrosword	Vibrosword	entity-page	1	1	no			wiki:Category:Force_Unleashed_Campaign_Guide
2675	Felucian_Skullblade	Felucian Skullblade	entity-page	1	1	no			wiki:Category:Force_Unleashed_Campaign_Guide
2676	Dull_the_Pain	Dull the Pain	entity-page	1	1	no			wiki:Category:Force_Unleashed_Campaign_Guide
2677	Interrogator	Interrogator	entity-page	1	1	no			wiki:Category:Force_Unleashed_Campaign_Guide
2678	Medical_Programming	Medical Programming	entity-page	1	1	no			wiki:Category:Force_Unleashed_Campaign_Guide
2679	Adept_Assistant	Adept Assistant	entity-page	1	1	no			wiki:Category:Force_Unleashed_Campaign_Guide
2680	Mechanics_Mastery	Mechanics Mastery	entity-page	1	1	no			wiki:Category:Force_Unleashed_Campaign_Guide
2681	Vehicle_Mechanic	Vehicle Mechanic	rules-term	1	1	no	wiki:Category:Vehicles	variant-name(-1)	wiki:Category:Force_Unleashed_Campaign_Guide
2682	Etiquette	Etiquette	entity-page	1	1	no			wiki:Category:Force_Unleashed_Campaign_Guide
2683	Helpful_Droid	Helpful Droid	entity-page	1	1	no			wiki:Category:Force_Unleashed_Campaign_Guide
2684	Protocol	Protocol	entity-page	1	1	no			wiki:Category:Force_Unleashed_Campaign_Guide
2685	Combat_Repairs	Combat Repairs	entity-page	1	1	no	wiki:Combat	variant-name(-1)	wiki:Category:Force_Unleashed_Campaign_Guide
2686	Droid_Smash	Droid Smash	rules-term	1	1	no			wiki:Category:Force_Unleashed_Campaign_Guide
2687	Targeting_Package	Targeting Package	entity-page	1	1	no			wiki:Category:Force_Unleashed_Campaign_Guide
2688	Cargo_Hauler	Cargo Hauler	entity-page	1	1	no			wiki:Category:Force_Unleashed_Campaign_Guide
2689	Environmentally_Shielded	Environmentally Shielded	entity-page	1	1	no			wiki:Category:Force_Unleashed_Campaign_Guide
2690	Power_Supply	Power Supply	entity-page	1	1	no			wiki:Category:Force_Unleashed_Campaign_Guide
2691	Armored_Groundcar	Armored Groundcar	entity-page	1	1	no			wiki:Category:Force_Unleashed_Campaign_Guide
2692	Flare-S_Swoop	Flare-S Swoop	entity-page	1	1	no			wiki:Category:Force_Unleashed_Campaign_Guide
2693	M3-A_Scyk_Fighters	M3-A Scyk Fighters	entity-page	1	1	no			wiki:Category:Force_Unleashed_Campaign_Guide
2694	H-60_Tempest_Bomber	H-60 Tempest Bomber	entity-page	1	1	no			wiki:Category:Force_Unleashed_Campaign_Guide
2695	M3-A_Scyk_Fighter	M3-A Scyk Fighter	entity-page	1	1	no			wiki:Category:Force_Unleashed_Campaign_Guide
2696	NovaSword_Space_Superiority_Fighter	NovaSword Space Superiority Fighter	entity-page	1	1	no			wiki:Category:Force_Unleashed_Campaign_Guide
2697	R-41_Starchaser	R-41 Starchaser	entity-page	1	1	no			wiki:Category:Force_Unleashed_Campaign_Guide
2698	R-42_Starchaser	R-42 Starchaser	entity-page	1	1	no			wiki:Category:Force_Unleashed_Campaign_Guide
2699	Toscan_8-Q_Starfighter	Toscan 8-Q Starfighter	entity-page	1	1	no			wiki:Category:Force_Unleashed_Campaign_Guide
2700	Zebra_Starfighter	Zebra Starfighter	entity-page	1	1	no			wiki:Category:Force_Unleashed_Campaign_Guide
2701	Corellian_HWK-290_Light_Freighter	Corellian HWK-290 Light Freighter	entity-page	1	1	no			wiki:Category:Force_Unleashed_Campaign_Guide
2702	Maka-Eekai_L4000_Transport	Maka-Eekai L4000 Transport	entity-page	1	1	no			wiki:Category:Force_Unleashed_Campaign_Guide
2703	Neutron_Star-Class_Bulk_Cruiser	Neutron Star-Class Bulk Cruiser	entity-page	1	1	no			wiki:Category:Force_Unleashed_Campaign_Guide
2704	Round-Up_on_Salliche	Round-Up on Salliche	entity-page	1	1	no			wiki:Category:Force_Unleashed_Campaign_Guide
2705	Graaf_Savraan	Graaf Savraan	entity-page	1	1	no			wiki:Category:Force_Unleashed_Campaign_Guide
2706	Brentaal_IV	Brentaal IV	entity-page	1	1	no			wiki:Category:Force_Unleashed_Campaign_Guide
2707	Gavvix_Sironna	Gavvix Sironna	entity-page	1	1	no			wiki:Category:Force_Unleashed_Campaign_Guide
2708	The_Mining_Guild	The Mining Guild	rules-term	1	1	no			wiki:Category:Force_Unleashed_Campaign_Guide
2709	The_Bloodhawk_Pirates	The Bloodhawk Pirates	rules-term	1	1	no			wiki:Category:Force_Unleashed_Campaign_Guide
2710	Brentaal	Brentaal	entity-page	1	1	no			wiki:Category:Force_Unleashed_Campaign_Guide
2711	Dupas_Thomree	Dupas Thomree	entity-page	1	1	no			wiki:Category:Force_Unleashed_Campaign_Guide
2712	Garrus_Tharydine	Garrus Tharydine	entity-page	1	1	no			wiki:Category:Force_Unleashed_Campaign_Guide
2713	The_Bureau_of_Ships_and_Services	The Bureau of Ships and Services	rules-term	1	1	no			wiki:Category:Force_Unleashed_Campaign_Guide
2714	Thichis_Kuras	Thichis Kuras	entity-page	1	1	no			wiki:Category:Force_Unleashed_Campaign_Guide
2715	Giddean_Danu	Giddean Danu	entity-page	1	1	no			wiki:Category:Force_Unleashed_Campaign_Guide
2716	Iotran	Iotran	entity-page	1	1	no			wiki:Category:Force_Unleashed_Campaign_Guide
2717	The_Iotran_Guard	The Iotran Guard	rules-term	1	1	no			wiki:Category:Force_Unleashed_Campaign_Guide
2718	Navik_the_Red	Navik the Red	entity-page	1	1	no			wiki:Category:Force_Unleashed_Campaign_Guide
2719	Gegren_Throsen	Gegren Throsen	entity-page	1	1	no			wiki:Category:Force_Unleashed_Campaign_Guide
2720	Selnia_Harbright	Selnia Harbright	entity-page	1	1	no			wiki:Category:Force_Unleashed_Campaign_Guide
2721	The_Ashern	The Ashern	rules-term	1	1	no			wiki:Category:Force_Unleashed_Campaign_Guide
2722	HoloNet_Transceivers	HoloNet Transceivers	entity-page	1	1	no			wiki:Category:Force_Unleashed_Campaign_Guide
2723	AT-AT_Pilot	AT-AT Pilot	entity-page	1	1	no			wiki:Category:Force_Unleashed_Campaign_Guide
2724	AT-ST_Pilot	AT-ST Pilot	entity-page	1	1	no			wiki:Category:Force_Unleashed_Campaign_Guide
2725	Elite_Death_Star_Trooper	Elite Death Star Trooper	entity-page	1	1	no			wiki:Category:Force_Unleashed_Campaign_Guide
2726	Imperial_Army_Trooper	Imperial Army Trooper	entity-page	1	1	no			wiki:Category:Force_Unleashed_Campaign_Guide
2727	Imperial_Navy_Trooper	Imperial Navy Trooper	entity-page	1	1	no			wiki:Category:Force_Unleashed_Campaign_Guide
2728	Imperial_Field_Medic	Imperial Field Medic	entity-page	1	1	no			wiki:Category:Force_Unleashed_Campaign_Guide
2729	Imperial_Royal_Guard	Imperial Royal Guard	entity-page	1	1	no			wiki:Category:Force_Unleashed_Campaign_Guide
2730	Imperial_Sovereign_Protector	Imperial Sovereign Protector	entity-page	1	1	no			wiki:Category:Force_Unleashed_Campaign_Guide
2731	Imperial_Shadow_Guard	Imperial Shadow Guard	entity-page	1	1	no			wiki:Category:Force_Unleashed_Campaign_Guide
2732	501st_Legion_Stormtrooper	501st Legion Stormtrooper	entity-page	1	1	no			wiki:Category:Force_Unleashed_Campaign_Guide
2733	Veteran_Clone_Trooper	Veteran Clone Trooper	entity-page	1	1	no			wiki:Category:Force_Unleashed_Campaign_Guide
2734	Spaarti_Stormtrooper	Spaarti Stormtrooper	entity-page	1	1	no			wiki:Category:Force_Unleashed_Campaign_Guide
2735	Phase_0_Dark_Trooper	Phase 0 Dark Trooper	entity-page	1	1	no	wiki:Phase	variant-name(-3)	wiki:Category:Force_Unleashed_Campaign_Guide
2736	Coruscant_Guard	Coruscant Guard	entity-page	1	1	no			wiki:Category:Force_Unleashed_Campaign_Guide
2737	EVO_Trooper	EVO Trooper	entity-page	1	1	no			wiki:Category:Force_Unleashed_Campaign_Guide
2738	Jumptrooper	Jumptrooper	entity-page	1	1	no			wiki:Category:Force_Unleashed_Campaign_Guide
2739	Radtrooper	Radtrooper	entity-page	1	1	no			wiki:Category:Force_Unleashed_Campaign_Guide
2740	Stormtrooper_Commander	Stormtrooper Commander	entity-page	1	1	no			wiki:Category:Force_Unleashed_Campaign_Guide
2741	CompForce_Trooper	CompForce Trooper	entity-page	1	1	no			wiki:Category:Force_Unleashed_Campaign_Guide
2742	ISB_Agent	ISB Agent	entity-page	1	1	no			wiki:Category:Force_Unleashed_Campaign_Guide
2743	ISB_Officer	ISB Officer	entity-page	1	1	no			wiki:Category:Force_Unleashed_Campaign_Guide
2744	Emperor's_Hand	Emperor's Hand	entity-page	1	1	no			wiki:Category:Force_Unleashed_Campaign_Guide
2745	Imperial_Dungeoneer	Imperial Dungeoneer	entity-page	1	1	no			wiki:Category:Force_Unleashed_Campaign_Guide
2746	Imperial_Agent	Imperial Agent	entity-page	1	1	no			wiki:Category:Force_Unleashed_Campaign_Guide
2747	Imperial_Sentinel	Imperial Sentinel	entity-page	1	1	no			wiki:Category:Force_Unleashed_Campaign_Guide
2748	Noghri_Warrior	Noghri Warrior	entity-page	1	1	no	wiki:Noghri	variant-name(-1)	wiki:Category:Force_Unleashed_Campaign_Guide
2749	Noghri_Infiltrator	Noghri Infiltrator	entity-page	1	1	no	wiki:Noghri	variant-name(-1)	wiki:Category:Force_Unleashed_Campaign_Guide
2750	Galen_Marek	Galen Marek	entity-page	1	1	no			wiki:Category:Force_Unleashed_Campaign_Guide
2751	Gilad_Pellaeon	Gilad Pellaeon	entity-page	1	1	no			wiki:Category:Force_Unleashed_Campaign_Guide
2752	Ozzik_Sturn	Ozzik Sturn	entity-page	1	1	no			wiki:Category:Force_Unleashed_Campaign_Guide
2753	Thrawn,_Admiral	Thrawn, Admiral	entity-page	1	1	no			wiki:Category:Force_Unleashed_Campaign_Guide
2754	Inquisitor_Tremayne	Inquisitor Tremayne	entity-page	1	1	no			wiki:Category:Force_Unleashed_Campaign_Guide
2755	Wullf_Yularen,_Colonel	Wullf Yularen, Colonel	entity-page	1	1	no			wiki:Category:Force_Unleashed_Campaign_Guide
2756	PROXY	PROXY	entity-page	1	1	no			wiki:Category:Force_Unleashed_Campaign_Guide
2757	Neuronic_Whip	Neuronic Whip	entity-page	1	1	no			wiki:Category:Force_Unleashed_Campaign_Guide
2758	PX-4_Mobile_Command_Base	PX-4 Mobile Command Base	entity-page	1	1	no			wiki:Category:Force_Unleashed_Campaign_Guide
2759	AT-KT	AT-KT	entity-page	1	1	no			wiki:Category:Force_Unleashed_Campaign_Guide
2760	AT-CT	AT-CT	entity-page	1	1	no			wiki:Category:Force_Unleashed_Campaign_Guide
2761	HAVw_A5_Juggernaut	HAVw A5 Juggernaut	entity-page	1	1	no			wiki:Category:Force_Unleashed_Campaign_Guide
2762	A-7_Hunter_Interceptor	A-7 Hunter Interceptor	entity-page	1	1	no			wiki:Category:Force_Unleashed_Campaign_Guide
2763	TIE_Prototype	TIE Prototype	entity-page	1	1	no			wiki:Category:Force_Unleashed_Campaign_Guide
2764	Guardian-Class_Light_Cruiser	Guardian-Class Light Cruiser	entity-page	1	1	no			wiki:Category:Force_Unleashed_Campaign_Guide
2765	Rogue_Shadow	Rogue Shadow	entity-page	1	1	no			wiki:Category:Force_Unleashed_Campaign_Guide
2766	Sentinel-Class_Landing_Craft	Sentinel-Class Landing Craft	entity-page	1	1	no			wiki:Category:Force_Unleashed_Campaign_Guide
2767	Broadside-Class_Cruiser	Broadside-Class Cruiser	entity-page	1	1	no			wiki:Category:Force_Unleashed_Campaign_Guide
2768	Gladiator-Class_Star_Destroyer	Gladiator-Class Star Destroyer	entity-page	1	1	no	wiki:Gladiator	variant-name(-3)	wiki:Category:Force_Unleashed_Campaign_Guide
2769	Tartan-Class_Patrol_Cruiser	Tartan-Class Patrol Cruiser	entity-page	1	1	no			wiki:Category:Force_Unleashed_Campaign_Guide
2770	Ton-Falk-Class_Escort_Carrier	Ton-Falk-Class Escort Carrier	entity-page	1	1	no			wiki:Category:Force_Unleashed_Campaign_Guide
2771	Victory_I-Class_Star_Destroyer	Victory I-Class Star Destroyer	entity-page	1	1	no			wiki:Category:Force_Unleashed_Campaign_Guide
2772	Wookiee_Berserkers	Wookiee Berserkers	entity-page	1	1	no	wiki:Wookiee	variant-name(-1)	wiki:Category:Force_Unleashed_Campaign_Guide
2773	Militia_Soldier	Militia Soldier	entity-page	1	1	no			wiki:Category:Force_Unleashed_Campaign_Guide
2774	Militia_Saboteur	Militia Saboteur	entity-page	1	1	no			wiki:Category:Force_Unleashed_Campaign_Guide
2775	Drexl_Roosh	Drexl Roosh	entity-page	1	1	no			wiki:Category:Force_Unleashed_Campaign_Guide
2776	Drexl's_Gang_Member	Drexl's Gang Member	entity-page	1	1	no			wiki:Category:Force_Unleashed_Campaign_Guide
2777	Jawa_Scavenger	Jawa Scavenger	entity-page	1	1	no	wiki:Jawa	variant-name(-1)	wiki:Category:Force_Unleashed_Campaign_Guide
2778	Ugnaught_Worker	Ugnaught Worker	entity-page	1	1	no			wiki:Category:Force_Unleashed_Campaign_Guide
2779	Wookiee_Berserker	Wookiee Berserker	entity-page	1	1	no	wiki:Wookiee	variant-name(-1)	wiki:Category:Force_Unleashed_Campaign_Guide
2780	Bull_Rancor	Bull Rancor	entity-page	1	1	no			wiki:Category:Force_Unleashed_Campaign_Guide
2781	Felucian_Ripper	Felucian Ripper	entity-page	1	1	no			wiki:Category:Force_Unleashed_Campaign_Guide
2782	Team_Feats	Team Feats	entity-page	1	1	no			wiki:Category:Galaxy_at_War
2783	Missile_Launchers	Missile Launchers	entity-page	1	1	no			wiki:Category:Galaxy_at_War
2784	The_Katarn_Commandos	The Katarn Commandos	rules-term	1	1	no			wiki:Category:Galaxy_at_War
2785	The_Mistryl_Shadow_Guard	The Mistryl Shadow Guard	rules-term	1	1	no			wiki:Category:Galaxy_at_War
2786	Military_Encounters	Military Encounters	entity-page	1	1	no			wiki:Category:Galaxy_at_War
2787	Bridge_242	Bridge 242	entity-page	1	1	no			wiki:Category:Galaxy_at_War
2788	Choke_Point	Choke Point	entity-page	1	1	no			wiki:Category:Galaxy_at_War
2789	No_Man_Left_Behind	No Man Left Behind	entity-page	1	1	no			wiki:Category:Galaxy_at_War
2790	Piracy_in_Deep_Space	Piracy in Deep Space	entity-page	1	1	no			wiki:Category:Galaxy_at_War
2791	A_Little_R%26R	A Little R%26R	entity-page	1	1	no			wiki:Category:Galaxy_at_War
2792	Remember_the_Akkalo	Remember the Akkalo	entity-page	1	1	no			wiki:Category:Galaxy_at_War
2793	Operation:_First_Breach	Operation: First Breach	entity-page	1	1	no			wiki:Category:Galaxy_at_War
2794	Darter	Darter	entity-page	1	1	no			wiki:Category:Galaxy_of_Intrigue
2795	Bundar_Root	Bundar Root	entity-page	1	1	no			wiki:Category:Galaxy_of_Intrigue
2796	Quongoosh_Essence	Quongoosh Essence	entity-page	1	1	no			wiki:Category:Galaxy_of_Intrigue
2797	Devaronian_Blood-Poison	Devaronian Blood-Poison	entity-page	1	1	no	wiki:Devaronian	variant-name(-2)	wiki:Category:Galaxy_of_Intrigue
2798	Chuba_Poison	Chuba Poison	entity-page	1	1	no			wiki:Category:Galaxy_of_Intrigue
2799	Irksh_Poison	Irksh Poison	entity-page	1	1	no			wiki:Category:Galaxy_of_Intrigue
2800	A-24_Sleuth_Scout_Ship	A-24 Sleuth Scout Ship	entity-page	1	1	no			wiki:Category:Galaxy_of_Intrigue
2801	PTV-2100_Incarcerator	PTV-2100 Incarcerator	entity-page	1	1	no			wiki:Category:Galaxy_of_Intrigue
2802	Sabaoth_Spy_Ship	Sabaoth Spy Ship	entity-page	1	1	no			wiki:Category:Galaxy_of_Intrigue
2803	My_Enemy's_Enemy	My Enemy's Enemy	entity-page	1	1	no			wiki:Category:Galaxy_of_Intrigue
2804	Arms_Dealers_Beware	Arms Dealers Beware	entity-page	1	1	no			wiki:Category:Galaxy_of_Intrigue
2805	Betrayal_at_Cloud_City	Betrayal at Cloud City	entity-page	1	1	no			wiki:Category:Galaxy_of_Intrigue
2806	Double_Down	Double Down	entity-page	1	1	no			wiki:Category:Galaxy_of_Intrigue
2807	Opportunity_Knocks	Opportunity Knocks	entity-page	1	1	no			wiki:Category:Galaxy_of_Intrigue
2808	Shooting_Trouble	Shooting Trouble	entity-page	1	1	no			wiki:Category:Galaxy_of_Intrigue
2809	Lightsaber_Form_Power	Lightsaber Form Power	entity-page	1	1	no	wiki:Lightsabers	variant-name(-2)	wiki:Category:Jedi_Academy_Training_Manual
2810	Tedryn	Tedryn	entity-page	1	1	no			wiki:Category:Jedi_Academy_Training_Manual
2811	Advanced_Lightsaber_Construction	Advanced Lightsaber Construction	entity-page	1	1	no			wiki:Category:Jedi_Academy_Training_Manual
2812	Adegan_Crystal	Adegan Crystal	entity-page	1	1	no			wiki:Category:Jedi_Academy_Training_Manual
2813	Ilum_Crystal	Ilum Crystal	entity-page	1	1	no			wiki:Category:Jedi_Academy_Training_Manual
2814	Synthetic_Crystal	Synthetic Crystal	entity-page	1	1	no			wiki:Category:Jedi_Academy_Training_Manual
2815	Holocron_Gatekeeper	Holocron Gatekeeper	entity-page	1	1	no			wiki:Category:Jedi_Academy_Training_Manual
2816	Holocron_Gatekeepers	Holocron Gatekeepers	entity-page	1	1	no			wiki:Category:Jedi_Academy_Training_Manual
2817	Dark_Side_Spirits	Dark Side Spirits	entity-page	1	1	no			wiki:Category:Jedi_Academy_Training_Manual
2818	Force_Throw	Force Throw	entity-page	1	1	no	wiki:The_Force	variant-name(-1)	wiki:Category:Knights_of_the_Old_Republic_Campaign_Guide
2819	Mobile_Attack_(Pistols)	Mobile Attack (Pistols)	entity-page	1	1	no			wiki:Category:Knights_of_the_Old_Republic_Campaign_Guide
2820	Improved_Riposte	Improved Riposte	entity-page	1	1	no			wiki:Category:Knights_of_the_Old_Republic_Campaign_Guide
2821	Improved_Redirect	Improved Redirect	entity-page	1	1	no			wiki:Category:Knights_of_the_Old_Republic_Campaign_Guide
2822	Affliction	Affliction	entity-page	1	1	no			wiki:Category:Knights_of_the_Old_Republic_Campaign_Guide
2823	Dark_Healing_Field	Dark Healing Field	entity-page	1	1	no			wiki:Category:Knights_of_the_Old_Republic_Campaign_Guide
2824	Force_Flow	Force Flow	entity-page	1	1	no	wiki:The_Force	variant-name(-1)	wiki:Category:Knights_of_the_Old_Republic_Campaign_Guide
2825	Telepathic_Influence	Telepathic Influence	entity-page	1	1	no			wiki:Category:Knights_of_the_Old_Republic_Campaign_Guide
2826	Telepathic_Link	Telepathic Link	entity-page	1	1	no			wiki:Category:Knights_of_the_Old_Republic_Campaign_Guide
2827	Beast_Trick	Beast Trick	entity-page	1	1	no	wiki:Beast	variant-name(-1)	wiki:Category:Knights_of_the_Old_Republic_Campaign_Guide
2828	Force_Suppression	Force Suppression	entity-page	1	1	no	wiki:The_Force	variant-name(-1)	wiki:Category:Knights_of_the_Old_Republic_Campaign_Guide
2829	Personal_Shields	Personal Shields	entity-page	1	1	no			wiki:Category:Knights_of_the_Old_Republic_Campaign_Guide
2830	Dire_Vibroblade	Dire Vibroblade	entity-page	1	1	no			wiki:Category:Knights_of_the_Old_Republic_Campaign_Guide
2831	Shockstaff	Shockstaff	entity-page	1	1	no			wiki:Category:Knights_of_the_Old_Republic_Campaign_Guide
2832	Shyarn	Shyarn	entity-page	1	1	no			wiki:Category:Knights_of_the_Old_Republic_Campaign_Guide
2833	Zhaboka	Zhaboka	entity-page	1	1	no			wiki:Category:Knights_of_the_Old_Republic_Campaign_Guide
2834	Lightfoil	Lightfoil	entity-page	1	1	no			wiki:Category:Knights_of_the_Old_Republic_Campaign_Guide
2835	Ilum	Ilum	entity-page	1	1	no			wiki:Category:Knights_of_the_Old_Republic_Campaign_Guide
2836	Firkraan_Crystal	Firkraan Crystal	entity-page	1	1	no			wiki:Category:Knights_of_the_Old_Republic_Campaign_Guide
2837	Jenraux_Crystal	Jenraux Crystal	entity-page	1	1	no			wiki:Category:Knights_of_the_Old_Republic_Campaign_Guide
2838	Opila_Crystal	Opila Crystal	entity-page	1	1	no			wiki:Category:Knights_of_the_Old_Republic_Campaign_Guide
2839	Phond_Crystal	Phond Crystal	entity-page	1	1	no			wiki:Category:Knights_of_the_Old_Republic_Campaign_Guide
2840	Sigil_Crystal	Sigil Crystal	entity-page	1	1	no			wiki:Category:Knights_of_the_Old_Republic_Campaign_Guide
2841	Solari_Crystal	Solari Crystal	entity-page	1	1	no			wiki:Category:Knights_of_the_Old_Republic_Campaign_Guide
2842	Aurial_Blaster	Aurial Blaster	entity-page	1	1	no			wiki:Category:Knights_of_the_Old_Republic_Campaign_Guide
2843	Corellian_YT-1300_Transports	Corellian YT-1300 Transports	entity-page	1	1	no			wiki:Category:Knights_of_the_Old_Republic_Campaign_Guide
2844	T-16_Skyhoppers	T-16 Skyhoppers	entity-page	1	1	no			wiki:Category:Knights_of_the_Old_Republic_Campaign_Guide
2845	Twin-228_Airspeeder	Twin-228 Airspeeder	entity-page	1	1	no			wiki:Category:Knights_of_the_Old_Republic_Campaign_Guide
2846	Star_Saber_XC-01_Starfighter	Star Saber XC-01 Starfighter	entity-page	1	1	no			wiki:Category:Knights_of_the_Old_Republic_Campaign_Guide
2847	G-Type_Escape_Shuttle	G-Type Escape Shuttle	entity-page	1	1	no			wiki:Category:Knights_of_the_Old_Republic_Campaign_Guide
2848	Lethisk-Class_Armed_Freighter	Lethisk-Class Armed Freighter	entity-page	1	1	no			wiki:Category:Knights_of_the_Old_Republic_Campaign_Guide
2849	Pelagia_Duplex_Command_Assault_Gunship	Pelagia Duplex Command Assault Gunship	entity-page	1	1	no			wiki:Category:Knights_of_the_Old_Republic_Campaign_Guide
2850	Quartermaster-Class_Supply_Carrier	Quartermaster-Class Supply Carrier	entity-page	1	1	no			wiki:Category:Knights_of_the_Old_Republic_Campaign_Guide
2851	Praetorian-Class_Frigate	Praetorian-Class Frigate	entity-page	1	1	no			wiki:Category:Knights_of_the_Old_Republic_Campaign_Guide
2852	Jedi_Battlemaster_(CL_12)	Jedi Battlemaster (CL 12)	entity-page	1	1	no	wiki:The_Jedi	variant-name(-3)	wiki:Category:Knights_of_the_Old_Republic_Campaign_Guide
2853	Baronial-Class_Yacht	Baronial-Class Yacht	entity-page	1	1	no			wiki:Category:Knights_of_the_Old_Republic_Campaign_Guide
2854	Sith_Pilot	Sith Pilot	entity-page	1	1	no	wiki:The_Sith	variant-name(-1)	wiki:Category:Knights_of_the_Old_Republic_Campaign_Guide
2855	Sith_Commando	Sith Commando	entity-page	1	1	no	wiki:The_Sith	variant-name(-1)	wiki:Category:Knights_of_the_Old_Republic_Campaign_Guide
2856	Sith_Officer	Sith Officer	entity-page	1	1	no	wiki:The_Sith	variant-name(-1)	wiki:Category:Knights_of_the_Old_Republic_Campaign_Guide
2857	Sith_Tremor_Sword	Sith Tremor Sword	entity-page	1	1	no	wiki:The_Sith	variant-name(-2)	wiki:Category:Knights_of_the_Old_Republic_Campaign_Guide
2858	Dire_Vibroblades	Dire Vibroblades	entity-page	1	1	no			wiki:Category:Knights_of_the_Old_Republic_Campaign_Guide
2859	Cortosis_Weave_General_Template	Cortosis Weave General Template	entity-page	1	1	no			wiki:Category:Knights_of_the_Old_Republic_Campaign_Guide
2860	Sith_Trooper_Armor	Sith Trooper Armor	entity-page	1	1	no	wiki:The_Sith	variant-name(-2)	wiki:Category:Knights_of_the_Old_Republic_Campaign_Guide
2861	Brezwalt_III	Brezwalt III	entity-page	1	1	no			wiki:Category:Knights_of_the_Old_Republic_Campaign_Guide
2862	Sith_Interceptor	Sith Interceptor	entity-page	1	1	no	wiki:The_Sith	variant-name(-1)	wiki:Category:Knights_of_the_Old_Republic_Campaign_Guide
2863	Herald-Class_Shuttle	Herald-Class Shuttle	entity-page	1	1	no			wiki:Category:Knights_of_the_Old_Republic_Campaign_Guide
2864	Interdictor-Class_Cruiser	Interdictor-Class Cruiser	entity-page	1	1	no			wiki:Category:Knights_of_the_Old_Republic_Campaign_Guide
2865	Centurion-Class_Battlecruiser	Centurion-Class Battlecruiser	entity-page	1	1	no			wiki:Category:Knights_of_the_Old_Republic_Campaign_Guide
2866	Derriphan-Class_Battleship	Derriphan-Class Battleship	entity-page	1	1	no			wiki:Category:Knights_of_the_Old_Republic_Campaign_Guide
2867	Tapani_Nobility	Tapani Nobility	entity-page	1	1	no			wiki:Category:Knights_of_the_Old_Republic_Campaign_Guide
2868	Herron_Morvis	Herron Morvis	entity-page	1	1	no			wiki:Category:Knights_of_the_Old_Republic_Campaign_Guide
2869	Hammerhead-Class_Cruisers	Hammerhead-Class Cruisers	entity-page	1	1	no			wiki:Category:Knights_of_the_Old_Republic_Campaign_Guide
2870	Inexpugnable-Class_Tactical_Command_Vessels	Inexpugnable-Class Tactical Command Vessels	entity-page	1	1	no			wiki:Category:Knights_of_the_Old_Republic_Campaign_Guide
2871	Orley_Vanicus	Orley Vanicus	entity-page	1	1	no			wiki:Category:Knights_of_the_Old_Republic_Campaign_Guide
2872	Jimas_Veltraa	Jimas Veltraa	entity-page	1	1	no			wiki:Category:Knights_of_the_Old_Republic_Campaign_Guide
2873	Senator_Graw	Senator Graw	entity-page	1	1	no			wiki:Category:Knights_of_the_Old_Republic_Campaign_Guide
2874	Old_Republic_Admiral	Old Republic Admiral	entity-page	1	1	no			wiki:Category:Knights_of_the_Old_Republic_Campaign_Guide
2875	Old_Republic_Captain	Old Republic Captain	entity-page	1	1	no			wiki:Category:Knights_of_the_Old_Republic_Campaign_Guide
2876	Old_Republic_Lieutenant	Old Republic Lieutenant	entity-page	1	1	no			wiki:Category:Knights_of_the_Old_Republic_Campaign_Guide
2877	Old_Republic_Brigadier	Old Republic Brigadier	entity-page	1	1	no			wiki:Category:Knights_of_the_Old_Republic_Campaign_Guide
2878	Old_Republic_Officer	Old Republic Officer	entity-page	1	1	no			wiki:Category:Knights_of_the_Old_Republic_Campaign_Guide
2879	Elite_Old_Republic_Trooper	Elite Old Republic Trooper	entity-page	1	1	no			wiki:Category:Knights_of_the_Old_Republic_Campaign_Guide
2880	Old_Republic_Recon_Commando	Old Republic Recon Commando	entity-page	1	1	no			wiki:Category:Knights_of_the_Old_Republic_Campaign_Guide
2881	Atton_Rand	Atton Rand	entity-page	1	1	no			wiki:Category:Knights_of_the_Old_Republic_Campaign_Guide
2882	Aurek_Tactical_Strikefighter	Aurek Tactical Strikefighter	entity-page	1	1	no			wiki:Category:Knights_of_the_Old_Republic_Campaign_Guide
2883	Corellian_S-250_Chela-Class_Starfighter	Corellian S-250 Chela-Class Starfighter	entity-page	1	1	no			wiki:Category:Knights_of_the_Old_Republic_Campaign_Guide
2884	Conductor-Class_Short-Haul_Landing_Craft	Conductor-Class Short-Haul Landing Craft	entity-page	1	1	no			wiki:Category:Knights_of_the_Old_Republic_Campaign_Guide
2885	Ministry-Class_Orbital_Shuttle	Ministry-Class Orbital Shuttle	entity-page	1	1	no			wiki:Category:Knights_of_the_Old_Republic_Campaign_Guide
2886	KT-400_Military_Droid_Carrier	KT-400 Military Droid Carrier	entity-page	1	1	no			wiki:Category:Knights_of_the_Old_Republic_Campaign_Guide
2887	Foray-Class_Blockade_Runner	Foray-Class Blockade Runner	entity-page	1	1	no			wiki:Category:Knights_of_the_Old_Republic_Campaign_Guide
2888	Brianna	Brianna	entity-page	1	1	no			wiki:Category:Knights_of_the_Old_Republic_Campaign_Guide
2889	Calo_Nord	Calo Nord	entity-page	1	1	no			wiki:Category:Knights_of_the_Old_Republic_Campaign_Guide
2890	Marn_Hierogryph	Marn Hierogryph	entity-page	1	1	no			wiki:Category:Knights_of_the_Old_Republic_Campaign_Guide
2891	Jarael	Jarael	entity-page	1	1	no			wiki:Category:Knights_of_the_Old_Republic_Campaign_Guide
2892	Mira	Mira	entity-page	1	1	no			wiki:Category:Knights_of_the_Old_Republic_Campaign_Guide
2893	Mission_Vao	Mission Vao	entity-page	1	1	no			wiki:Category:Knights_of_the_Old_Republic_Campaign_Guide
2894	Dob_Moomo	Dob Moomo	entity-page	1	1	no			wiki:Category:Knights_of_the_Old_Republic_Campaign_Guide
2895	Del_Moomo	Del Moomo	entity-page	1	1	no			wiki:Category:Knights_of_the_Old_Republic_Campaign_Guide
2896	T3-M4	T3-M4	entity-page	1	1	no			wiki:Category:Knights_of_the_Old_Republic_Campaign_Guide
2897	Zaalbar	Zaalbar	entity-page	1	1	no			wiki:Category:Knights_of_the_Old_Republic_Campaign_Guide
2898	Czerka_Associate	Czerka Associate	entity-page	1	1	no			wiki:Category:Knights_of_the_Old_Republic_Campaign_Guide
2899	Czerka_Scientist	Czerka Scientist	entity-page	1	1	no			wiki:Category:Knights_of_the_Old_Republic_Campaign_Guide
2900	The_Visionary	The Visionary	rules-term	1	1	no			wiki:Category:Knights_of_the_Old_Republic_Campaign_Guide
2901	Kath_Hound	Kath Hound	entity-page	1	1	no			wiki:Category:Knights_of_the_Old_Republic_Campaign_Guide
2902	Move_Massive_Object	Move Massive Object	entity-page	1	1	no			wiki:Category:Legacy_Era_Campaign_Guide
2903	Telekinetic_Stability	Telekinetic Stability	entity-page	1	1	no			wiki:Category:Legacy_Era_Campaign_Guide
2904	Dark_Preservation	Dark Preservation	entity-page	1	1	no			wiki:Category:Legacy_Era_Campaign_Guide
2905	Knighthunters	Knighthunters	entity-page	1	1	no			wiki:Category:Legacy_Era_Campaign_Guide
2906	Shock_Whip	Shock Whip	entity-page	1	1	no			wiki:Category:Legacy_Era_Campaign_Guide
2907	Tehk'la_Blade	Tehk'la Blade	entity-page	1	1	no			wiki:Category:Legacy_Era_Campaign_Guide
2908	Concealed_Dart_Launcher	Concealed Dart Launcher	entity-page	1	1	no			wiki:Category:Legacy_Era_Campaign_Guide
2909	Air_Vehicles	Air Vehicles	entity-page	1	1	no			wiki:Category:Legacy_Era_Campaign_Guide
2910	GPE-3300_Airspeeder	GPE-3300 Airspeeder	entity-page	1	1	no			wiki:Category:Legacy_Era_Campaign_Guide
2911	Veltiss-2_Airspeeder	Veltiss-2 Airspeeder	entity-page	1	1	no			wiki:Category:Legacy_Era_Campaign_Guide
2912	Besh-Type_Personal_Starfighter	Besh-Type Personal Starfighter	entity-page	1	1	no			wiki:Category:Legacy_Era_Campaign_Guide
2913	Phoebos-Class_Starfighter	Phoebos-Class Starfighter	entity-page	1	1	no			wiki:Category:Legacy_Era_Campaign_Guide
2914	R-28_Starfighter	R-28 Starfighter	entity-page	1	1	no			wiki:Category:Legacy_Era_Campaign_Guide
2915	Gladius-Class_Light_Freighter	Gladius-Class Light Freighter	entity-page	1	1	no			wiki:Category:Legacy_Era_Campaign_Guide
2916	GPE-7300_Space_Transport	GPE-7300 Space Transport	entity-page	1	1	no			wiki:Category:Legacy_Era_Campaign_Guide
2917	Helot-Class_Medium_Space_Transport	Helot-Class Medium Space Transport	entity-page	1	1	no			wiki:Category:Legacy_Era_Campaign_Guide
2918	MC-24a_Light_Shuttle	MC-24a Light Shuttle	entity-page	1	1	no			wiki:Category:Legacy_Era_Campaign_Guide
2919	Corellian_YX-1980_Space_Transport	Corellian YX-1980 Space Transport	entity-page	1	1	no			wiki:Category:Legacy_Era_Campaign_Guide
2920	Corellian_YZ-2500_Heavy_Transport	Corellian YZ-2500 Heavy Transport	entity-page	1	1	no			wiki:Category:Legacy_Era_Campaign_Guide
2921	Heirloom_Items	Heirloom Items	entity-page	1	1	no			wiki:Category:Legacy_Era_Campaign_Guide
2922	The_Imperial_Space_Ministry	The Imperial Space Ministry	rules-term	1	1	no			wiki:Category:Legacy_Era_Campaign_Guide
2923	Ormo_Haddon	Ormo Haddon	entity-page	1	1	no			wiki:Category:Legacy_Era_Campaign_Guide
2924	Pellaeon-Class_Star_Destroyers	Pellaeon-Class Star Destroyers	entity-page	1	1	no			wiki:Category:Legacy_Era_Campaign_Guide
2925	Feldrona	Feldrona	entity-page	1	1	no			wiki:Category:Legacy_Era_Campaign_Guide
2926	Boz_Pity	Boz Pity	entity-page	1	1	no			wiki:Category:Legacy_Era_Campaign_Guide
2927	Hapes	Hapes	entity-page	1	1	no			wiki:Category:Legacy_Era_Campaign_Guide
2928	Cha_Niathal	Cha Niathal	entity-page	1	1	no			wiki:Category:Legacy_Era_Campaign_Guide
2929	Cal_Omas	Cal Omas	entity-page	1	1	no			wiki:Category:Legacy_Era_Campaign_Guide
2930	Vibroswords	Vibroswords	entity-page	1	1	no			wiki:Category:Legacy_Era_Campaign_Guide
2931	Concussion_Grenades	Concussion Grenades	entity-page	1	1	no			wiki:Category:Legacy_Era_Campaign_Guide
2932	Farsight_Squadron	Farsight Squadron	entity-page	1	1	no			wiki:Category:Legacy_Era_Campaign_Guide
2933	Fireblue_Squadron	Fireblue Squadron	entity-page	1	1	no			wiki:Category:Legacy_Era_Campaign_Guide
2934	Phantom_Squadron	Phantom Squadron	entity-page	1	1	no			wiki:Category:Legacy_Era_Campaign_Guide
2935	Twisted_Star_Squadron	Twisted Star Squadron	entity-page	1	1	no			wiki:Category:Legacy_Era_Campaign_Guide
2936	Galactic_Alliance_Elite_Commando	Galactic Alliance Elite Commando	entity-page	1	1	no			wiki:Category:Legacy_Era_Campaign_Guide
2937	Galactic_Alliance_Covert_Agent	Galactic Alliance Covert Agent	entity-page	1	1	no			wiki:Category:Legacy_Era_Campaign_Guide
2938	Galactic_Alliance_Officer	Galactic Alliance Officer	entity-page	1	1	no			wiki:Category:Legacy_Era_Campaign_Guide
2939	Galactic_Alliance_Trooper	Galactic Alliance Trooper	entity-page	1	1	no			wiki:Category:Legacy_Era_Campaign_Guide
2940	Galactic_Alliance_Captain	Galactic Alliance Captain	entity-page	1	1	no			wiki:Category:Legacy_Era_Campaign_Guide
2941	Galactic_Alliance_Junior_Officer	Galactic Alliance Junior Officer	entity-page	1	1	no			wiki:Category:Legacy_Era_Campaign_Guide
2942	Galactic_Alliance_Crewmember	Galactic Alliance Crewmember	entity-page	1	1	no			wiki:Category:Legacy_Era_Campaign_Guide
2943	Galactic_Alliance_Gunner	Galactic Alliance Gunner	entity-page	1	1	no			wiki:Category:Legacy_Era_Campaign_Guide
2944	Galactic_Alliance_Pilot	Galactic Alliance Pilot	entity-page	1	1	no			wiki:Category:Legacy_Era_Campaign_Guide
2945	Mon_Calamari_Resistance_Member	Mon Calamari Resistance Member	entity-page	1	1	no	wiki:Mon_Calamari	variant-name(-2)	wiki:Category:Legacy_Era_Campaign_Guide
2946	Andurgo	Andurgo	entity-page	1	1	no			wiki:Category:Legacy_Era_Campaign_Guide
2947	Bail_Antilles	Bail Antilles	entity-page	1	1	no			wiki:Category:Legacy_Era_Campaign_Guide
2948	Jhoram_Bey	Jhoram Bey	entity-page	1	1	no			wiki:Category:Legacy_Era_Campaign_Guide
2949	Anj_Dahl	Anj Dahl	entity-page	1	1	no			wiki:Category:Legacy_Era_Campaign_Guide
2950	Monia_Gahan	Monia Gahan	entity-page	1	1	no			wiki:Category:Legacy_Era_Campaign_Guide
2951	Nu_Toreena	Nu Toreena	entity-page	1	1	no			wiki:Category:Legacy_Era_Campaign_Guide
2952	Ronto,_Rogue_Squadron_Pilot	Ronto, Rogue Squadron Pilot	entity-page	1	1	no			wiki:Category:Legacy_Era_Campaign_Guide
2953	Jaius_Yorub	Jaius Yorub	entity-page	1	1	no			wiki:Category:Legacy_Era_Campaign_Guide
2954	BB-2_Starfire_Fighter/Bomber	BB-2 Starfire Fighter/Bomber	entity-page	1	1	no			wiki:Category:Legacy_Era_Campaign_Guide
2955	RC-2_Twilight_Scoutship	RC-2 Twilight Scoutship	entity-page	1	1	no			wiki:Category:Legacy_Era_Campaign_Guide
2956	Corellian_Crix-Class_Assault_Shuttle	Corellian Crix-Class Assault Shuttle	entity-page	1	1	no			wiki:Category:Legacy_Era_Campaign_Guide
2957	Corellian_Crix-Class_Courier_Shuttle	Corellian Crix-Class Courier Shuttle	entity-page	1	1	no			wiki:Category:Legacy_Era_Campaign_Guide
2958	Corellian_MT_Dropship	Corellian MT Dropship	entity-page	1	1	no			wiki:Category:Legacy_Era_Campaign_Guide
2959	The_Scarlet_Star	The Scarlet Star	rules-term	1	1	no			wiki:Category:Legacy_Era_Campaign_Guide
2960	ShaShore-Class_Frigate	ShaShore-Class Frigate	entity-page	1	1	no			wiki:Category:Legacy_Era_Campaign_Guide
2961	MC140_Scythe-Class_Battlecruiser	MC140 Scythe-Class Battlecruiser	entity-page	1	1	no			wiki:Category:Legacy_Era_Campaign_Guide
2962	Spinward-Class_Tender	Spinward-Class Tender	entity-page	1	1	no			wiki:Category:Legacy_Era_Campaign_Guide
2963	Tri-Scythe-Class_Frigate	Tri-Scythe-Class Frigate	entity-page	1	1	no			wiki:Category:Legacy_Era_Campaign_Guide
2964	Mobile_Spacedock_220	Mobile Spacedock 220	entity-page	1	1	no			wiki:Category:Legacy_Era_Campaign_Guide
2965	Radtroopers	Radtroopers	entity-page	1	1	no			wiki:Category:Legacy_Era_Campaign_Guide
2966	Storm_Commandos	Storm Commandos	entity-page	1	1	no			wiki:Category:Legacy_Era_Campaign_Guide
2967	Jumptroopers	Jumptroopers	entity-page	1	1	no			wiki:Category:Legacy_Era_Campaign_Guide
2968	Jes_Gistang	Jes Gistang	entity-page	1	1	no			wiki:Category:Legacy_Era_Campaign_Guide
2969	Joker_Squad_Heavy_Weapons_Specialists	Joker Squad Heavy Weapons Specialists	entity-page	1	1	no			wiki:Category:Legacy_Era_Campaign_Guide
2970	Joker_Squad_Demolitionists	Joker Squad Demolitionists	entity-page	1	1	no			wiki:Category:Legacy_Era_Campaign_Guide
2971	Joker_Squad_Stormtroopers	Joker Squad Stormtroopers	entity-page	1	1	no			wiki:Category:Legacy_Era_Campaign_Guide
2972	Imperial_Knight_(CL_11)	Imperial Knight (CL 11)	entity-page	1	1	no	wiki:Imperial_Knight	variant-name(-2)	wiki:Category:Legacy_Era_Campaign_Guide
2973	Imperial_Missionary	Imperial Missionary	entity-page	1	1	no			wiki:Category:Legacy_Era_Campaign_Guide
2974	Joker_Squad_Stormtrooper	Joker Squad Stormtrooper	entity-page	1	1	no			wiki:Category:Legacy_Era_Campaign_Guide
2975	Joker_Squad_Demolitionist	Joker Squad Demolitionist	entity-page	1	1	no			wiki:Category:Legacy_Era_Campaign_Guide
2976	Joker_Squad_Heavy_Weapons_Specialist	Joker Squad Heavy Weapons Specialist	entity-page	1	1	no			wiki:Category:Legacy_Era_Campaign_Guide
2977	Knighthunter	Knighthunter	entity-page	1	1	no			wiki:Category:Legacy_Era_Campaign_Guide
2978	Skull_Squadron_Pilot	Skull Squadron Pilot	entity-page	1	1	no			wiki:Category:Legacy_Era_Campaign_Guide
2979	Antares_Draco	Antares Draco	entity-page	1	1	no			wiki:Category:Legacy_Era_Campaign_Guide
2980	Fehlaaur	Fehlaaur	entity-page	1	1	no			wiki:Category:Legacy_Era_Campaign_Guide
2981	Oron_Jaeger	Oron Jaeger	entity-page	1	1	no			wiki:Category:Legacy_Era_Campaign_Guide
2982	Azlyn_Rae	Azlyn Rae	entity-page	1	1	no			wiki:Category:Legacy_Era_Campaign_Guide
2983	Astraal_Vao	Astraal Vao	entity-page	1	1	no			wiki:Category:Legacy_Era_Campaign_Guide
2984	Morlish_Veed	Morlish Veed	entity-page	1	1	no			wiki:Category:Legacy_Era_Campaign_Guide
2985	AT-RCT	AT-RCT	entity-page	1	1	no			wiki:Category:Legacy_Era_Campaign_Guide
2986	AT-AHT	AT-AHT	entity-page	1	1	no			wiki:Category:Legacy_Era_Campaign_Guide
2987	Fury-Class_Starfighter	Fury-Class Starfighter	entity-page	1	1	no			wiki:Category:Legacy_Era_Campaign_Guide
2988	Neutralizer-Class_Bomber	Neutralizer-Class Bomber	entity-page	1	1	no			wiki:Category:Legacy_Era_Campaign_Guide
2989	Lambda-Class_Shuttle	Lambda-Class Shuttle	entity-page	1	1	no			wiki:Category:Legacy_Era_Campaign_Guide
2990	Nune-Class_Imperial_Shuttle	Nune-Class Imperial Shuttle	entity-page	1	1	no			wiki:Category:Legacy_Era_Campaign_Guide
2991	Sigma-Class_Long-Range_Shuttle	Sigma-Class Long-Range Shuttle	entity-page	1	1	no			wiki:Category:Legacy_Era_Campaign_Guide
2992	Ardent-Class_Fast_Frigate	Ardent-Class Fast Frigate	entity-page	1	1	no			wiki:Category:Legacy_Era_Campaign_Guide
2993	Pellaeon-Class_Star_Destroyer	Pellaeon-Class Star Destroyer	entity-page	1	1	no			wiki:Category:Legacy_Era_Campaign_Guide
2994	Black_Sun_Thug	Black Sun Thug	entity-page	1	1	no			wiki:Category:Legacy_Era_Campaign_Guide
2995	Black_Sun_Lieutenant	Black Sun Lieutenant	entity-page	1	1	no			wiki:Category:Legacy_Era_Campaign_Guide
2996	Black_Sun_Vigo	Black Sun Vigo	entity-page	1	1	no			wiki:Category:Legacy_Era_Campaign_Guide
2997	The_Crimson_Axe	The Crimson Axe	rules-term	1	1	no			wiki:Category:Legacy_Era_Campaign_Guide
2998	Vongspawn	Vongspawn	entity-page	1	1	no			wiki:Category:Legacy_Era_Campaign_Guide
2999	Finn,_Bartender	Finn, Bartender	entity-page	1	1	no			wiki:Category:Legacy_Era_Campaign_Guide
3000	Jak	Jak	entity-page	1	1	no			wiki:Category:Legacy_Era_Campaign_Guide
3001	Wheel_Security	Wheel Security	entity-page	1	1	no			wiki:Category:Legacy_Era_Campaign_Guide
3002	Wheel_Thug	Wheel Thug	entity-page	1	1	no			wiki:Category:Legacy_Era_Campaign_Guide
3003	Chak	Chak	entity-page	1	1	no			wiki:Category:Legacy_Era_Campaign_Guide
3004	Choka_Skell	Choka Skell	entity-page	1	1	no			wiki:Category:Legacy_Era_Campaign_Guide
3005	Deliah_Blue	Deliah Blue	entity-page	1	1	no			wiki:Category:Legacy_Era_Campaign_Guide
3006	Jor_Torlin	Jor Torlin	entity-page	1	1	no			wiki:Category:Legacy_Era_Campaign_Guide
3007	Kee	Kee	entity-page	1	1	no			wiki:Category:Legacy_Era_Campaign_Guide
3008	Liaan_Lah	Liaan Lah	entity-page	1	1	no			wiki:Category:Legacy_Era_Campaign_Guide
3009	Naxy_Screeger	Naxy Screeger	entity-page	1	1	no			wiki:Category:Legacy_Era_Campaign_Guide
3010	Niffla	Niffla	entity-page	1	1	no			wiki:Category:Legacy_Era_Campaign_Guide
3011	A519_Invader_Close_Support_Starfighter	A519 Invader Close Support Starfighter	entity-page	1	1	no			wiki:Category:Legacy_Era_Campaign_Guide
3012	Corellian_Nemesis-Class_Patrol_Ship	Corellian Nemesis-Class Patrol Ship	entity-page	1	1	no			wiki:Category:Legacy_Era_Campaign_Guide
3013	The_Grinning_Liar	The Grinning Liar	rules-term	1	1	no			wiki:Category:Legacy_Era_Campaign_Guide
3014	The_Mynock	The Mynock	rules-term	1	1	no			wiki:Category:Legacy_Era_Campaign_Guide
3015	Shaped_Gundark	Shaped Gundark	entity-page	1	1	no			wiki:Category:Legacy_Era_Campaign_Guide
3016	Vanx	Vanx	entity-page	1	1	no			wiki:Category:Legacy_Era_Campaign_Guide
3017	Vanx_Alpha	Vanx Alpha	entity-page	1	1	no			wiki:Category:Legacy_Era_Campaign_Guide
3018	Energy_Lance	Energy Lance	entity-page	1	1	no			wiki:Category:Rebellion_Era_Campaign_Guide
3019	Power_Lance	Power Lance	entity-page	1	1	no			wiki:Category:Rebellion_Era_Campaign_Guide
3020	B'omarr_Monk	B'omarr Monk	entity-page	1	1	no			wiki:Category:Rebellion_Era_Campaign_Guide
3021	Air-2_Racing_Swoop	Air-2 Racing Swoop	entity-page	1	1	no			wiki:Category:Rebellion_Era_Campaign_Guide
3022	Storm_IV_Twin-Pod_Cloud_Car	Storm IV Twin-Pod Cloud Car	entity-page	1	1	no			wiki:Category:Rebellion_Era_Campaign_Guide
3023	Talon_I_Cloud_Car	Talon I Cloud Car	entity-page	1	1	no			wiki:Category:Rebellion_Era_Campaign_Guide
3024	G1-M4-C_Dunelizard_Fighters	G1-M4-C Dunelizard Fighters	entity-page	1	1	no			wiki:Category:Rebellion_Era_Campaign_Guide
3025	G1-M4-C_Dunelizard_Fighter	G1-M4-C Dunelizard Fighter	entity-page	1	1	no			wiki:Category:Rebellion_Era_Campaign_Guide
3026	Ixiyen-Class_Fast_Attack_Craft	Ixiyen-Class Fast Attack Craft	entity-page	1	1	no			wiki:Category:Rebellion_Era_Campaign_Guide
3027	M12-L_Kimogila_Heavy_Fighter	M12-L Kimogila Heavy Fighter	entity-page	1	1	no			wiki:Category:Rebellion_Era_Campaign_Guide
3028	M22-T_Krayt_Gunship	M22-T Krayt Gunship	entity-page	1	1	no			wiki:Category:Rebellion_Era_Campaign_Guide
3029	Pinook_Fighter	Pinook Fighter	entity-page	1	1	no			wiki:Category:Rebellion_Era_Campaign_Guide
3030	Razor-Class_Starfighter	Razor-Class Starfighter	entity-page	1	1	no			wiki:Category:Rebellion_Era_Campaign_Guide
3031	Corellian_YV-545_Light_Freighter	Corellian YV-545 Light Freighter	entity-page	1	1	no			wiki:Category:Rebellion_Era_Campaign_Guide
3032	MB-C1_Medium_Transport	MB-C1 Medium Transport	entity-page	1	1	no			wiki:Category:Rebellion_Era_Campaign_Guide
3033	Dreadnaught-Class_Heavy_Cruisers	Dreadnaught-Class Heavy Cruisers	entity-page	1	1	no			wiki:Category:Rebellion_Era_Campaign_Guide
3034	Rebel_Assault_Frigates_Mark_I	Rebel Assault Frigates Mark I	entity-page	1	1	no			wiki:Category:Rebellion_Era_Campaign_Guide
3035	Rebel_Assault_Frigates_Mark_II	Rebel Assault Frigates Mark II	entity-page	1	1	no			wiki:Category:Rebellion_Era_Campaign_Guide
3036	Heavy_Repeating_Blasters	Heavy Repeating Blasters	entity-page	1	1	no			wiki:Category:Rebellion_Era_Campaign_Guide
3037	A-Wings	A-Wings	entity-page	1	1	no			wiki:Category:Rebellion_Era_Campaign_Guide
3038	Y-Wings	Y-Wings	entity-page	1	1	no			wiki:Category:Rebellion_Era_Campaign_Guide
3039	Rebel_Cell_Member	Rebel Cell Member	entity-page	1	1	no			wiki:Category:Rebellion_Era_Campaign_Guide
3040	Rebel_Honor_Guard	Rebel Honor Guard	entity-page	1	1	no			wiki:Category:Rebellion_Era_Campaign_Guide
3041	Rebel_Marksman	Rebel Marksman	entity-page	1	1	no			wiki:Category:Rebellion_Era_Campaign_Guide
3042	Resistance_Leader	Resistance Leader	entity-page	1	1	no			wiki:Category:Rebellion_Era_Campaign_Guide
3043	Nera_Dantels	Nera Dantels	entity-page	1	1	no			wiki:Category:Rebellion_Era_Campaign_Guide
3044	Biggs_Darklighter	Biggs Darklighter	entity-page	1	1	no			wiki:Category:Rebellion_Era_Campaign_Guide
3045	Wicket	Wicket	entity-page	1	1	no			wiki:Category:Rebellion_Era_Campaign_Guide
3046	1.4_FD_P-Tower	1.4 FD P-Tower	entity-page	1	1	no			wiki:Category:Rebellion_Era_Campaign_Guide
3047	DF.9_Anti-Infantry_Tower	DF.9 Anti-Infantry Tower	entity-page	1	1	no			wiki:Category:Rebellion_Era_Campaign_Guide
3048	FPC_6.7_Anti-Aircraft_Battery	FPC 6.7 Anti-Aircraft Battery	entity-page	1	1	no			wiki:Category:Rebellion_Era_Campaign_Guide
3049	MPTL-2a	MPTL-2a	entity-page	1	1	no			wiki:Category:Rebellion_Era_Campaign_Guide
3050	T4-B_Heavy_Tank	T4-B Heavy Tank	entity-page	1	1	no			wiki:Category:Rebellion_Era_Campaign_Guide
3051	T-Wing_Interceptor	T-Wing Interceptor	entity-page	1	1	no			wiki:Category:Rebellion_Era_Campaign_Guide
3052	Corellian_YM-2800_Limpet_Ship	Corellian YM-2800 Limpet Ship	entity-page	1	1	no			wiki:Category:Rebellion_Era_Campaign_Guide
3053	X4_Gunship	X4 Gunship	entity-page	1	1	no			wiki:Category:Rebellion_Era_Campaign_Guide
3054	Cracken's_Rebel_Field_Guide	Cracken's Rebel Field Guide	entity-page	1	1	no			wiki:Category:Rebellion_Era_Campaign_Guide
3055	Lord_Vader	Lord Vader	entity-page	1	1	no			wiki:Category:Rebellion_Era_Campaign_Guide
3056	COMPNOR	COMPNOR	entity-page	1	1	no			wiki:Category:Rebellion_Era_Campaign_Guide
3057	Blackhole_Stormtrooper	Blackhole Stormtrooper	entity-page	1	1	no			wiki:Category:Rebellion_Era_Campaign_Guide
3058	Novatrooper	Novatrooper	entity-page	1	1	no			wiki:Category:Rebellion_Era_Campaign_Guide
3059	Seatrooper	Seatrooper	entity-page	1	1	no			wiki:Category:Rebellion_Era_Campaign_Guide
3060	Spacetrooper	Spacetrooper	entity-page	1	1	no			wiki:Category:Rebellion_Era_Campaign_Guide
3061	Storm_Commando	Storm Commando	entity-page	1	1	no			wiki:Category:Rebellion_Era_Campaign_Guide
3062	Swamptrooper	Swamptrooper	entity-page	1	1	no			wiki:Category:Rebellion_Era_Campaign_Guide
3063	Trachta	Trachta	entity-page	1	1	no			wiki:Category:Rebellion_Era_Campaign_Guide
3064	Janek_Sunber	Janek Sunber	entity-page	1	1	no			wiki:Category:Rebellion_Era_Campaign_Guide
3065	Phrik_Alloy_General_Template	Phrik Alloy General Template	entity-page	1	1	no			wiki:Category:Rebellion_Era_Campaign_Guide
3066	Imperial_Espionage_Droids	Imperial Espionage Droids	entity-page	1	1	no			wiki:Category:Rebellion_Era_Campaign_Guide
3067	Rom_Mohc	Rom Mohc	entity-page	1	1	no			wiki:Category:Rebellion_Era_Campaign_Guide
3068	TIE_Crawler	TIE Crawler	entity-page	1	1	no			wiki:Category:Rebellion_Era_Campaign_Guide
3069	TIE_Mauler	TIE Mauler	entity-page	1	1	no			wiki:Category:Rebellion_Era_Campaign_Guide
3070	AT-AA	AT-AA	entity-page	1	1	no			wiki:Category:Rebellion_Era_Campaign_Guide
3071	AT-PT	AT-PT	entity-page	1	1	no			wiki:Category:Rebellion_Era_Campaign_Guide
3072	Lancet_Aerial_Artillery	Lancet Aerial Artillery	entity-page	1	1	no			wiki:Category:Rebellion_Era_Campaign_Guide
3073	Alpha-Class_Xg-1_Star_Wing	Alpha-Class Xg-1 Star Wing	entity-page	1	1	no			wiki:Category:Rebellion_Era_Campaign_Guide
3074	Missile_Boat	Missile Boat	entity-page	1	1	no			wiki:Category:Rebellion_Era_Campaign_Guide
3075	Royal_TIE_Interceptor	Royal TIE Interceptor	entity-page	1	1	no			wiki:Category:Rebellion_Era_Campaign_Guide
3076	TIE_Aggressor	TIE Aggressor	entity-page	1	1	no			wiki:Category:Rebellion_Era_Campaign_Guide
3077	TIE_Experimental_M2	TIE Experimental M2	entity-page	1	1	no			wiki:Category:Rebellion_Era_Campaign_Guide
3078	TIE_Experimental_M3	TIE Experimental M3	entity-page	1	1	no			wiki:Category:Rebellion_Era_Campaign_Guide
3079	TIE_Oppressor	TIE Oppressor	entity-page	1	1	no			wiki:Category:Rebellion_Era_Campaign_Guide
3080	TIE_Phantom	TIE Phantom	entity-page	1	1	no			wiki:Category:Rebellion_Era_Campaign_Guide
3081	TIE_Scout	TIE Scout	entity-page	1	1	no			wiki:Category:Rebellion_Era_Campaign_Guide
3082	TIE_Shuttle	TIE Shuttle	entity-page	1	1	no			wiki:Category:Rebellion_Era_Campaign_Guide
3083	VT-49_Decimator	VT-49 Decimator	entity-page	1	1	no			wiki:Category:Rebellion_Era_Campaign_Guide
3084	YE-4_Gunship	YE-4 Gunship	entity-page	1	1	no			wiki:Category:Rebellion_Era_Campaign_Guide
3085	CR92a_Assassin-Class_Corellian_Corvette	CR92a Assassin-Class Corellian Corvette	entity-page	1	1	no			wiki:Category:Rebellion_Era_Campaign_Guide
3086	Imperial_Cargo_Ship	Imperial Cargo Ship	entity-page	1	1	no			wiki:Category:Rebellion_Era_Campaign_Guide
3087	Imperial_II-Class_Frigate	Imperial II-Class Frigate	entity-page	1	1	no			wiki:Category:Rebellion_Era_Campaign_Guide
3088	4-LOM	4-LOM	entity-page	1	1	no			wiki:Category:Rebellion_Era_Campaign_Guide
3089	Dengar	Dengar	entity-page	1	1	no			wiki:Category:Rebellion_Era_Campaign_Guide
3090	AEG-77_Vigo_Gunship	AEG-77 Vigo Gunship	entity-page	1	1	no			wiki:Category:Rebellion_Era_Campaign_Guide
3091	AEG-77_Vigo_Transport	AEG-77 Vigo Transport	entity-page	1	1	no			wiki:Category:Rebellion_Era_Campaign_Guide
3092	Kihraxz_Assault_Fighter	Kihraxz Assault Fighter	entity-page	1	1	no			wiki:Category:Rebellion_Era_Campaign_Guide
3093	Vaksai_Fighter	Vaksai Fighter	entity-page	1	1	no			wiki:Category:Rebellion_Era_Campaign_Guide
3094	Supa_Fighter	Supa Fighter	entity-page	1	1	no			wiki:Category:Rebellion_Era_Campaign_Guide
3095	Rihkxyrk_Assault_Fighter	Rihkxyrk Assault Fighter	entity-page	1	1	no			wiki:Category:Rebellion_Era_Campaign_Guide
3096	Dominic_Raynor	Dominic Raynor	entity-page	1	1	no			wiki:Category:Rebellion_Era_Campaign_Guide
3097	Ugnaughts	Ugnaughts	entity-page	1	1	no			wiki:Category:Rebellion_Era_Campaign_Guide
3098	Lando's_Commandos	Lando's Commandos	entity-page	1	1	no			wiki:Category:Rebellion_Era_Campaign_Guide
3099	Wing_Guard	Wing Guard	entity-page	1	1	no			wiki:Category:Rebellion_Era_Campaign_Guide
3100	The_B'omarr_Order	The B'omarr Order	rules-term	1	1	no			wiki:Category:Rebellion_Era_Campaign_Guide
3101	Kumac_the_Hutt	Kumac the Hutt	entity-page	1	1	no			wiki:Category:Rebellion_Era_Campaign_Guide
3102	Jelasi_the_Hutt	Jelasi the Hutt	entity-page	1	1	no			wiki:Category:Rebellion_Era_Campaign_Guide
3103	Zorba_the_Hutt	Zorba the Hutt	entity-page	1	1	no			wiki:Category:Rebellion_Era_Campaign_Guide
3104	Bib_Fortuna	Bib Fortuna	entity-page	1	1	no			wiki:Category:Rebellion_Era_Campaign_Guide
3105	Tyber_Zann	Tyber Zann	entity-page	1	1	no			wiki:Category:Rebellion_Era_Campaign_Guide
3106	The_Desilijic_Kajidic	The Desilijic Kajidic	rules-term	1	1	no			wiki:Category:Rebellion_Era_Campaign_Guide
3107	Zann_Consortium_Defiler	Zann Consortium Defiler	entity-page	1	1	no			wiki:Category:Rebellion_Era_Campaign_Guide
3108	Keldabe-Class_Battleship	Keldabe-Class Battleship	entity-page	1	1	no			wiki:Category:Rebellion_Era_Campaign_Guide
3109	Espo_Trooper	Espo Trooper	entity-page	1	1	no			wiki:Category:Rebellion_Era_Campaign_Guide
3110	Elite_Espo_Trooper	Elite Espo Trooper	entity-page	1	1	no			wiki:Category:Rebellion_Era_Campaign_Guide
3111	Mytus_VII	Mytus VII	entity-page	1	1	no			wiki:Category:Rebellion_Era_Campaign_Guide
3112	Drold_Allies	Drold Allies	entity-page	1	1	no			wiki:Category:Scavenger's_Guide_to_Droids
3113	Raalo	Raalo	entity-page	1	1	no			wiki:Category:Scavenger's_Guide_to_Droids
3114	The_Black_Market	The Black Market	rules-term	1	1	no			wiki:Category:Scavenger's_Guide_to_Droids
3115	Mavven	Mavven	entity-page	1	1	no			wiki:Category:Scavenger's_Guide_to_Droids
3116	Besalisk	Besalisk	entity-page	1	1	no			wiki:Category:Scavenger's_Guide_to_Droids
3117	EV-6T6	EV-6T6	entity-page	1	1	no			wiki:Category:Scavenger's_Guide_to_Droids
3118	Playing_a_Standard_Droid_Model	Playing a Standard Droid Model	entity-page	1	1	no			wiki:Category:Scavenger's_Guide_to_Droids
3119	Playing_a_Droid_Chassis	Playing a Droid Chassis	entity-page	1	1	no			wiki:Category:Scavenger's_Guide_to_Droids
3120	Service_Droid	Service Droid	entity-page	1	1	no			wiki:Category:Scavenger's_Guide_to_Droids
3121	Astromech_Droid	Astromech Droid	entity-page	1	1	no			wiki:Category:Scavenger's_Guide_to_Droids
3122	Battle_Droid	Battle Droid	entity-page	1	1	no			wiki:Category:Scavenger's_Guide_to_Droids
3123	Mechanic_Droid	Mechanic Droid	entity-page	1	1	no			wiki:Category:Scavenger's_Guide_to_Droids
3124	Probe_Droid	Probe Droid	entity-page	1	1	no			wiki:Category:Scavenger's_Guide_to_Droids
3125	Protocol_Droid	Protocol Droid	entity-page	1	1	no			wiki:Category:Scavenger's_Guide_to_Droids
3126	Labor_Droid	Labor Droid	entity-page	1	1	no			wiki:Category:Scavenger's_Guide_to_Droids
3127	Distracting_Droid	Distracting Droid	entity-page	1	1	yes			wiki:Category:Scavenger's_Guide_to_Droids
3128	Droid_Focus	Droid Focus	rules-term	1	1	yes			wiki:Category:Scavenger's_Guide_to_Droids
3129	Droid_Shield_Mastery	Droid Shield Mastery	rules-term	1	1	yes			wiki:Category:Scavenger's_Guide_to_Droids
3130	Erratic_Target	Erratic Target	entity-page	1	1	yes			wiki:Category:Scavenger's_Guide_to_Droids
3131	Known_Vulnerability	Known Vulnerability	entity-page	1	1	no			wiki:Category:Scavenger's_Guide_to_Droids
3132	Medical_Analyzer	Medical Analyzer	entity-page	1	1	no			wiki:Category:Scavenger's_Guide_to_Droids
3133	Science_Analyzer	Science Analyzer	entity-page	1	1	no			wiki:Category:Scavenger's_Guide_to_Droids
3134	Triage_Scan	Triage Scan	entity-page	1	1	no			wiki:Category:Scavenger's_Guide_to_Droids
3135	Burst_Transfer	Burst Transfer	entity-page	1	1	no			wiki:Category:Scavenger's_Guide_to_Droids
3136	On-Board_System_Link	On-Board System Link	entity-page	1	1	no			wiki:Category:Scavenger's_Guide_to_Droids
3137	Quick_Astrogation	Quick Astrogation	entity-page	1	1	no			wiki:Category:Scavenger's_Guide_to_Droids
3138	Scomp_Link_Slicer	Scomp Link Slicer	entity-page	1	1	no			wiki:Category:Scavenger's_Guide_to_Droids
3139	Nuanced	Nuanced	entity-page	1	1	no			wiki:Category:Scavenger's_Guide_to_Droids
3140	Observant	Observant	entity-page	1	1	no			wiki:Category:Scavenger's_Guide_to_Droids
3141	Supervising_Droid	Supervising Droid	entity-page	1	1	no			wiki:Category:Scavenger's_Guide_to_Droids
3142	Talkdroid	Talkdroid	entity-page	1	1	no			wiki:Category:Scavenger's_Guide_to_Droids
3143	Just_a_Scratch	Just a Scratch	entity-page	1	1	no			wiki:Category:Scavenger's_Guide_to_Droids
3144	Target_Acquisition	Target Acquisition	entity-page	1	1	no			wiki:Category:Scavenger's_Guide_to_Droids
3145	Targeted_Lock	Targeted Lock	entity-page	1	1	no			wiki:Category:Scavenger's_Guide_to_Droids
3146	Weapons_Power_Surge	Weapons Power Surge	entity-page	1	1	no			wiki:Category:Scavenger's_Guide_to_Droids
3147	Durable	Durable	entity-page	1	1	no			wiki:Category:Scavenger's_Guide_to_Droids
3148	Heavy-Duty_Actuators	Heavy-Duty Actuators	entity-page	1	1	no			wiki:Category:Scavenger's_Guide_to_Droids
3149	Load_Launcher	Load Launcher	entity-page	1	1	no			wiki:Category:Scavenger's_Guide_to_Droids
3150	Task_Optimization	Task Optimization	entity-page	1	1	no			wiki:Category:Scavenger's_Guide_to_Droids
3151	Power_Boost	Power Boost	entity-page	1	1	no			wiki:Category:Scavenger's_Guide_to_Droids
3152	Just_a_Droid	Just a Droid	entity-page	1	1	no			wiki:Category:Scavenger's_Guide_to_Droids
3153	Swift_Droid	Swift Droid	entity-page	1	1	no			wiki:Category:Scavenger's_Guide_to_Droids
3154	Datapads	Datapads	entity-page	1	1	no			wiki:Category:Scavenger's_Guide_to_Droids
3155	Portable_Computers	Portable Computers	entity-page	1	1	no			wiki:Category:Scavenger's_Guide_to_Droids
3156	Droid_Modifications	Droid Modifications	rules-term	1	1	no			wiki:Category:Scavenger's_Guide_to_Droids
3157	Scomp_Links	Scomp Links	entity-page	1	1	no			wiki:Category:Scavenger's_Guide_to_Droids
3158	Droid_Manufacturers	Droid Manufacturers	rules-term	1	1	no			wiki:Category:Scavenger's_Guide_to_Droids
3159	Cybot_Galactica	Cybot Galactica	entity-page	1	1	no			wiki:Category:Scavenger's_Guide_to_Droids
3160	Industrial_Automaton	Industrial Automaton	entity-page	1	1	no			wiki:Category:Scavenger's_Guide_to_Droids
3161	Arakyd_Industries	Arakyd Industries	entity-page	1	1	no			wiki:Category:Scavenger's_Guide_to_Droids
3162	Veril_Line_Systems	Veril Line Systems	entity-page	1	1	no			wiki:Category:Scavenger's_Guide_to_Droids
3163	Baktoid_Combat_Automata	Baktoid Combat Automata	entity-page	1	1	no			wiki:Category:Scavenger's_Guide_to_Droids
3164	Colicoid_Creation_Nest	Colicoid Creation Nest	entity-page	1	1	no			wiki:Category:Scavenger's_Guide_to_Droids
3165	Duwani_Mechanical_Products	Duwani Mechanical Products	entity-page	1	1	no			wiki:Category:Scavenger's_Guide_to_Droids
3166	Aratech_Repulsor_Company	Aratech Repulsor Company	entity-page	1	1	no			wiki:Category:Scavenger's_Guide_to_Droids
3167	Locomotion	Locomotion	entity-page	1	1	no			wiki:Category:Scavenger's_Guide_to_Droids
3168	Droid_Accessory	Droid Accessory	rules-term	1	1	no			wiki:Category:Scavenger's_Guide_to_Droids
3169	Modifying_Droids	Modifying Droids	entity-page	1	1	no			wiki:Category:Scavenger's_Guide_to_Droids
3170	Games_of_Chance	Games of Chance	entity-page	1	1	no			wiki:Category:Scum_and_Villainy
3171	Deck_Sweeper	Deck Sweeper	entity-page	1	1	no			wiki:Category:Scum_and_Villainy
3172	Neural_Inhibitor	Neural Inhibitor	entity-page	1	1	no			wiki:Category:Scum_and_Villainy
3173	Pulse_Rifle	Pulse Rifle	entity-page	1	1	no			wiki:Category:Scum_and_Villainy
3174	Squib_Battering_Ram	Squib Battering Ram	entity-page	1	1	no	wiki:Squib	variant-name(-2)	wiki:Category:Scum_and_Villainy
3175	Conqueror-Class_Assault_Ship	Conqueror-Class Assault Ship	entity-page	1	1	no			wiki:Category:Scum_and_Villainy
3176	Corellian_YT-1250_Freighter	Corellian YT-1250 Freighter	entity-page	1	1	no			wiki:Category:Scum_and_Villainy
3177	Corellian_YT-1930_Transport	Corellian YT-1930 Transport	entity-page	1	1	no			wiki:Category:Scum_and_Villainy
3178	Gymsnor-3_Light_Freighter	Gymsnor-3 Light Freighter	entity-page	1	1	no			wiki:Category:Scum_and_Villainy
3179	Kazellis-Class_Light_Freighter	Kazellis-Class Light Freighter	entity-page	1	1	no			wiki:Category:Scum_and_Villainy
3180	Uglies	Uglies	entity-page	1	1	no			wiki:Category:Scum_and_Villainy
3181	Sandcrawlers	Sandcrawlers	entity-page	1	1	no			wiki:Category:Scum_and_Villainy
3182	Unreliable	Unreliable	entity-page	1	1	no			wiki:Category:Scum_and_Villainy
3183	C-Wing_Ugly_Fighter	C-Wing Ugly Fighter	entity-page	1	1	no			wiki:Category:Scum_and_Villainy
3184	Clutch_Ugly_Fighter	Clutch Ugly Fighter	entity-page	1	1	no			wiki:Category:Scum_and_Villainy
3185	X-TIE_Ugly_Fighter	X-TIE Ugly Fighter	entity-page	1	1	no			wiki:Category:Scum_and_Villainy
3186	Fringe_Elements	Fringe Elements	entity-page	1	1	no			wiki:Category:Scum_and_Villainy
3187	Fringe_Encounters	Fringe Encounters	entity-page	1	1	no			wiki:Category:Scum_and_Villainy
3188	Boarding_Party	Boarding Party	entity-page	1	1	no			wiki:Category:Scum_and_Villainy
3189	Breaking_and_Entering	Breaking and Entering	entity-page	1	1	no			wiki:Category:Scum_and_Villainy
3190	Wanted_Alive	Wanted Alive	entity-page	1	1	no			wiki:Category:Scum_and_Villainy
3191	Smugglers'_Rendezvous	Smugglers' Rendezvous	entity-page	1	1	no			wiki:Category:Scum_and_Villainy
3192	The_Big_Hit	The Big Hit	rules-term	1	1	no			wiki:Category:Scum_and_Villainy
3193	Snow_Job	Snow Job	entity-page	1	1	no			wiki:Category:Scum_and_Villainy
3194	The_Fell_Star	The Fell Star	rules-term	1	1	no			wiki:Category:Scum_and_Villainy
3195	Fringe_Campaign	Fringe Campaign	entity-page	1	1	no			wiki:Category:Scum_and_Villainy
3196	Barin_Trevina	Barin Trevina	entity-page	1	1	no			wiki:Category:Scum_and_Villainy
3197	The_Fell_Star_(Force_Artifact)	The Fell Star (Force Artifact)	rules-term	1	1	no			wiki:Category:Scum_and_Villainy
3198	X-Wing_Fighters	X-Wing Fighters	entity-page	1	1	no			wiki:Category:Starships_of_the_Galaxy
3199	Starship_Hazards	Starship Hazards	rules-term	1	1	no	wiki:Category:Starships	variant-name(-1)	wiki:Category:Starships_of_the_Galaxy
3200	Starship_Adventures	Starship Adventures	rules-term	1	1	no	wiki:Category:Starships	variant-name(-1)	wiki:Category:Starships_of_the_Galaxy
3201	Mankvim-814_Light_Interceptors	Mankvim-814 Light Interceptors	entity-page	1	1	no			wiki:Category:The_Clone_Wars
3202	P-38_Starfighters	P-38 Starfighters	entity-page	1	1	no			wiki:Category:The_Clone_Wars
3203	Belkadan	Belkadan	entity-page	1	1	no			wiki:Category:The_New_Jedi_Order_Era
3204	Helska	Helska	entity-page	1	1	no			wiki:Category:The_New_Jedi_Order_Era
3205	Raynar_Thul	Raynar Thul	entity-page	1	1	no			wiki:Category:The_New_Jedi_Order_Era
3206	Qui-Gon_Jinn	Qui-Gon Jinn	entity-page	1	1	no			wiki:Category:Threats_of_the_Galaxy
3207	Swoop_Gang_Leaders	Swoop Gang Leaders	entity-page	1	1	no			wiki:Category:Threats_of_the_Galaxy
3208	Traders	Traders	entity-page	1	1	no			wiki:Category:Threats_of_the_Galaxy
3209	Elite_Warriors	Elite Warriors	entity-page	1	1	no			wiki:Category:Threats_of_the_Galaxy
3210	Force_Adept_(CL_8)	Force Adept (CL 8)	entity-page	1	1	no	wiki:The_Force	variant-name(-3)	wiki:Category:Threats_of_the_Galaxy
3211	Tribal_Shaman	Tribal Shaman	entity-page	1	1	no			wiki:Category:Threats_of_the_Galaxy
3212	Assassin_(CL_10)	Assassin (CL 10)	entity-page	1	1	no	wiki:Assassin	variant-name(-2)	wiki:Category:Threats_of_the_Galaxy
3213	Malkite_Poisoner	Malkite Poisoner	entity-page	1	1	no			wiki:Category:Threats_of_the_Galaxy
3214	Bodyguard	Bodyguard	entity-page	1	1	no			wiki:Category:Threats_of_the_Galaxy
3215	Gregar_Typho	Gregar Typho	entity-page	1	1	no			wiki:Category:Threats_of_the_Galaxy
3216	Bounty_Hunter_(CL_10)	Bounty Hunter (CL 10)	entity-page	1	1	no	wiki:Bounty_Hunter	variant-name(-2)	wiki:Category:Threats_of_the_Galaxy
3217	Hound's_Tooth	Hound's Tooth	entity-page	1	1	no			wiki:Category:Threats_of_the_Galaxy
3218	Saberdart_Launcher	Saberdart Launcher	entity-page	1	1	no			wiki:Category:Threats_of_the_Galaxy
3219	Brute	Brute	entity-page	1	1	no			wiki:Category:Threats_of_the_Galaxy
3220	Bureaucrat	Bureaucrat	entity-page	1	1	no			wiki:Category:Threats_of_the_Galaxy
3221	Commando	Commando	entity-page	1	1	no			wiki:Category:Threats_of_the_Galaxy
3222	Elite_Commando	Elite Commando	entity-page	1	1	no			wiki:Category:Threats_of_the_Galaxy
3223	Con_Artist	Con Artist	entity-page	1	1	no			wiki:Category:Threats_of_the_Galaxy
3224	Crime_Lord_(CL_12)	Crime Lord (CL 12)	entity-page	1	1	no	wiki:Crime_Lord	variant-name(-2)	wiki:Category:Threats_of_the_Galaxy
3225	Rodian_Black_Sun_Vigo	Rodian Black Sun Vigo	entity-page	1	1	no	wiki:Rodian	variant-name(-3)	wiki:Category:Threats_of_the_Galaxy
3226	Bith_Black_Sun_Vigo	Bith Black Sun Vigo	entity-page	1	1	no	wiki:Bith	variant-name(-3)	wiki:Category:Threats_of_the_Galaxy
3227	Dark_Jedi	Dark Jedi	entity-page	1	1	no			wiki:Category:Threats_of_the_Galaxy
3228	Reborn	Reborn	entity-page	1	1	no			wiki:Category:Threats_of_the_Galaxy
3229	Dark_Jedi_Master	Dark Jedi Master	entity-page	1	1	no			wiki:Category:Threats_of_the_Galaxy
3230	Drain_Knowledge	Drain Knowledge	entity-page	1	1	no			wiki:Category:Threats_of_the_Galaxy
3231	Primitive_Dark_Side_Adept	Primitive Dark Side Adept	entity-page	1	1	no			wiki:Category:Threats_of_the_Galaxy
3232	Desann	Desann	entity-page	1	1	no			wiki:Category:Threats_of_the_Galaxy
3233	Diplomat	Diplomat	entity-page	1	1	no			wiki:Category:Threats_of_the_Galaxy
3234	Doctor	Doctor	entity-page	1	1	no			wiki:Category:Threats_of_the_Galaxy
3235	Emergency_Crew	Emergency Crew	entity-page	1	1	no			wiki:Category:Threats_of_the_Galaxy
3236	Engineer_(CL_2)	Engineer (CL 2)	entity-page	1	1	no			wiki:Category:Threats_of_the_Galaxy
3237	Gambler_(CL_4)	Gambler (CL 4)	entity-page	1	1	no			wiki:Category:Threats_of_the_Galaxy
3238	Infiltrator_(CL_9)	Infiltrator (CL 9)	entity-page	1	1	no	wiki:Infiltrator	variant-name(-2)	wiki:Category:Threats_of_the_Galaxy
3239	Information_Broker	Information Broker	entity-page	1	1	no			wiki:Category:Threats_of_the_Galaxy
3240	Imperial_Knight_(CL_10)	Imperial Knight (CL 10)	entity-page	1	1	no	wiki:Imperial_Knight	variant-name(-2)	wiki:Category:Threats_of_the_Galaxy
3241	Martial_Artist	Martial Artist	entity-page	1	1	no			wiki:Category:Threats_of_the_Galaxy
3242	Martial_Arts_and_Simple_Weapons	Martial Arts and Simple Weapons	entity-page	1	1	no			wiki:Category:Threats_of_the_Galaxy
3243	Master_of_Ter%C3%A4s_K%C3%A4si	Master of Ter%C3%A4s K%C3%A4si	entity-page	1	1	no			wiki:Category:Threats_of_the_Galaxy
3244	Mercenary_Soldier	Mercenary Soldier	entity-page	1	1	no			wiki:Category:Threats_of_the_Galaxy
3245	Mercenaries	Mercenaries	entity-page	1	1	no			wiki:Category:Threats_of_the_Galaxy
3246	Mercenary_Scout	Mercenary Scout	entity-page	1	1	no			wiki:Category:Threats_of_the_Galaxy
3247	Mercenary_Heavy_Infantry	Mercenary Heavy Infantry	entity-page	1	1	no			wiki:Category:Threats_of_the_Galaxy
3248	Mercenary's_Determination	Mercenary's Determination	entity-page	1	1	no			wiki:Category:Threats_of_the_Galaxy
3249	Mercenary's_Grit	Mercenary's Grit	entity-page	1	1	no			wiki:Category:Threats_of_the_Galaxy
3250	Mercenary's_Teamwork	Mercenary's Teamwork	entity-page	1	1	no			wiki:Category:Threats_of_the_Galaxy
3251	Mystic	Mystic	entity-page	1	1	no			wiki:Category:Threats_of_the_Galaxy
3252	Intelligence_Officer	Intelligence Officer	entity-page	1	1	no			wiki:Category:Threats_of_the_Galaxy
3253	Outlaw_Tech	Outlaw Tech	entity-page	1	1	no	wiki:Outlaw	variant-name(-1)	wiki:Category:Threats_of_the_Galaxy
3254	Pilot_(CL_5)	Pilot (CL 5)	entity-page	1	1	no			wiki:Category:Threats_of_the_Galaxy
3255	Ace_Pilot_(CL_14)	Ace Pilot (CL 14)	entity-page	1	1	no	wiki:Ace_Pilot	variant-name(-2)	wiki:Category:Threats_of_the_Galaxy
3256	Elite_Pilot	Elite Pilot	entity-page	1	1	no			wiki:Category:Threats_of_the_Galaxy
3257	Pirate	Pirate	entity-page	1	1	no			wiki:Category:Threats_of_the_Galaxy
3258	The_Blazing_Claw	The Blazing Claw	rules-term	1	1	no			wiki:Category:Threats_of_the_Galaxy
3259	Privateer	Privateer	entity-page	1	1	no			wiki:Category:Threats_of_the_Galaxy
3260	Pirate_Captain	Pirate Captain	entity-page	1	1	no			wiki:Category:Threats_of_the_Galaxy
3261	Police_Officer	Police Officer	entity-page	1	1	no			wiki:Category:Threats_of_the_Galaxy
3262	Veteran_Politician	Veteran Politician	entity-page	1	1	no			wiki:Category:Threats_of_the_Galaxy
3263	Saboteur_(CL_8)	Saboteur (CL 8)	entity-page	1	1	no	wiki:Saboteur	variant-name(-2)	wiki:Category:Threats_of_the_Galaxy
3264	Twi'lek_Saboteur	Twi'lek Saboteur	entity-page	1	1	no	wiki:Twi'lek	variant-name(-1)	wiki:Category:Threats_of_the_Galaxy
3265	Sector_Ranger	Sector Ranger	entity-page	1	1	no			wiki:Category:Threats_of_the_Galaxy
3266	Special_Enforcement_Officer	Special Enforcement Officer	entity-page	1	1	no			wiki:Category:Threats_of_the_Galaxy
3267	Security_Personnel	Security Personnel	entity-page	1	1	no			wiki:Category:Threats_of_the_Galaxy
3268	Security_Personnel_Specialist	Security Personnel Specialist	entity-page	1	1	no			wiki:Category:Threats_of_the_Galaxy
3269	Royal_Handmaiden	Royal Handmaiden	entity-page	1	1	no			wiki:Category:Threats_of_the_Galaxy
3270	Ship_Captain	Ship Captain	entity-page	1	1	no			wiki:Category:Threats_of_the_Galaxy
3271	Ship_Gunner	Ship Gunner	entity-page	1	1	no			wiki:Category:Threats_of_the_Galaxy
3272	Stolen_Form	Stolen Form	entity-page	1	1	no			wiki:Category:Threats_of_the_Galaxy
3273	Slicer	Slicer	entity-page	1	1	no			wiki:Category:Threats_of_the_Galaxy
3274	Smuggler	Smuggler	entity-page	1	1	no			wiki:Category:Threats_of_the_Galaxy
3275	Corellian_VCX-350_Light_Freighter	Corellian VCX-350 Light Freighter	entity-page	1	1	no			wiki:Category:Threats_of_the_Galaxy
3276	Cody	Cody	entity-page	1	1	no			wiki:Category:Threats_of_the_Galaxy
3277	Elite_Soldier	Elite Soldier	entity-page	1	1	no			wiki:Category:Threats_of_the_Galaxy
3278	Hard_Target	Hard Target	entity-page	1	1	no			wiki:Category:Threats_of_the_Galaxy
3279	Spy	Spy	entity-page	1	1	no			wiki:Category:Threats_of_the_Galaxy
3280	Swoop_Gang_Leader	Swoop Gang Leader	entity-page	1	1	no			wiki:Category:Threats_of_the_Galaxy
3281	Swoop_Gang_Member	Swoop Gang Member	entity-page	1	1	no			wiki:Category:Threats_of_the_Galaxy
3282	Technician	Technician	entity-page	1	1	yes			wiki:Category:Threats_of_the_Galaxy
3283	Trader	Trader	entity-page	1	1	no			wiki:Category:Threats_of_the_Galaxy
3284	Elite_Warrior	Elite Warrior	entity-page	1	1	no			wiki:Category:Threats_of_the_Galaxy
3285	Womp_Rats	Womp Rats	entity-page	1	1	no			wiki:Category:Threats_of_the_Galaxy
3286	Mynocks	Mynocks	entity-page	1	1	no			wiki:Category:Threats_of_the_Galaxy
3287	Varactyl_Handler	Varactyl Handler	entity-page	1	1	no			wiki:Category:Threats_of_the_Galaxy
3288	Packs_and_Swarms	Packs and Swarms	entity-page	1	1	no			wiki:Category:Threats_of_the_Galaxy
3289	Corellian_Banshee_Bird	Corellian Banshee Bird	entity-page	1	1	no			wiki:Category:Threats_of_the_Galaxy
3290	Corellian_Sand_Panther	Corellian Sand Panther	entity-page	1	1	no			wiki:Category:Threats_of_the_Galaxy
3291	Dragonsnake	Dragonsnake	entity-page	1	1	no			wiki:Category:Threats_of_the_Galaxy
3292	Gundark	Gundark	entity-page	1	1	no			wiki:Category:Threats_of_the_Galaxy
3293	Katarn	Katarn	entity-page	1	1	no			wiki:Category:Threats_of_the_Galaxy
3294	Kintan_Strider	Kintan Strider	entity-page	1	1	no			wiki:Category:Threats_of_the_Galaxy
3295	Knobby_White_Spider	Knobby White Spider	entity-page	1	1	no			wiki:Category:Threats_of_the_Galaxy
3296	Kouhun	Kouhun	entity-page	1	1	no			wiki:Category:Threats_of_the_Galaxy
3297	Krayt_Dragon	Krayt Dragon	entity-page	1	1	no			wiki:Category:Threats_of_the_Galaxy
3298	Canyon_Krayt_Dragon	Canyon Krayt Dragon	entity-page	1	1	no			wiki:Category:Threats_of_the_Galaxy
3299	Massiff	Massiff	entity-page	1	1	no			wiki:Category:Threats_of_the_Galaxy
3300	Mynock	Mynock	entity-page	1	1	no			wiki:Category:Threats_of_the_Galaxy
3301	Narglatch	Narglatch	entity-page	1	1	no			wiki:Category:Threats_of_the_Galaxy
3302	Nashtah	Nashtah	entity-page	1	1	no			wiki:Category:Threats_of_the_Galaxy
3303	Tyrant_Rancor	Tyrant Rancor	entity-page	1	1	no			wiki:Category:Threats_of_the_Galaxy
3304	Tra'cor	Tra'cor	entity-page	1	1	no			wiki:Category:Threats_of_the_Galaxy
3305	Ronto	Ronto	entity-page	1	1	no			wiki:Category:Threats_of_the_Galaxy
3306	Vornskr	Vornskr	entity-page	1	1	no			wiki:Category:Threats_of_the_Galaxy
3307	Womp_Rat	Womp Rat	entity-page	1	1	no			wiki:Category:Threats_of_the_Galaxy
3308	Womp_Rat_Pack	Womp Rat Pack	entity-page	1	1	no			wiki:Category:Threats_of_the_Galaxy
3309	R2-R-Series_Reconnaissance_Astromech_Droid	R2-R-Series Reconnaissance Astromech Droid	entity-page	1	1	no			wiki:Category:Threats_of_the_Galaxy
3310	Replica_Droid_(CL_3)	Replica Droid (CL 3)	entity-page	1	1	no	wiki:Replica_Droid	variant-name(-2)	wiki:Category:Threats_of_the_Galaxy
3311	Guri	Guri	entity-page	1	1	no			wiki:Category:Threats_of_the_Galaxy
3312	Blastsword	Blastsword	entity-page	1	1	no			wiki:Category:Unknown_Regions_Campaign_Guide
3313	Vibro-Saw	Vibro-Saw	entity-page	1	1	no			wiki:Category:Unknown_Regions_Campaign_Guide
3314	Magna_Caster	Magna Caster	entity-page	1	1	no			wiki:Category:Unknown_Regions_Campaign_Guide
3315	Crossbow	Crossbow	entity-page	1	1	no			wiki:Category:Unknown_Regions_Campaign_Guide
3316	ARK-II_Series_Landmaster	ARK-II Series Landmaster	entity-page	1	1	no			wiki:Category:Unknown_Regions_Campaign_Guide
3317	Compact_Assault_Vehicle/Wheeled_PX-10	Compact Assault Vehicle/Wheeled PX-10	entity-page	1	1	no			wiki:Category:Unknown_Regions_Campaign_Guide
3318	Land_Crawler	Land Crawler	entity-page	1	1	no			wiki:Category:Unknown_Regions_Campaign_Guide
3319	48_Roller_Wheel_Bike	48 Roller Wheel Bike	entity-page	1	1	no			wiki:Category:Unknown_Regions_Campaign_Guide
3320	All-Terrain_Roller	All-Terrain Roller	entity-page	1	1	no			wiki:Category:Unknown_Regions_Campaign_Guide
3321	Groundcar	Groundcar	entity-page	1	1	no			wiki:Category:Unknown_Regions_Campaign_Guide
3322	Aerosled_Mark_III	Aerosled Mark III	entity-page	1	1	no			wiki:Category:Unknown_Regions_Campaign_Guide
3323	SkyBlind_Landing_Sphere	SkyBlind Landing Sphere	entity-page	1	1	no			wiki:Category:Unknown_Regions_Campaign_Guide
3324	Deep-X_Explorer	Deep-X Explorer	entity-page	1	1	no			wiki:Category:Unknown_Regions_Campaign_Guide
3325	Drexl-Class_Starfighter	Drexl-Class Starfighter	entity-page	1	1	no			wiki:Category:Unknown_Regions_Campaign_Guide
3326	Preybird-Class_Starfighter	Preybird-Class Starfighter	entity-page	1	1	no			wiki:Category:Unknown_Regions_Campaign_Guide
3327	Corellian_JumpMaster_5000_Scout_Ship	Corellian JumpMaster 5000 Scout Ship	entity-page	1	1	no			wiki:Category:Unknown_Regions_Campaign_Guide
3328	MRX-BR_Pacifier	MRX-BR Pacifier	entity-page	1	1	no			wiki:Category:Unknown_Regions_Campaign_Guide
3329	SCT_Scout_Craft	SCT Scout Craft	entity-page	1	1	no			wiki:Category:Unknown_Regions_Campaign_Guide
3330	SkyBlind_Recon_Ship	SkyBlind Recon Ship	entity-page	1	1	no			wiki:Category:Unknown_Regions_Campaign_Guide
3331	Vaya-Class_Scout_Ship	Vaya-Class Scout Ship	entity-page	1	1	no			wiki:Category:Unknown_Regions_Campaign_Guide
3332	Star_Seeder-Class_Colony_Ship	Star Seeder-Class Colony Ship	entity-page	1	1	no			wiki:Category:Unknown_Regions_Campaign_Guide
3333	Ukian_Torbull	Ukian Torbull	entity-page	1	1	no			wiki:Category:Unknown_Regions_Campaign_Guide
3334	Eopie	Eopie	entity-page	1	1	no			wiki:Category:Unknown_Regions_Campaign_Guide
3335	Kaadu	Kaadu	entity-page	1	1	no			wiki:Category:Unknown_Regions_Campaign_Guide
3336	Kalak	Kalak	entity-page	1	1	no			wiki:Category:Unknown_Regions_Campaign_Guide
3337	Maru	Maru	entity-page	1	1	no			wiki:Category:Unknown_Regions_Campaign_Guide
3338	Ycaqt	Ycaqt	entity-page	1	1	no			wiki:Category:Unknown_Regions_Campaign_Guide
3339	Rakazzak_Beast	Rakazzak Beast	entity-page	1	1	no			wiki:Category:Unknown_Regions_Campaign_Guide
3340	Rockhopper	Rockhopper	entity-page	1	1	no			wiki:Category:Unknown_Regions_Campaign_Guide
3341	Orray	Orray	entity-page	1	1	no			wiki:Category:Unknown_Regions_Campaign_Guide
3342	Aiwha	Aiwha	entity-page	1	1	no			wiki:Category:Unknown_Regions_Campaign_Guide
3343	Fenwolf	Fenwolf	entity-page	1	1	no			wiki:Category:Unknown_Regions_Campaign_Guide
3344	Bergruutfa	Bergruutfa	entity-page	1	1	no			wiki:Category:Unknown_Regions_Campaign_Guide
3345	Voorpak	Voorpak	entity-page	1	1	no			wiki:Category:Unknown_Regions_Campaign_Guide
3346	Raquor'daan	Raquor'daan	entity-page	1	1	no			wiki:Category:Unknown_Regions_Campaign_Guide
3347	Saber_Cat	Saber Cat	entity-page	1	1	no			wiki:Category:Unknown_Regions_Campaign_Guide
3348	Creating_New_Beasts	Creating New Beasts	entity-page	1	1	no			wiki:Category:Unknown_Regions_Campaign_Guide
3349	Designing_New_Hazards	Designing New Hazards	entity-page	1	1	no			wiki:Category:Unknown_Regions_Campaign_Guide
3350	Artificial	Artificial	entity-page	1	1	no			wiki:Category:Unknown_Regions_Campaign_Guide
3351	The_Swarm_War	The Swarm War	rules-term	1	1	no			wiki:Category:Unknown_Regions_Campaign_Guide
3352	25_to_Rescue	25 to Rescue	entity-page	1	1	no			wiki:Category:Web_Enhancements
3353	Point-Blank_RPG	Point-Blank RPG	entity-page	1	1	no			wiki:Category:Web_Enhancements
3354	Garia	Garia	entity-page	1	1	no			wiki:Category:Web_Enhancements
3355	Haden_Vazzar	Haden Vazzar	entity-page	1	1	no			wiki:Category:Web_Enhancements
3356	Kagen_Brendel	Kagen Brendel	entity-page	1	1	no			wiki:Category:Web_Enhancements
3357	Mara_Davos	Mara Davos	entity-page	1	1	no			wiki:Category:Web_Enhancements
3358	Samar	Samar	entity-page	1	1	no			wiki:Category:Web_Enhancements
3359	Building_an_Encounter	Building an Encounter	entity-page	1	1	no			wiki:Category:Web_Enhancements
3360	Devaronian_Drifter	Devaronian Drifter	entity-page	1	1	no	wiki:Devaronian	variant-name(-1)	wiki:Category:Web_Enhancements
3361	Varactyls	Varactyls	entity-page	1	1	no			wiki:Category:Web_Enhancements
3362	Dactillions	Dactillions	entity-page	1	1	no			wiki:Category:Web_Enhancements
3363	The_Alderaanian_Resistance	The Alderaanian Resistance	rules-term	1	1	no			wiki:Category:Web_Enhancements
3364	Sulkot	Sulkot	entity-page	1	1	no			wiki:Category:Web_Enhancements
3365	The_Last_Resort	The Last Resort	rules-term	1	1	no			wiki:Category:Web_Enhancements
3366	The_Moomo_Williwaw	The Moomo Williwaw	rules-term	1	1	no			wiki:Category:Web_Enhancements
3367	Urban_Bombardier_Speeder_Bike	Urban Bombardier Speeder Bike	entity-page	1	1	no			wiki:Category:Web_Enhancements
3368	Dallan_Morvis	Dallan Morvis	entity-page	1	1	no			wiki:Category:Web_Enhancements
3369	T1-LB	T1-LB	entity-page	1	1	no			wiki:Category:Web_Enhancements
3370	Karnak_Tetsu	Karnak Tetsu	entity-page	1	1	no			wiki:Category:Web_Enhancements
3371	Noble_Sacrifice	Noble Sacrifice	entity-page	1	1	no	wiki:Noble	variant-name(-1)	wiki:Category:Web_Enhancements
3372	Vengeance	Vengeance	entity-page	1	1	no			wiki:Category:Web_Enhancements
3373	Oorn_Noth	Oorn Noth	entity-page	1	1	no			wiki:Category:Web_Enhancements
3374	Harno	Harno	entity-page	1	1	no			wiki:Category:Web_Enhancements
3375	Tyrnia_Masak	Tyrnia Masak	entity-page	1	1	no			wiki:Category:Web_Enhancements
3376	Dool_Pundar	Dool Pundar	entity-page	1	1	no			wiki:Category:Web_Enhancements
3377	Meekah_Hozard	Meekah Hozard	entity-page	1	1	no			wiki:Category:Web_Enhancements
3378	Regera_Girawn	Regera Girawn	entity-page	1	1	no			wiki:Category:Web_Enhancements
3379	Eldewn_and_Elsae_Sarvool	Eldewn and Elsae Sarvool	entity-page	1	1	no			wiki:Category:Web_Enhancements
3380	Firaxa	Firaxa	entity-page	1	1	no			wiki:Category:Web_Enhancements
3381	Gizka	Gizka	entity-page	1	1	no			wiki:Category:Web_Enhancements
3382	Gizka_Pack	Gizka Pack	entity-page	1	1	no			wiki:Category:Web_Enhancements
3383	Horned_Kath_Hound	Horned Kath Hound	entity-page	1	1	no			wiki:Category:Web_Enhancements
3384	Iriaz	Iriaz	entity-page	1	1	no			wiki:Category:Web_Enhancements
3385	Kinrath	Kinrath	entity-page	1	1	no			wiki:Category:Web_Enhancements
3386	Viper_Kinrath	Viper Kinrath	entity-page	1	1	no			wiki:Category:Web_Enhancements
3387	Mykal	Mykal	entity-page	1	1	no			wiki:Category:Web_Enhancements
3388	XQ2_Space_Platform	XQ2 Space Platform	entity-page	1	1	no			wiki:Category:Web_Enhancements
3389	Cardan_I-Class_Space_Station	Cardan I-Class Space Station	entity-page	1	1	no			wiki:Category:Web_Enhancements
3390	Cardan_II-Class_Space_Station	Cardan II-Class Space Station	entity-page	1	1	no			wiki:Category:Web_Enhancements
3391	Cardan_III-Class_Space_Station	Cardan III-Class Space Station	entity-page	1	1	no			wiki:Category:Web_Enhancements
3392	Corellian_YZ-775_Medium_Transport	Corellian YZ-775 Medium Transport	entity-page	1	1	no			wiki:Category:Web_Enhancements
3393	Baas-Class_Space_Station	Baas-Class Space Station	entity-page	1	1	no			wiki:Category:Web_Enhancements
3394	Z-10_Seeker-Class_Scout_Ship	Z-10 Seeker-Class Scout Ship	entity-page	1	1	no			wiki:Category:Web_Enhancements
3395	Alpha-Class_Xg-1_Star_Wing_(CL_10)	Alpha-Class Xg-1 Star Wing (CL 10)	entity-page	1	1	no			wiki:Category:Web_Enhancements
3396	Heraklon-Class_Transport	Heraklon-Class Transport	entity-page	1	1	no			wiki:Category:Web_Enhancements
3397	TL-1800_Light_Freighter	TL-1800 Light Freighter	entity-page	1	1	no			wiki:Category:Web_Enhancements
3398	Fire_Extinguishers	Fire Extinguishers	entity-page	1	1	no			wiki:Category:Web_Enhancements
3399	Han_Solo,_Stormtrooper_Armor	Han Solo, Stormtrooper Armor	entity-page	1	1	no			wiki:Category:Web_Enhancements
3400	Obi-Wan_Kenobi,_Jedi_Spirit	Obi-Wan Kenobi, Jedi Spirit	entity-page	1	1	no			wiki:Category:Web_Enhancements
3401	Human_Force_Adept	Human Force Adept	entity-page	1	1	no	wiki:Human	variant-name(-2)	wiki:Category:Web_Enhancements
3402	Wilhuff_Tarkin,_Imperial_Governor	Wilhuff Tarkin, Imperial Governor	entity-page	1	1	no			wiki:Category:Web_Enhancements
3403	Wookiee_Freedom_Fighter	Wookiee Freedom Fighter	entity-page	1	1	no	wiki:Wookiee	variant-name(-2)	wiki:Category:Web_Enhancements
3404	Yuuzhan_Vong_Advance_Agent	Yuuzhan Vong Advance Agent	entity-page	1	1	no	wiki:Yuuzhan_Vong	variant-name(-2)	wiki:Category:Web_Enhancements
3405	Imperial_Gunner	Imperial Gunner	entity-page	1	1	no			wiki:Category:Web_Enhancements
3406	Jawa_Trader	Jawa Trader	entity-page	1	1	no	wiki:Jawa	variant-name(-1)	wiki:Category:Web_Enhancements
3407	Lando_Calrissian,_Dashing_Scoundrel	Lando Calrissian, Dashing Scoundrel	entity-page	1	1	no			wiki:Category:Web_Enhancements
3408	Trandoshan_Scavenger	Trandoshan Scavenger	entity-page	1	1	no	wiki:Trandoshan	variant-name(-1)	wiki:Category:Web_Enhancements
3409	Quarren_Isolationist	Quarren Isolationist	entity-page	1	1	no	wiki:Quarren	variant-name(-1)	wiki:Category:Web_Enhancements
3410	Human_Soldier_of_Fortune	Human Soldier of Fortune	entity-page	1	1	no	wiki:Human	variant-name(-3)	wiki:Category:Web_Enhancements
3411	Heavy_Clone_Trooper	Heavy Clone Trooper	entity-page	1	1	no			wiki:Category:Web_Enhancements
3412	Duros_Scoundrel	Duros Scoundrel	entity-page	1	1	no			wiki:Category:Web_Enhancements
3413	Ewok_Scout	Ewok Scout	entity-page	1	1	no			wiki:Category:Web_Enhancements
3414	Mercenary_Commander	Mercenary Commander	entity-page	1	1	no			wiki:Category:Web_Enhancements
3415	Twi'lek_Black_Sun_Vigo	Twi'lek Black Sun Vigo	entity-page	1	1	no	wiki:Twi'lek	variant-name(-3)	wiki:Category:Web_Enhancements
3416	Whiphid_Tracker	Whiphid Tracker	entity-page	1	1	no	wiki:Whiphid	variant-name(-1)	wiki:Category:Web_Enhancements
3417	Stun_Bayonet	Stun Bayonet	entity-page	1	1	no			wiki:Category:Web_Enhancements
3418	Hondo_Ohnaka	Hondo Ohnaka	entity-page	1	1	no			wiki:Category:Web_Enhancements
3419	Clone_Trooper_with_Repeating_Blaster	Clone Trooper with Repeating Blaster	entity-page	1	1	no			wiki:Category:Web_Enhancements
3420	Elite_Senate_Guard	Elite Senate Guard	entity-page	1	1	no			wiki:Category:Web_Enhancements
3421	The_Senate_Guard	The Senate Guard	rules-term	1	1	no			wiki:Category:Web_Enhancements
3422	Aqualish_Tech_Specialist	Aqualish Tech Specialist	entity-page	1	1	no	wiki:Aqualish	variant-name(-2)	wiki:Category:Web_Enhancements
3423	Czerka_Technical_Scientist	Czerka Technical Scientist	entity-page	1	1	no			wiki:Category:Web_Enhancements
3424	Tusken_Raider_Scout	Tusken Raider Scout	entity-page	1	1	no	wiki:Tusken_Raider	variant-name(-1)	wiki:Category:Web_Enhancements
3425	Quarsh_Panaka	Quarsh Panaka	entity-page	1	1	no			wiki:Category:Web_Enhancements
3426	Echani_Handmaiden	Echani Handmaiden	entity-page	1	1	no			wiki:Category:Web_Enhancements
3427	Han_Solo,_Smuggler	Han Solo, Smuggler	entity-page	1	1	no			wiki:Category:Web_Enhancements
3428	Cuy'val_Dar_Sergeant	Cuy'val Dar Sergeant	entity-page	1	1	no			wiki:Category:Web_Enhancements
3429	Cade_Skywalker,_Bounty_Hunter	Cade Skywalker, Bounty Hunter	entity-page	1	1	no			wiki:Category:Web_Enhancements
3430	Deliah_Blue,_Bounty_Hunter	Deliah Blue, Bounty Hunter	entity-page	1	1	no			wiki:Category:Web_Enhancements
3431	Dug_Fringer	Dug Fringer	entity-page	1	1	no			wiki:Category:Web_Enhancements
3432	Bothan_Commando	Bothan Commando	entity-page	1	1	no	wiki:Bothan	variant-name(-1)	wiki:Category:Web_Enhancements
3433	Chiss_Mercenary	Chiss Mercenary	entity-page	1	1	no	wiki:Chiss	variant-name(-1)	wiki:Category:Web_Enhancements
3434	CorSec_Officer	CorSec Officer	entity-page	1	1	no			wiki:Category:Web_Enhancements
3435	Peace_Brigade_Thug	Peace Brigade Thug	entity-page	1	1	no			wiki:Category:Web_Enhancements
3436	Praetorite_Vong_Priest	Praetorite Vong Priest	entity-page	1	1	no			wiki:Category:Web_Enhancements
3437	The_Praetorite_Vong	The Praetorite Vong	rules-term	1	1	no			wiki:Category:Web_Enhancements
3438	Yuuzhan_Vong_Shaper	Yuuzhan Vong Shaper	entity-page	1	1	no	wiki:Yuuzhan_Vong	variant-name(-1)	wiki:Category:Web_Enhancements
3439	Revan's_Armor	Revan's Armor	entity-page	1	1	no			wiki:Category:Web_Enhancements
3440	Miniaturized_Self-Destruct_System	Miniaturized Self-Destruct System	entity-page	1	1	no			wiki:Category:Web_Enhancements
3441	Imperial_Shadow_Guard_Initiate	Imperial Shadow Guard Initiate	entity-page	1	1	no			wiki:Category:Web_Enhancements
3442	Rebel_Vanguard	Rebel Vanguard	entity-page	1	1	no			wiki:Category:Web_Enhancements
3443	Juno_Eclipse,_Imperial_Graduate	Juno Eclipse, Imperial Graduate	entity-page	1	1	no			wiki:Category:Web_Enhancements
3444	Star_Destroyer_Officer	Star Destroyer Officer	entity-page	1	1	no			wiki:Category:Web_Enhancements
3445	Wookiee_Warrior	Wookiee Warrior	entity-page	1	1	no	wiki:Wookiee	variant-name(-1)	wiki:Category:Web_Enhancements
3446	Wedge_Antilles,_Red_Two	Wedge Antilles, Red Two	entity-page	1	1	no			wiki:Category:Web_Enhancements
3447	Luke's_Snowspeeder	Luke's Snowspeeder	entity-page	1	1	no			wiki:Category:Web_Enhancements
3448	Amani_Scout	Amani Scout	entity-page	1	1	no	wiki:Amani	variant-name(-1)	wiki:Category:Web_Enhancements
3449	Two-Onebee	Two-Onebee	entity-page	1	1	no			wiki:Category:Web_Enhancements
3450	Aims	Aims	entity-page	1	1	no			wiki:Category:Web_Enhancements
3451	Readied_Actions	Readied Actions	entity-page	1	1	no			wiki:Category:Web_Enhancements
3452	Major_Transgressions	Major Transgressions	entity-page	1	1	no			wiki:Category:Web_Enhancements
3453	Moderate_Transgressions	Moderate Transgressions	entity-page	1	1	no			wiki:Category:Web_Enhancements
3454	Minor_Transgressions	Minor Transgressions	entity-page	1	1	no			wiki:Category:Web_Enhancements
3455	Weapon_Focus_(Bowcaster)	Weapon Focus (Bowcaster)	entity-page	1	1	no	wiki:Weapon_Focus	variant-name(-1)	wiki:Category:Web_Enhancements
3456	FastFlesh_Medpacs	FastFlesh Medpacs	entity-page	1	1	no			wiki:Category:Web_Enhancements
3457	Imperial-Class_Star_Destroyer	Imperial-Class Star Destroyer	entity-page	1	1	no			wiki:Category:Web_Enhancements
3458	AT-STs	AT-STs	entity-page	1	1	no			wiki:Category:Web_Enhancements
3459	Nonstandard_Modifications	Nonstandard Modifications	entity-page	1	1	no			wiki:Category:Web_Enhancements
3460	Dark_Presence	Dark Presence	entity-page	1	1	no			wiki:Category:Web_Enhancements
3461	Force_Tradition_Talents	Force Tradition Talents	entity-page	1	1	no	wiki:Force_Traditions	variant-name(-1)	wiki:Category:Web_Enhancements
3462	Improved_Concealment	Improved Concealment	entity-page	1	1	no			wiki:Category:Web_Enhancements
3463	Force_Fortification	Force Fortification	entity-page	1	1	no	wiki:The_Force	variant-name(-1)	wiki:Category:Web_Enhancements
3464	Bullseye	Bullseye	entity-page	1	1	no			wiki:Category:Web_Enhancements
3465	Debilitating_Shot	Debilitating Shot	entity-page	1	1	no			wiki:Category:Web_Enhancements
3466	Flamethrowers	Flamethrowers	entity-page	1	1	no			wiki:Category:Web_Enhancements
3467	Enhanced_Strength	Enhanced Strength	entity-page	1	1	no			wiki:Category:Web_Enhancements
3468	Mind_Tricking	Mind Tricking	entity-page	1	1	no			wiki:Category:Web_Enhancements
3469	Double_Attack_(Simple_Weapons)	Double Attack (Simple Weapons)	entity-page	1	1	no			wiki:Category:Web_Enhancements
3470	Attune_Armor	Attune Armor	entity-page	1	1	no			wiki:Category:Web_Enhancements
3471	Second_Skin	Second Skin	entity-page	1	1	no			wiki:Category:Web_Enhancements
3472	Protective_Armor	Protective Armor	entity-page	1	1	no			wiki:Category:Web_Enhancements
3473	Energy_Cells	Energy Cells	entity-page	1	1	no			wiki:Category:Web_Enhancements
3474	Holorecorder	Holorecorder	entity-page	1	1	no			wiki:Category:Web_Enhancements
3475	Falling_Object	Falling Object	entity-page	1	1	no			wiki:Category:Web_Enhancements
3476	Weapon_Sizes	Weapon Sizes	entity-page	1	1	no	wiki:Category:Weapons	variant-name(-1)	wiki:Category:Web_Enhancements
3477	Dual_Geared	Dual Geared	entity-page	1	1	no			wiki:Category:Web_Enhancements
3478	Slave_Circuitry	Slave Circuitry	entity-page	1	1	no			wiki:Category:Web_Enhancements
3479	Readying	Readying	entity-page	1	1	no			wiki:Category:Web_Enhancements
3480	Aiding_Another	Aiding Another	entity-page	1	1	no			wiki:Category:Web_Enhancements
3481	Tripping	Tripping	entity-page	1	1	no			wiki:Category:Web_Enhancements
3482	Use_the_Mount_as_Cover	Use the Mount as Cover	entity-page	1	1	no			wiki:Category:Web_Enhancements
3483	Using_the_Mount_as_Cover	Using the Mount as Cover	entity-page	1	1	no			wiki:Category:Web_Enhancements
3484	Recharging_Shields	Recharging Shields	entity-page	1	1	no			wiki:Category:Web_Enhancements
3485	Medium_Blaster_Cannon	Medium Blaster Cannon	entity-page	1	1	no			wiki:Category:Web_Enhancements
3486	Medium_Laser_Cannon	Medium Laser Cannon	entity-page	1	1	no			wiki:Category:Web_Enhancements
3487	Citadel-Class_Cruiser	Citadel-Class Cruiser	entity-page	1	1	no			wiki:Category:Web_Enhancements
3488	Medium_Laser_Cannons	Medium Laser Cannons	entity-page	1	1	no			wiki:Category:Web_Enhancements
3489	Medium_Ion_Cannons	Medium Ion Cannons	entity-page	1	1	no			wiki:Category:Web_Enhancements
3490	Z-95_Headhunter	Z-95 Headhunter	entity-page	1	1	no			wiki:Category:Web_Enhancements
3491	Light_Turbolaser	Light Turbolaser	entity-page	1	1	no			wiki:Category:Web_Enhancements
3492	Light_Turbolasers	Light Turbolasers	entity-page	1	1	no			wiki:Category:Web_Enhancements
3493	Autoblasters	Autoblasters	entity-page	1	1	no			wiki:Category:Web_Enhancements
3494	Bounty_Hunter_Talents	Bounty Hunter Talents	entity-page	1	1	no	wiki:Bounty_Hunter	variant-name(-1)	wiki:Category:Web_Enhancements
3495	Scout_Talents	Scout Talents	entity-page	1	1	no	wiki:Scout	variant-name(-1)	wiki:Category:Web_Enhancements
3496	Maiming_Foes	Maiming Foes	entity-page	1	1	no			wiki:Category:Web_Enhancements
3497	Mechanics_Untrained	Mechanics Untrained	entity-page	1	1	no			wiki:Category:Web_Enhancements
3498	Barter	Barter	entity-page	1	1	no			wiki:Category:Web_Enhancements
3499	Lucky_Shot	Lucky Shot	entity-page	1	1	no			wiki:Category:Web_Enhancements
3500	Improved_Stealth	Improved Stealth	entity-page	1	1	no			wiki:Category:Web_Enhancements
3501	Gimmick	Gimmick	entity-page	1	1	no			wiki:Category:Web_Enhancements
3502	Master_Slicer	Master Slicer	entity-page	1	1	no			wiki:Category:Web_Enhancements
3503	Inspire_Fear_I	Inspire Fear I	entity-page	1	1	no	wiki:Inspire	variant-name(-2)	wiki:Category:Web_Enhancements
3504	Inspire_Fear_II	Inspire Fear II	entity-page	1	1	no	wiki:Inspire	variant-name(-2)	wiki:Category:Web_Enhancements
3505	Inspire_Fear_III	Inspire Fear III	entity-page	1	1	no	wiki:Inspire	variant-name(-2)	wiki:Category:Web_Enhancements
3506	Embrace_the_Dark_Side	Embrace the Dark Side	entity-page	1	1	no			wiki:Category:Web_Enhancements
3507	Greater_Devastating_Attack	Greater Devastating Attack	entity-page	1	1	no			wiki:Category:Web_Enhancements
3508	Nowhere_to_Hide	Nowhere to Hide	entity-page	1	1	no			wiki:Category:Web_Enhancements
3509	Tactical_Edge	Tactical Edge	entity-page	1	1	no			wiki:Category:Web_Enhancements
3510	Juke	Juke	entity-page	1	1	no			wiki:Category:Web_Enhancements
3511	Deployment_Tactics	Deployment Tactics	entity-page	1	1	no			wiki:Category:Web_Enhancements
3512	Shift_Defense_I	Shift Defense I	entity-page	1	1	no			wiki:Category:Web_Enhancements
3513	Shift_Defense_II	Shift Defense II	entity-page	1	1	no			wiki:Category:Web_Enhancements
3514	Shift_Defense_III	Shift Defense III	entity-page	1	1	no			wiki:Category:Web_Enhancements
3515	Gambler	Gambler	entity-page	1	1	no			wiki:Category:Web_Enhancements
3516	Clear_Mind	Clear Mind	entity-page	1	1	no			wiki:Category:Web_Enhancements
3517	Charm_Beast	Charm Beast	entity-page	1	1	no			wiki:Category:Web_Enhancements
3518	Skill_Focus_(Jump)	Skill Focus (Jump)	rules-term	1	1	no	wiki:Skill_Focus	variant-name(-1)	wiki:Category:Web_Enhancements
3519	Expert_Tracker	Expert Tracker	entity-page	1	1	no			wiki:Category:Web_Enhancements
3520	Disciplined_Strike	Disciplined Strike	entity-page	1	1	no			wiki:Category:Web_Enhancements
3521	Telekinetic_Power	Telekinetic Power	entity-page	1	1	no			wiki:Category:Web_Enhancements
3522	Sprint	Sprint	entity-page	1	1	no			wiki:Category:Web_Enhancements
3523	Tauntauns	Tauntauns	entity-page	1	1	no			wiki:Category:Web_Enhancements
3524	Training	Training	entity-page	1	1	no			wiki:Category:Web_Enhancements
3525	Reprogram_Droid	Reprogram Droid	entity-page	1	1	no			wiki:Category:Web_Enhancements
3526	Locked_Access	Locked Access	entity-page	1	1	no			wiki:Category:Web_Enhancements
3527	R2-Series_Astromech_Droids	R2-Series Astromech Droids	entity-page	1	1	no			wiki:Category:Web_Enhancements
3528	Readies	Readies	entity-page	1	1	no			wiki:Category:Web_Enhancements
3529	Recovering	Recovering	entity-page	1	1	no			wiki:Category:Web_Enhancements
3530	Vibro-Axes	Vibro-Axes	entity-page	1	1	no			wiki:Category:Web_Enhancements
3531	181st_Imperial_Pilot	181st Imperial Pilot	entity-page	1	1	no			wiki:Category:Web_Enhancements
3532	181st_TIE_Interceptor	181st TIE Interceptor	entity-page	1	1	no			wiki:Category:Web_Enhancements
3533	TIE_Interceptor	TIE Interceptor	entity-page	1	1	no			wiki:Category:Web_Enhancements
3534	Inquisitor_Valin_Draco	Inquisitor Valin Draco	entity-page	1	1	no			wiki:Category:Web_Enhancements
3535	Soontir_Fel	Soontir Fel	entity-page	1	1	no			wiki:Category:Web_Enhancements
3536	Sylvar	Sylvar	entity-page	1	1	no			wiki:Cathar
3537	Celegia	Celegia	entity-page	1	1	no			wiki:Celegian
3538	Chad	Chad	entity-page	1	1	no			wiki:Chadra-Fan
3539	Jury-Rigs	Jury-Rigs	entity-page	1	1	no			wiki:Chadra-Fan
3540	File:Character_Sheet.pdf	File:Character Sheet.pdf	image	1	1	no			wiki:Character_Sheet
3541	File:Character_Sheet(alt).pdf	File:Character Sheet(alt).pdf	image	1	1	no			wiki:Character_Sheet
3542	File:Vehicle_Sheet.pdf	File:Vehicle Sheet.pdf	image	1	1	no			wiki:Character_Sheet
3543	File:Character_Sheet(MI).pdf	File:Character Sheet(MI).pdf	image	1	1	no			wiki:Character_Sheet
3544	Cross_Difficult_Terrain	Cross Difficult Terrain	entity-page	1	1	no			wiki:Charge
3545	Charlatan_Talent_Trees	Charlatan Talent Trees	entity-page	1	1	no	wiki:Charlatan	variant-name(-2)	wiki:Charlatan
3546	Pick_Pocket	Pick Pocket	entity-page	1	1	no			wiki:Charlatan
3547	Follow_Through	Follow Through	entity-page	1	1	yes			wiki:Cleave
3548	Misplaced_Loyalty	Misplaced Loyalty	entity-page	1	1	no			wiki:Collaborator_Talent_Tree
3549	Bonuses_and_Penalties	Bonuses and Penalties	entity-page	1	1	no			wiki:Combat
3550	Attack_Leaders	Attack Leaders	entity-page	1	1	no	wiki:Attacks	variant-name(-1)	wiki:Combat
3551	Field_Commanders	Field Commanders	entity-page	1	1	no			wiki:Combat
3552	Battalion_Template	Battalion Template	entity-page	1	1	no			wiki:Combat
3553	Communications_Officer	Communications Officer	entity-page	1	1	no			wiki:Combat
3554	Medical_Officer	Medical Officer	entity-page	1	1	no			wiki:Combat
3555	Initiative_Actions	Initiative Actions	entity-page	1	1	no			wiki:Combat_Sequence
3556	Forced_March	Forced March	entity-page	1	1	no			wiki:Conditions
3557	Death	Death	entity-page	1	1	no			wiki:Conditions
3558	Hunger	Hunger	entity-page	1	1	no			wiki:Conditions
3559	Corporate_Agent_Talent_Trees	Corporate Agent Talent Trees	entity-page	1	1	no	wiki:Corporate_Agent	variant-name(-2)	wiki:Corporate_Agent
3560	Crime_Lord_Talent_Trees	Crime Lord Talent Trees	entity-page	1	1	no	wiki:Crime_Lord	variant-name(-2)	wiki:Crime_Lord
3561	Cybernetic_Rejection	Cybernetic Rejection	entity-page	1	1	no			wiki:Cybernetic_Prosthesis
3562	Universal_Upgrades	Universal Upgrades	entity-page	1	1	no			wiki:Cybernetic_Prosthesis
3563	Cloaked	Cloaked	entity-page	1	1	no			wiki:Cybernetic_Prosthesis
3564	Extra_Power_Source	Extra Power Source	entity-page	1	1	no			wiki:Cybernetic_Prosthesis
3565	Secret_Compartment	Secret Compartment	entity-page	1	1	no			wiki:Cybernetic_Prosthesis
3566	Storage_Capacity	Storage Capacity	entity-page	1	1	no			wiki:Cybernetic_Prosthesis
3567	Droid_System	Droid System	rules-term	1	1	no			wiki:Cyborg_Hybrid
3568	Greater_Force_Talisman	Greater Force Talisman	entity-page	1	1	no			wiki:Dark_Side_Devotee_Talent_Tree
3569	Urkupp	Urkupp	entity-page	1	1	no			wiki:Dashade
3570	Beastwarden_Charm_Beast	Beastwarden Charm Beast	entity-page	1	1	no			wiki:Dathomiri_Witch_Talent_Tree
3571	Favorable_and_Unfavorable_Circumstances	Favorable and Unfavorable Circumstances	entity-page	1	1	no			wiki:Deception
3572	Vehicle_Size	Vehicle Size	rules-term	1	1	no	wiki:Category:Vehicles	variant-name(-1)	wiki:Defenses
3573	Super_Star_Destroyer	Super Star Destroyer	entity-page	1	1	no			wiki:Defenses
3574	The_Tantive_IV	The Tantive IV	rules-term	1	1	no			wiki:Defenses
3575	Corellian_YT-1300_Transport	Corellian YT-1300 Transport	entity-page	1	1	no			wiki:Defenses
3576	Redemption	Redemption	entity-page	1	1	no			wiki:Destiny
3577	Rescue	Rescue	entity-page	1	1	no			wiki:Destiny
3578	Creation	Creation	entity-page	1	1	no			wiki:Destiny
3579	Liberation	Liberation	entity-page	1	1	no			wiki:Destiny
3580	A-Wing	A-Wing	entity-page	1	1	no			wiki:Destiny
3581	Anakin_Solo's_Lightsaber	Anakin Solo's Lightsaber	entity-page	1	1	no			wiki:Destiny
3582	Lambent_Crystal	Lambent Crystal	entity-page	1	1	no			wiki:Destiny
3583	Boba_Fett's_Mandalorian_Armor	Boba Fett's Mandalorian Armor	entity-page	1	1	no			wiki:Destiny
3584	Chewbacca's_Bowcaster	Chewbacca's Bowcaster	entity-page	1	1	no			wiki:Destiny
3585	Emperor_Palpatine's_Lightsaber	Emperor Palpatine's Lightsaber	entity-page	1	1	no			wiki:Destiny
3586	Han_Solo's_Heavy_Blaster_Pistol	Han Solo's Heavy Blaster Pistol	entity-page	1	1	no			wiki:Destiny
3587	Luke_Skywalker's_Lightsaber	Luke Skywalker's Lightsaber	entity-page	1	1	no			wiki:Destiny
3588	Drain_Energy	Drain Energy	entity-page	1	1	yes			wiki:Force_Powers
3589	Force_Blind	Force Blind	entity-page	1	1	yes	wiki:The_Force	variant-name(-1)	wiki:Force_Powers
3590	Falling_Avalanche	Falling Avalanche	entity-page	1	1	yes			wiki:Force_Powers
3591	Fluid_Riposte	Fluid Riposte	entity-page	1	1	yes			wiki:Force_Powers
3592	The_Disciples_of_Ragnos	The Disciples of Ragnos	rules-term	1	1	no			wiki:Force_Traditions
3593	The_Sable_Dawn	The Sable Dawn	rules-term	1	1	no			wiki:Force_Traditions
3594	The_Blackguard	The Blackguard	rules-term	1	1	no			wiki:Force_Traditions
3595	The_Shadow_Academy	The Shadow Academy	rules-term	1	1	no			wiki:Force_Traditions
3596	Keep_it_Together	Keep it Together	entity-page	1	1	no			wiki:Fringer_Talent_Tree
3597	Diagonal_Movement	Diagonal Movement	entity-page	1	1	no			wiki:Fringer_Talent_Tree
3598	Category:Bespin_Beasts	Category:Bespin Beasts	category-index	1	1	no			wiki:Galactic_Gazetteer
3599	Category:Coruscant_Beasts	Category:Coruscant Beasts	category-index	1	1	no			wiki:Galactic_Gazetteer
3600	Category:Dac_Beasts	Category:Dac Beasts	category-index	1	1	no			wiki:Galactic_Gazetteer
3601	Category:Endor_Beasts	Category:Endor Beasts	category-index	1	1	no			wiki:Galactic_Gazetteer
3602	Category:Gamorr_Beasts	Category:Gamorr Beasts	category-index	1	1	no			wiki:Galactic_Gazetteer
3603	Category:Kashyyyk_Beasts	Category:Kashyyyk Beasts	category-index	1	1	no			wiki:Galactic_Gazetteer
3604	Category:Naboo_Beasts	Category:Naboo Beasts	category-index	1	1	no			wiki:Galactic_Gazetteer
3605	Category:Ryloth_Beasts	Category:Ryloth Beasts	category-index	1	1	no			wiki:Galactic_Gazetteer
3606	Category:Tatooine_Beasts	Category:Tatooine Beasts	category-index	1	1	no			wiki:Galactic_Gazetteer
3607	Category:Corellia_Beasts	Category:Corellia Beasts	category-index	1	1	no			wiki:Galactic_Gazetteer
3608	Category:Kessel_Beasts	Category:Kessel Beasts	category-index	1	1	no			wiki:Galactic_Gazetteer
3609	Ord_Adinorr	Ord Adinorr	entity-page	1	1	no			wiki:Galactic_Gazetteer
3610	Category:Point_Nadir_Beasts	Category:Point Nadir Beasts	category-index	1	1	no			wiki:Galactic_Gazetteer
3611	Category:Dagobah_Beasts	Category:Dagobah Beasts	category-index	1	1	no			wiki:Galactic_Gazetteer
3612	Category:Dxun_Beasts	Category:Dxun Beasts	category-index	1	1	no			wiki:Galactic_Gazetteer
3613	Bouncers	Bouncers	entity-page	1	1	no			wiki:Galactic_Gazetteer
3614	Ruusanians	Ruusanians	entity-page	1	1	no			wiki:Galactic_Gazetteer
3615	Category:Yavin_4_Beasts	Category:Yavin 4 Beasts	category-index	1	1	no			wiki:Galactic_Gazetteer
3616	Pleida	Pleida	entity-page	1	1	no			wiki:Galactic_Gazetteer
3617	U-One	U-One	entity-page	1	1	no			wiki:Galactic_Gazetteer
3618	Category:Nyriaan_Beasts	Category:Nyriaan Beasts	category-index	1	1	no			wiki:Galactic_Gazetteer
3619	Secava	Secava	entity-page	1	1	no			wiki:Galactic_Gazetteer
3620	Category:Almas_Beasts	Category:Almas Beasts	category-index	1	1	no			wiki:Galactic_Gazetteer
3621	Category:Prakith_Beasts	Category:Prakith Beasts	category-index	1	1	no			wiki:Galactic_Gazetteer
3622	Category:Nizon_Beasts	Category:Nizon Beasts	category-index	1	1	no			wiki:Galactic_Gazetteer
3623	Creature_Generator	Creature Generator	entity-page	1	1	no			wiki:Galactic_Gazetteer
3624	Line_of_Effect	Line of Effect	entity-page	1	1	no			wiki:Gambling_Leader_Talent_Tree
3625	Garbage_Compactor	Garbage Compactor	entity-page	1	1	no			wiki:Gamemastering
3626	Clone_Commander	Clone Commander	entity-page	1	1	no			wiki:Gamemastering
3627	Crime_Lord_(CL_8)	Crime Lord (CL 8)	entity-page	1	1	no	wiki:Crime_Lord	variant-name(-2)	wiki:Gamemastering
3628	Assassins_(CL_5)	Assassins (CL 5)	entity-page	1	1	no			wiki:Gamemastering
3629	Gand_Weapons	Gand Weapons	entity-page	1	1	no	wiki:Gand	variant-name(-1)	wiki:Gand
3630	Arkanian_General_Template	Arkanian General Template	entity-page	1	1	no	wiki:Arkanian	variant-name(-2)	wiki:Gear_Templates
3631	Cinnagaran_General_Template	Cinnagaran General Template	entity-page	1	1	no			wiki:Gear_Templates
3632	Echani_General_Template	Echani General Template	entity-page	1	1	no			wiki:Gear_Templates
3633	GenoHaradan_General_Template	GenoHaradan General Template	entity-page	1	1	no	wiki:The_GenoHaradan	variant-name(-2)	wiki:Gear_Templates
3634	Iridonian_General_Template	Iridonian General Template	entity-page	1	1	no			wiki:Gear_Templates
3635	Krath_General_Template	Krath General Template	entity-page	1	1	no	wiki:The_Krath	variant-name(-2)	wiki:Gear_Templates
3636	Mandalorian_General_Template	Mandalorian General Template	entity-page	1	1	no	wiki:The_Mandalorians	variant-name(-2)	wiki:Gear_Templates
3637	Massassi_General_Template	Massassi General Template	entity-page	1	1	no	wiki:Massassi	variant-name(-2)	wiki:Gear_Templates
3638	Verpine_General_Template	Verpine General Template	entity-page	1	1	no	wiki:Verpine	variant-name(-2)	wiki:Gear_Templates
3639	Baragwin_Weapon_Template	Baragwin Weapon Template	entity-page	1	1	no			wiki:Gear_Templates
3640	Dashade_Weapon_Template	Dashade Weapon Template	entity-page	1	1	no	wiki:Dashade	variant-name(-2)	wiki:Gear_Templates
3641	Gand_Weapon_Template	Gand Weapon Template	entity-page	1	1	no	wiki:Gand	variant-name(-2)	wiki:Gear_Templates
3642	Quick_Draw_Weapon_Template	Quick Draw Weapon Template	entity-page	1	1	no	wiki:Quick_Draw	variant-name(-2)	wiki:Gear_Templates
3643	Bonadan-Alloy_Armor_Template	Bonadan-Alloy Armor Template	entity-page	1	1	no			wiki:Gear_Templates
3644	Bronzium_Cast_Armor_Template	Bronzium Cast Armor Template	entity-page	1	1	no			wiki:Gear_Templates
3645	Durasteel_Cast_Armor_Template	Durasteel Cast Armor Template	entity-page	1	1	no			wiki:Gear_Templates
3646	Environmental_Bastion_Armor_Template	Environmental Bastion Armor Template	entity-page	1	1	no			wiki:Gear_Templates
3647	Eriadun_Armor_Template	Eriadun Armor Template	entity-page	1	1	no			wiki:Gear_Templates
3648	Unreliable_Vehicle_Template	Unreliable Vehicle Template	entity-page	1	1	no			wiki:Gear_Templates
3649	Shaped_Beast_Template	Shaped Beast Template	entity-page	1	1	no			wiki:Gear_Templates
3650	Vongspawn_Beast_Template	Vongspawn Beast Template	entity-page	1	1	no			wiki:Gear_Templates
3651	Dark_Side_Spirit_Template	Dark Side Spirit Template	entity-page	1	1	no			wiki:Gear_Templates
3652	Age_Category	Age Category	entity-page	1	1	no			wiki:Gen'Dai
3653	Pocket_Scrambler	Pocket Scrambler	entity-page	1	1	no			wiki:General_Equipment
3654	Vox-Box	Vox-Box	entity-page	1	1	no			wiki:General_Equipment
3655	Datacard	Datacard	entity-page	1	1	no			wiki:General_Equipment
3656	Flight_Suit	Flight Suit	entity-page	1	1	no			wiki:General_Equipment
3657	Chain	Chain	entity-page	1	1	no			wiki:General_Equipment
3658	Ration_Pack	Ration Pack	entity-page	1	1	no			wiki:General_Equipment
3659	Syntherope	Syntherope	entity-page	1	1	no			wiki:General_Equipment
3660	Fire_Extinguisher	Fire Extinguisher	entity-page	1	1	no			wiki:General_Equipment
3661	Bandolier	Bandolier	entity-page	1	1	no			wiki:General_Equipment
3662	Energy-Binding_Prosthesis	Energy-Binding Prosthesis	entity-page	1	1	no			wiki:General_Equipment
3663	Tempest	Tempest	entity-page	1	1	no			wiki:General_Equipment
3664	Death_Sticks	Death Sticks	entity-page	1	1	no			wiki:General_Equipment
3665	Natural_Armor_Bio-Implant	Natural Armor Bio-Implant	entity-page	1	1	no	wiki:Category:Natural	variant-name(-3)	wiki:General_Equipment
3666	Natural_Weapon_Bio-Implant	Natural Weapon Bio-Implant	entity-page	1	1	no	wiki:Category:Natural	variant-name(-3)	wiki:General_Equipment
3667	Poison_Filter	Poison Filter	entity-page	1	1	no	wiki:Category:Poison	variant-name(-1)	wiki:General_Equipment
3668	8-2A_Medical_Bundle	8-2A Medical Bundle	entity-page	1	1	no			wiki:General_Equipment
3669	Force_Detector	Force Detector	entity-page	1	1	no	wiki:The_Force	variant-name(-1)	wiki:General_Equipment
3670	Force_Training_Aid	Force Training Aid	entity-page	1	1	no	wiki:Force_Training	variant-name(-1)	wiki:General_Equipment
3671	Sith_Battle_Harness	Sith Battle Harness	entity-page	1	1	no	wiki:The_Sith	variant-name(-2)	wiki:General_Equipment
3672	Sith_Talisman	Sith Talisman	entity-page	1	1	no	wiki:The_Sith	variant-name(-1)	wiki:General_Equipment
3673	Subelectronic_Converter	Subelectronic Converter	entity-page	1	1	no			wiki:General_Equipment
3674	Universal_Energy_Cage	Universal Energy Cage	entity-page	1	1	no			wiki:General_Equipment
3675	Instantly_Fusing_Attachment_Disk	Instantly Fusing Attachment Disk	entity-page	1	1	no			wiki:General_Equipment
3676	Anti-Rad_Dose	Anti-Rad Dose	entity-page	1	1	no			wiki:General_Equipment
3677	Borg_Construct_AJ-6	Borg Construct AJ-6	entity-page	1	1	no			wiki:General_Equipment
3678	Camouflage_Poncho	Camouflage Poncho	entity-page	1	1	no			wiki:General_Equipment
3679	Communication_Scanner	Communication Scanner	entity-page	1	1	no			wiki:General_Equipment
3680	Com_Scrambler	Com Scrambler	entity-page	1	1	no			wiki:General_Equipment
3681	Cryogenic_Pouch	Cryogenic Pouch	entity-page	1	1	no			wiki:General_Equipment
3682	Droid_Diagnostic	Droid Diagnostic	rules-term	1	1	no			wiki:General_Equipment
3683	Field_Food_Processor	Field Food Processor	entity-page	1	1	no			wiki:General_Equipment
3684	Infrared_Sensor_Eye	Infrared Sensor Eye	entity-page	1	1	no			wiki:General_Equipment
3685	Personal_Field_Shelter	Personal Field Shelter	entity-page	1	1	no			wiki:General_Equipment
3686	Plasma_Bridge	Plasma Bridge	entity-page	1	1	no			wiki:General_Equipment
3687	Plasma_Portal_Cutter	Plasma Portal Cutter	entity-page	1	1	no			wiki:General_Equipment
3688	Radiation_Detector	Radiation Detector	entity-page	1	1	no			wiki:General_Equipment
3689	Sensory_Enhancement	Sensory Enhancement	entity-page	1	1	no			wiki:General_Equipment
3690	Skeletal_Reinforcement	Skeletal Reinforcement	entity-page	1	1	no			wiki:General_Equipment
3691	Targeting_Beacon	Targeting Beacon	entity-page	1	1	no			wiki:General_Equipment
3692	Targeting_Eye	Targeting Eye	entity-page	1	1	no			wiki:General_Equipment
3693	Telescopic_Eye	Telescopic Eye	entity-page	1	1	no			wiki:General_Equipment
3694	Tightbeam_Comlink	Tightbeam Comlink	entity-page	1	1	no			wiki:General_Equipment
3695	Tremor_Sensor	Tremor Sensor	entity-page	1	1	no			wiki:General_Equipment
3696	Triangulation_Visor	Triangulation Visor	entity-page	1	1	no			wiki:General_Equipment
3697	Vacuum_Survival_Pouch	Vacuum Survival Pouch	entity-page	1	1	no			wiki:General_Equipment
3698	LeisureMech_Enterprises_Personal_Droid	LeisureMech Enterprises Personal Droid	entity-page	1	1	no			wiki:General_Equipment
3699	Nyriaan_Spice	Nyriaan Spice	entity-page	1	1	no			wiki:General_Equipment
3700	Tempest's_Blessing	Tempest's Blessing	entity-page	1	1	no			wiki:General_Equipment
3701	Backpack	Backpack	entity-page	1	1	no			wiki:General_Equipment
3702	Nutrition_Paste	Nutrition Paste	entity-page	1	1	no			wiki:General_Equipment
3703	Shadow_Crown	Shadow Crown	entity-page	1	1	no			wiki:General_Equipment
3704	Healing_Stimulant	Healing Stimulant	entity-page	1	1	no			wiki:General_Equipment
3705	Gladiatorial_Combat_Circuits	Gladiatorial Combat Circuits	entity-page	1	1	no			wiki:Gladiator
3706	Gladiator_Talent_Trees	Gladiator Talent Trees	entity-page	1	1	no	wiki:Gladiator	variant-name(-2)	wiki:Gladiator
3707	Exotic_Weapon_Proficiency_(Shyarn)	Exotic Weapon Proficiency (Shyarn)	entity-page	1	1	no	wiki:Category:Exotic_Weapons	variant-name(-2)	wiki:Gladiatorial_Combat_Talent_Tree
3708	Weapon_Focus_(Shyarn)	Weapon Focus (Shyarn)	entity-page	1	1	no	wiki:Weapon_Focus	variant-name(-1)	wiki:Gladiatorial_Combat_Talent_Tree
3709	Hok	Hok	entity-page	1	1	no			wiki:Gran
3710	Grappling_Feat	Grappling Feat	entity-page	1	1	no			wiki:Grapple
3711	Attack_an_Object	Attack an Object	entity-page	1	1	no	wiki:Attacks	variant-name(-2)	wiki:Grapple_Resistance
3712	Flash_Canister	Flash Canister	entity-page	1	1	no			wiki:Grenades
3713	Radiation_Grenade	Radiation Grenade	entity-page	1	1	no			wiki:Grenades
3714	Smoke_Grenade	Smoke Grenade	entity-page	1	1	no			wiki:Grenades
3715	Weapon_Focus_(Pistols)	Weapon Focus (Pistols)	entity-page	1	1	no	wiki:Weapon_Focus	variant-name(-1)	wiki:Gunslinger_Talent_Tree
3716	Armored_Space_Suit	Armored Space Suit	entity-page	1	1	no			wiki:Heavy_Armor
3717	Weapon_Emplacement	Weapon Emplacement	entity-page	1	1	no	wiki:Category:Weapons	variant-name(-1)	wiki:Heavy_Hitter
3718	Light_Concussion_Missile_Launcher	Light Concussion Missile Launcher	entity-page	1	1	no			wiki:Heavy_Weapons
3719	Tactical_Tractor_Beam	Tactical Tractor Beam	entity-page	1	1	no			wiki:Heavy_Weapons
3720	Arc	Arc	entity-page	1	1	no			wiki:Heavy_Weapons
3721	Martial_Arts_Feat	Martial Arts Feat	entity-page	1	1	no			wiki:Heroic_Classes
3722	Hijkata_Expertise	Hijkata Expertise	entity-page	1	1	no			wiki:Hijkata_Training
3723	Disbands	Disbands	entity-page	1	1	no			wiki:Hit_Points
3724	Attrition	Attrition	entity-page	1	1	no			wiki:Hit_Points
3725	Used_Starship	Used Starship	entity-page	1	1	no			wiki:Hit_Points
3726	Long-Term_Care	Long-Term Care	entity-page	1	1	no			wiki:Hit_Points
3727	Hyperspace_Navigation_Challenges	Hyperspace Navigation Challenges	entity-page	1	1	no			wiki:Hyperblazer
3728	Snipe	Snipe	entity-page	1	1	no			wiki:Hyperspace_Explorer_Talent_Tree
3729	Unfavorable_Circumstances	Unfavorable Circumstances	entity-page	1	1	no			wiki:Hyperspace_Explorer_Talent_Tree
3730	Lead_by_Example	Lead by Example	entity-page	1	1	no			wiki:Ideologue_Talent_Tree
3731	Intimidating	Intimidating	entity-page	1	1	no			wiki:Imperial_Inquisitor_Talent_Tree
3732	Imperial_Knight_Talent_Trees	Imperial Knight Talent Trees	entity-page	1	1	no	wiki:Imperial_Knight	variant-name(-2)	wiki:Imperial_Knight
3733	Commanding	Commanding	entity-page	1	1	no			wiki:Improved_Defenses
3734	Behavioral_Inhibitors	Behavioral Inhibitors	entity-page	1	1	no			wiki:Independent_Droid
3735	Restraining_Bolts	Restraining Bolts	entity-page	1	1	no			wiki:Independent_Droid
3736	Independent_Droid_Talent_Trees	Independent Droid Talent Trees	entity-page	1	1	no	wiki:Independent_Droid	variant-name(-2)	wiki:Independent_Droid
3737	Droid_Degree	Droid Degree	rules-term	1	1	no			wiki:Independent_Droid
3738	Infiltrator_Talent_Trees	Infiltrator Talent Trees	entity-page	1	1	no	wiki:Infiltrator	variant-name(-2)	wiki:Infiltrator
3739	T-65B_X-Wing_Starfighter	T-65B X-Wing Starfighter	entity-page	1	1	no			wiki:Influence_Talent_Tree
3740	The_Old_Republic_Ear	The Old Republic Ear	rules-term	1	1	no			wiki:Introduction
3741	Star_Wars_Miniatures	Star Wars Miniatures	entity-page	1	1	no			wiki:Introduction
3742	Ion_Pistols	Ion Pistols	entity-page	1	1	no			wiki:Ion_Damage
3743	Ion_Rifles	Ion Rifles	entity-page	1	1	no			wiki:Ion_Damage
3744	Skill_Focus_(Knowledge_(Life_Sciences))	Skill Focus (Knowledge (Life Sciences))	rules-term	1	1	no	wiki:Skill_Focus	variant-name(-3)	wiki:Ithorian
3745	Stingfly	Stingfly	entity-page	1	1	no			wiki:Jedi
3746	Jedi_Talent_Trees	Jedi Talent Trees	entity-page	1	1	no	wiki:The_Jedi	variant-name(-2)	wiki:Jedi
3747	Lightsaber_Modification	Lightsaber Modification	entity-page	1	1	no	wiki:Lightsabers	variant-name(-1)	wiki:Jedi_Artisan_Talent_Tree
3748	Electrum_Detail	Electrum Detail	entity-page	1	1	no			wiki:Jedi_Artisan_Talent_Tree
3749	Multiattack_Proficiency_(Lightsabers)	Multiattack Proficiency (Lightsabers)	entity-page	1	1	no			wiki:Jedi_Battlemaster_Talent_Tree
3750	Demand_Surrender	Demand Surrender	entity-page	1	1	no			wiki:Jedi_Consular_Talent_Tree
3751	Moves	Moves	entity-page	1	1	no			wiki:Jedi_Guardian_Talent_Tree
3752	Jedi_Knight_Talent_Trees	Jedi Knight Talent Trees	entity-page	1	1	no	wiki:Jedi_Knight	variant-name(-2)	wiki:Jedi_Knight
3753	Jedi_Covenanters	Jedi Covenanters	entity-page	1	1	no	wiki:The_Jedi	variant-name(-1)	wiki:Jedi_Shadow_Talent_Tree
3754	Shoto_Lightsaber	Shoto Lightsaber	entity-page	1	1	no			wiki:Jedi_Weapon_Master_Talent_Tree
3755	K'tara_Expertise	K'tara Expertise	entity-page	1	1	no			wiki:K'tara_Training
3756	K'thri_Expertise	K'thri Expertise	entity-page	1	1	no			wiki:K'thri_Training
3757	The_Kolkpravis	The Kolkpravis	rules-term	1	1	no			wiki:Kaleesh
3758	Deceptive_Appearances	Deceptive Appearances	entity-page	1	1	no			wiki:Keetael_Talent_Tree
3759	Taken_10	Taken 10	entity-page	1	1	no			wiki:Khil
3760	Starvation	Starvation	entity-page	1	1	no			wiki:Khil
3761	Weapon_Focus_(Siang_Lance)	Weapon Focus (Siang Lance)	entity-page	1	1	no	wiki:Weapon_Focus	variant-name(-2)	wiki:Kilian_Ranger_Talent_Tree
3762	Alsakan	Alsakan	entity-page	1	1	no			wiki:Killik
3763	Armor_Mastery	Armor Mastery	entity-page	1	1	no	wiki:Category:Armor	variant-name(-1)	wiki:Knight's_Armor_Talent_Tree
3764	Illusions	Illusions	entity-page	1	1	no			wiki:Krath_Talent_Tree
3765	Krevas	Krevas	entity-page	1	1	no			wiki:Krevaaki
3766	The_Pre-Republic_Era	The Pre-Republic Era	rules-term	1	1	no			wiki:Languages
3767	Commanding_Presence	Commanding Presence	entity-page	1	1	no			wiki:Leadership_Talent_Tree
3768	Padded_Flight_Suit	Padded Flight Suit	entity-page	1	1	no			wiki:Light_Armor
3769	Blinding_Helmet	Blinding Helmet	entity-page	1	1	no			wiki:Light_Armor
3770	Light_Jedi_Battle_Armor	Light Jedi Battle Armor	entity-page	1	1	no			wiki:Light_Armor
3771	Marine_Armor	Marine Armor	entity-page	1	1	no			wiki:Light_Armor
3772	Microbe_Armor	Microbe Armor	entity-page	1	1	no			wiki:Light_Armor
3773	Stun_Cloak	Stun Cloak	entity-page	1	1	no			wiki:Light_Armor
3774	Darth_Revan's_Armor	Darth Revan's Armor	entity-page	1	1	no			wiki:Light_Armor
3775	Improvised_Thrown_Weapon	Improvised Thrown Weapon	entity-page	1	1	no			wiki:Lightsaber_Combat_Talent_Tree
3776	Archaic_Lightfoil	Archaic Lightfoil	entity-page	1	1	no			wiki:Lightsabers
3777	Archaic_Lightsaber	Archaic Lightsaber	entity-page	1	1	no			wiki:Lightsabers
3778	Crossguard_Lightsaber	Crossguard Lightsaber	entity-page	1	1	no			wiki:Lightsabers
3779	Dual-Phase_Lightsaber	Dual-Phase Lightsaber	entity-page	1	1	no			wiki:Lightsabers
3780	Dueling_Lightsaber	Dueling Lightsaber	entity-page	1	1	no			wiki:Lightsabers
3781	Great_Lightsaber	Great Lightsaber	entity-page	1	1	no			wiki:Lightsabers
3782	Modern_Lightfoil	Modern Lightfoil	entity-page	1	1	no			wiki:Lightsabers
3783	Retrosaber	Retrosaber	entity-page	1	1	no			wiki:Lightsabers
3784	Kathracite_Crystals	Kathracite Crystals	entity-page	1	1	no			wiki:Lightsabers
3785	Services	Services	entity-page	1	1	no			wiki:Lineage_Talent_Tree
3786	Takes_20	Takes 20	entity-page	1	1	no			wiki:Lineage_Talent_Tree
3787	The_Lugubraa_Hordes	The Lugubraa Hordes	rules-term	1	1	no	wiki:Lugubraa	variant-name(-1)	wiki:Lugubraa
3788	Tchuukthai	Tchuukthai	entity-page	1	1	no			wiki:Lugubraa
3789	Search	Search	entity-page	1	1	no			wiki:Luka_Sene_Talent_Tree
3790	Drop_an_Item	Drop an Item	entity-page	1	1	no			wiki:Lurmen
3791	Malkii	Malkii	entity-page	1	1	no			wiki:Malkite_Poisoner_Talent_Tree
3792	Contact	Contact	entity-page	1	1	no			wiki:Malkite_Poisoner_Talent_Tree
3793	Ingested	Ingested	entity-page	1	1	no			wiki:Malkite_Poisoner_Talent_Tree
3794	Martial_Arts_Forms_Talents	Martial Arts Forms Talents	entity-page	1	1	no			wiki:Mandalorian_Warrior_Talent_Tree
3795	Echani_Training	Echani Training	entity-page	1	1	yes			wiki:Martial_Arts_Master
3796	Martial_Arts_Master_Talent_Trees	Martial Arts Master Talent Trees	entity-page	1	1	no	wiki:Martial_Arts_Master	variant-name(-2)	wiki:Martial_Arts_Master
3797	Master_Privateer_Talent_Trees	Master Privateer Talent Trees	entity-page	1	1	no	wiki:Master_Privateer	variant-name(-2)	wiki:Master_Privateer
3798	Accelerated_Climbing	Accelerated Climbing	entity-page	1	1	no			wiki:Master_Scout_Talent_Tree
3799	Blend_In	Blend In	entity-page	1	1	no			wiki:Master_of_Intrigue_Talent_Tree
3800	Master_Manipulator	Master Manipulator	entity-page	1	1	no			wiki:Master_of_Intrigue_Talent_Tree
3801	Biotech_Vehicle	Biotech Vehicle	entity-page	1	1	no			wiki:Mechanics
3802	Audio_Recorder	Audio Recorder	entity-page	1	1	no			wiki:Mechanics
3803	Object_Statistics	Object Statistics	entity-page	1	1	no			wiki:Mechanics
3804	Antiquated_Vehicle	Antiquated Vehicle	entity-page	1	1	no			wiki:Mechanics
3805	Antiquated_Weapon	Antiquated Weapon	entity-page	1	1	no			wiki:Mechanics
3806	Medic_Talent_Trees	Medic Talent Trees	entity-page	1	1	no	wiki:Medic	variant-name(-2)	wiki:Medic
3807	Ceremonial_Armor	Ceremonial Armor	entity-page	1	1	no			wiki:Medium_Armor
3808	Corellian_Powersuit	Corellian Powersuit	entity-page	1	1	no			wiki:Medium_Armor
3809	Jedi_Battle_Armor	Jedi Battle Armor	entity-page	1	1	no	wiki:The_Jedi	variant-name(-2)	wiki:Medium_Armor
3810	Biohazard_Suit	Biohazard Suit	entity-page	1	1	no			wiki:Medium_Armor
3811	Camo_Scout_Armor	Camo Scout Armor	entity-page	1	1	no			wiki:Medium_Armor
3812	M1-10_Stalker_Armor	M1-10 Stalker Armor	entity-page	1	1	no			wiki:Medium_Armor
3813	Melee_Smash	Melee Smash	entity-page	1	1	no			wiki:Melee_Specialist_Talent_Tree
3814	Unrelenting_Assault	Unrelenting Assault	entity-page	1	1	no			wiki:Melee_Specialist_Talent_Tree
3815	Ruthless	Ruthless	entity-page	1	1	no			wiki:Mercenary_Talent_Tree
3816	Field-Created_Weapon	Field-Created Weapon	entity-page	1	1	no			wiki:Military_Engineer_Talent_Tree
3817	Katarr	Katarr	entity-page	1	1	no			wiki:Miraluka
3818	Fast_Mount_or_Dismount	Fast Mount or Dismount	entity-page	1	1	no			wiki:Mobile_Scout_Talent_Tree
3819	Soft_Fall	Soft Fall	entity-page	1	1	no			wiki:Mobile_Scout_Talent_Tree
3820	Stay_in_Saddle	Stay in Saddle	entity-page	1	1	no			wiki:Mobile_Scout_Talent_Tree
3821	Fast_Swimmer	Fast Swimmer	entity-page	1	1	yes			wiki:Mon_Calamari
3822	Colonies_Region	Colonies Region	entity-page	1	1	no			wiki:Mrlssi
3823	Tehk'la_Blades	Tehk'la Blades	entity-page	1	1	no			wiki:Nagai
3824	Organization_Score	Organization Score	entity-page	1	1	no	wiki:Organizations	variant-name(-1)	wiki:Natural_Leader
3825	Tactical_Fire	Tactical Fire	entity-page	1	1	no			wiki:Naval_Officer_Talent_Tree
3826	The_University_of_Sanbra_Guide_to_Intelligent_Life:_The_Nazren	The University of Sanbra Guide to Intelligent Life: The Nazren	rules-term	1	1	no			wiki:Nazren
3827	High_Jump	High Jump	entity-page	1	1	no			wiki:Near-Human
3828	Neimoidia	Neimoidia	entity-page	1	1	no			wiki:Neimoidian
3829	Xim_the_Despot	Xim the Despot	entity-page	1	1	no			wiki:Nikto
3830	Kintan	Kintan	entity-page	1	1	no			wiki:Nikto
3831	Noble_Talent_Trees	Noble Talent Trees	entity-page	1	1	no	wiki:Noble	variant-name(-2)	wiki:Noble
3832	The_Nyriaanan_Clans	The Nyriaanan Clans	rules-term	1	1	no	wiki:Nyriaanan	variant-name(-1)	wiki:Nyriaanan
3833	Meadlin's_Trees	Meadlin's Trees	entity-page	1	1	no			wiki:Nyriaanan
3834	The_Malvina_Clan	The Malvina Clan	rules-term	1	1	no			wiki:Nyriaanan
3835	Orbital_Defense_Mines	Orbital Defense Mines	entity-page	1	1	no			wiki:O'reenian
3836	Officer_Talent_Trees	Officer Talent Trees	entity-page	1	1	no	wiki:Officer	variant-name(-2)	wiki:Officer
3837	Teya_IV	Teya IV	entity-page	1	1	no			wiki:Old_Republic_Era_Campaigns
3838	The_Compeer	The Compeer	rules-term	1	1	no			wiki:Old_Republic_Era_Campaigns
3839	Davik_Kang	Davik Kang	entity-page	1	1	no			wiki:Old_Republic_Era_Campaigns
3840	Goto	Goto	entity-page	1	1	no			wiki:Old_Republic_Era_Campaigns
3841	Swoop_Gangs	Swoop Gangs	entity-page	1	1	no			wiki:Old_Republic_Era_Campaigns
3842	Daggerstar_Swoop_Racers	Daggerstar Swoop Racers	entity-page	1	1	no			wiki:Old_Republic_Era_Campaigns
3843	Sith_Officers	Sith Officers	entity-page	1	1	no	wiki:The_Sith	variant-name(-1)	wiki:Old_Republic_Era_Campaigns
3844	Navicomputers	Navicomputers	entity-page	1	1	no			wiki:Old_Republic_Era_Campaigns
3845	Pollard_Seario	Pollard Seario	entity-page	1	1	no			wiki:Old_Republic_Era_Campaigns
3846	Kaskutal	Kaskutal	entity-page	1	1	no			wiki:Organizations
3847	Tabiid	Tabiid	entity-page	1	1	no			wiki:Organizations
3848	Assault_Tactics	Assault Tactics	entity-page	1	1	no	wiki:Assault	variant-name(-1)	wiki:Organizations
3849	Cradossk	Cradossk	entity-page	1	1	no			wiki:Organizations
3850	The_Crimson_Nova	The Crimson Nova	rules-term	1	1	no			wiki:Organizations
3851	Boushh	Boushh	entity-page	1	1	no			wiki:Organizations
3852	House_Benelex	House Benelex	entity-page	1	1	no			wiki:Organizations
3853	House_Neuvalis	House Neuvalis	entity-page	1	1	no			wiki:Organizations
3854	House_Paramexor	House Paramexor	entity-page	1	1	no			wiki:Organizations
3855	House_Renliss	House Renliss	entity-page	1	1	no			wiki:Organizations
3856	House_Salaktori	House Salaktori	entity-page	1	1	no			wiki:Organizations
3857	House_Tresario	House Tresario	entity-page	1	1	no			wiki:Organizations
3858	The_Mantis_Syndicate	The Mantis Syndicate	rules-term	1	1	no			wiki:Organizations
3859	The_Ragnar_Syndicate	The Ragnar Syndicate	rules-term	1	1	no			wiki:Organizations
3860	Skine_Bounty_Hunter_College	Skine Bounty Hunter College	entity-page	1	1	no			wiki:Organizations
3861	The_Slaver_Syndicate	The Slaver Syndicate	rules-term	1	1	no			wiki:Organizations
3862	Booster_Terrik	Booster Terrik	entity-page	1	1	no			wiki:Organizations
3863	Breha_Organa	Breha Organa	entity-page	1	1	no			wiki:Organizations
3864	Kathol	Kathol	entity-page	1	1	no			wiki:Philosophy
3865	Skill_Training_(Use_the_Force)	Skill Training (Use the Force)	rules-term	1	1	no	wiki:Skill_Training	variant-name(-3)	wiki:Philosophy
3866	Flanks	Flanks	entity-page	1	1	no			wiki:Philosophy
3867	The_Sith_Order	The Sith Order	rules-term	1	1	no	wiki:The_Sith	variant-name(-1)	wiki:Philosophy
3868	Skill_Training_(Knowledge_(Technology))	Skill Training (Knowledge (Technology))	rules-term	1	1	no	wiki:Skill_Training	variant-name(-2)	wiki:Phindian
3869	Starship_Deception	Starship Deception	rules-term	1	1	no	wiki:Category:Starships	variant-name(-1)	wiki:Pilot
3870	Keep_Them_Reeling	Keep Them Reeling	entity-page	1	1	no			wiki:Piracy_Talent_Tree
3871	Sonic_Stunner	Sonic Stunner	entity-page	1	1	no			wiki:Pistols
3872	12_Defender_MicroBlaster	12 Defender MicroBlaster	entity-page	1	1	no			wiki:Pistols
3873	Sidearm_Blaster_Pistol	Sidearm Blaster Pistol	entity-page	1	1	no			wiki:Pistols
3874	Armored_Space_Suits	Armored Space Suits	entity-page	1	1	no			wiki:Privateer_Talent_Tree
3875	Out_of_Harm's_Way	Out of Harm's Way	entity-page	1	1	no			wiki:Protection_Talent_Tree
3876	Seize_the_Moment	Seize the Moment	entity-page	1	1	no			wiki:Provocateur_Talent_Tree
3877	Rakatan_Weapons	Rakatan Weapons	entity-page	1	1	no			wiki:Rakata
3878	Carida	Carida	entity-page	1	1	no			wiki:Rank_and_Privilege
3879	Skill_Focus_(Knowledge_(Tactics))	Skill Focus (Knowledge (Tactics))	rules-term	1	1	no	wiki:Skill_Focus	variant-name(-2)	wiki:Rank_and_Privilege
3880	Tool_Kits	Tool Kits	entity-page	1	1	no			wiki:Rank_and_Privilege
3881	Other_Rewards	Other Rewards	entity-page	1	1	no			wiki:Rank_and_Privilege
3882	Surgery_Kits	Surgery Kits	entity-page	1	1	no			wiki:Rank_and_Privilege
3883	Heavy_Blaster_Rifles	Heavy Blaster Rifles	entity-page	1	1	no			wiki:Rank_and_Privilege
3884	Stay_in_the_Fight	Stay in the Fight	entity-page	1	1	no			wiki:Rebel_Recruiter_Talent_Tree
3885	Skill_Training_(Perception)	Skill Training (Perception)	rules-term	1	1	no	wiki:Skill_Training	variant-name(-1)	wiki:Reconnaissance_Talent_Tree
3886	Skill_Training_(Stealth)	Skill Training (Stealth)	rules-term	1	1	no	wiki:Skill_Training	variant-name(-1)	wiki:Reconnaissance_Talent_Tree
3887	Get_Into_Position	Get Into Position	entity-page	1	1	no			wiki:Reconnaissance_Talent_Tree
3888	Diagnostics_Package	Diagnostics Package	entity-page	1	1	no			wiki:Replica_Droid
3889	Improved_Sensor_Package	Improved Sensor Package	entity-page	1	1	no			wiki:Replica_Droid
3890	Translator_Unit	Translator Unit	entity-page	1	1	no			wiki:Replica_Droid
3891	Ambush	Ambush	entity-page	1	1	no			wiki:Republic_Commando_Talent_Tree
3892	Interchangeable_Weapon_System	Interchangeable Weapon System	entity-page	1	1	no			wiki:Rifles
3893	Variable_Blaster_Rifle	Variable Blaster Rifle	entity-page	1	1	no			wiki:Rifles
3894	Heavy_Variable_Blaster_Rifle	Heavy Variable Blaster Rifle	entity-page	1	1	no			wiki:Rifles
3895	DC-19_"Stealth"_Carbine	DC-19 "Stealth" Carbine	entity-page	1	1	no			wiki:Rifles
3896	Saboteur_Talent_Trees	Saboteur Talent Trees	entity-page	1	1	no	wiki:Saboteur	variant-name(-2)	wiki:Saboteur
3897	Saki	Saki	entity-page	1	1	no			wiki:Sakiyan
3898	Build_Object	Build Object	entity-page	1	1	no			wiki:Scavenger
3899	Scoundrel_Talent_Trees	Scoundrel Talent Trees	entity-page	1	1	no	wiki:Scoundrel	variant-name(-2)	wiki:Scoundrel
3900	Droid_Armor	Droid Armor	rules-term	1	1	no			wiki:Shard
3901	Communications_Systems	Communications Systems	entity-page	1	1	no			wiki:Shard
3902	Sensor_Systems	Sensor Systems	entity-page	1	1	no			wiki:Shard
3903	Translator_Units	Translator Units	entity-page	1	1	no			wiki:Shard
3904	Armor_Check_Penalties	Armor Check Penalties	entity-page	1	1	no	wiki:Category:Armor	variant-name(-2)	wiki:Shield_Gauntlet
3905	Uvena_Prime	Uvena Prime	entity-page	1	1	no			wiki:Shistavanen
3906	Mace	Mace	entity-page	1	1	no			wiki:Simple_Weapons_(Melee)
3907	Quarterstaff	Quarterstaff	entity-page	1	1	no			wiki:Simple_Weapons_(Melee)
3908	Spear	Spear	entity-page	1	1	no			wiki:Simple_Weapons_(Melee)
3909	Stun_Baton	Stun Baton	entity-page	1	1	no			wiki:Simple_Weapons_(Melee)
3910	Entrenching_Tool	Entrenching Tool	entity-page	1	1	no			wiki:Simple_Weapons_(Melee)
3911	Fire_Blade	Fire Blade	entity-page	1	1	no			wiki:Simple_Weapons_(Melee)
3912	Sith_Apprentice_Talent_Trees	Sith Apprentice Talent Trees	entity-page	1	1	no	wiki:Sith_Apprentice	variant-name(-2)	wiki:Sith_Apprentice
3913	Calicoids	Calicoids	entity-page	1	1	no			wiki:Skill_Challenges
3914	Darkness	Darkness	entity-page	1	1	no			wiki:Skill_Challenges
3915	Force_Power_Adept	Force Power Adept	entity-page	1	1	no	wiki:Force_Powers	variant-name(-1)	wiki:Skills
3916	Technicians	Technicians	entity-page	1	1	yes			wiki:Sluissi
3917	Deceive	Deceive	entity-page	1	1	no			wiki:Smuggling_Talent_Tree
3918	The_Thalassian_Slavers	The Thalassian Slavers	rules-term	1	1	no			wiki:Snivvian
3919	Soldier_Talent_Trees	Soldier Talent Trees	entity-page	1	1	no	wiki:Soldier	variant-name(-2)	wiki:Soldier
3920	Flood_of_Fire	Flood of Fire	entity-page	1	1	yes			wiki:Soldier_Bonus_Feats
3921	Space_Sickness	Space Sickness	entity-page	1	1	no			wiki:Spacer_Talent_Tree
3922	Starship_Weapon	Starship Weapon	rules-term	1	1	no	wiki:Category:Starships	variant-name(-1)	wiki:Spacer_Talent_Tree
3923	Walking	Walking	entity-page	1	1	no			wiki:Specialized_Droid_Talent_Tree
3924	Elomin	Elomin	entity-page	1	1	yes			wiki:Species
3925	Ebruchi	Ebruchi	entity-page	1	1	yes			wiki:Species
3926	Hard_March	Hard March	entity-page	1	1	no			wiki:Speed
3927	Vehicle_Battalion_Template	Vehicle Battalion Template	rules-term	1	1	no	wiki:Category:Vehicles	variant-name(-2)	wiki:Speed
3928	Mounted_Battalion_Template	Mounted Battalion Template	entity-page	1	1	no			wiki:Speed
3929	X-34_Speeder_Escort	X-34 Speeder Escort	entity-page	1	1	no			wiki:Speeders
3930	CK-6_Freeco_Speeder_Bike	CK-6 Freeco Speeder Bike	entity-page	1	1	no			wiki:Speeders
3931	WLO-5_Speeder_Tank	WLO-5 Speeder Tank	entity-page	1	1	no			wiki:Speeders
3932	Wind_Skiff	Wind Skiff	entity-page	1	1	no			wiki:Speeders
3933	Laser_Borer	Laser Borer	entity-page	1	1	no			wiki:Speeders
3934	Viper_Swoop_Bike	Viper Swoop Bike	entity-page	1	1	no			wiki:Speeders
3935	CS-1_Cargo_Sled	CS-1 Cargo Sled	entity-page	1	1	no			wiki:Speeders
3936	Follower_Templates	Follower Templates	entity-page	1	1	no			wiki:Squad_Leader_Talent_Tree
3937	Skor_II	Skor II	entity-page	1	1	no			wiki:Squib
3938	Common_Knowledge	Common Knowledge	entity-page	1	1	no			wiki:Squib
3939	Lwhekk	Lwhekk	entity-page	1	1	no			wiki:Ssi-Ruu
3940	Nonstandard_Modification	Nonstandard Modification	entity-page	1	1	no			wiki:Starship_Designer
3941	Afterburn	Afterburn	entity-page	1	1	no			wiki:Starship_Maneuvers
3942	Counter	Counter	entity-page	1	1	no			wiki:Starship_Maneuvers
3943	Devastating_Hit	Devastating Hit	entity-page	1	1	no			wiki:Starship_Maneuvers
3944	Engine_Hit	Engine Hit	entity-page	1	1	no			wiki:Starship_Maneuvers
3945	Evasive_Action	Evasive Action	entity-page	1	1	no			wiki:Starship_Maneuvers
3946	Explosive_Shot	Explosive Shot	entity-page	1	1	no	wiki:Category:Explosives	variant-name(-1)	wiki:Starship_Maneuvers
3947	Howlrunner_Formation	Howlrunner Formation	entity-page	1	1	no			wiki:Starship_Maneuvers
3948	I_Have_You_Now	I Have You Now	entity-page	1	1	no			wiki:Starship_Maneuvers
3949	Segnor's_Loop	Segnor's Loop	entity-page	1	1	no			wiki:Starship_Maneuvers
3950	Shield_Hit	Shield Hit	entity-page	1	1	no			wiki:Starship_Maneuvers
3951	Skim_the_Surface	Skim the Surface	entity-page	1	1	no			wiki:Starship_Maneuvers
3952	Skywalker_Loop	Skywalker Loop	entity-page	1	1	no			wiki:Starship_Maneuvers
3953	Thruster_Hit	Thruster Hit	entity-page	1	1	no			wiki:Starship_Maneuvers
3954	Wotan_Weave	Wotan Weave	entity-page	1	1	no			wiki:Starship_Maneuvers
3955	SubLight_Accelerator_Motor	SubLight Accelerator Motor	entity-page	1	1	no			wiki:Starship_Modifications
3956	Living_Shield_Blisters	Living Shield Blisters	entity-page	1	1	no			wiki:Starship_Modifications
3957	Cargo_Jettison_System	Cargo Jettison System	entity-page	1	1	no			wiki:Starship_Modifications
3958	Docking_Clamps	Docking Clamps	entity-page	1	1	no			wiki:Starship_Modifications
3959	Droid_Repair_Team	Droid Repair Team	rules-term	1	1	no			wiki:Starship_Modifications
3960	Medical_Suite	Medical Suite	entity-page	1	1	no			wiki:Starship_Modifications
3961	Sensor_Enhancement_Package	Sensor Enhancement Package	entity-page	1	1	no			wiki:Starship_Modifications
3962	Shield_Energy_Drain	Shield Energy Drain	entity-page	1	1	no			wiki:Starship_Modifications
3963	Droid_Brain	Droid Brain	rules-term	1	1	no			wiki:Starship_Modifications
3964	Captain's_Accredited_License	Captain's Accredited License	entity-page	1	1	no			wiki:Starship_Modifications
3965	V-19_Torrent_Starfighter	V-19 Torrent Starfighter	entity-page	1	1	no			wiki:Starship_Modifications
3966	Corellian_Action_VI_Bulk_Transport	Corellian Action VI Bulk Transport	entity-page	1	1	no			wiki:Starship_Modifications
3967	Baudo-Class_Star_Yacht	Baudo-Class Star Yacht	entity-page	1	1	no			wiki:Starship_Modifications
3968	ILH-KK_Citadel-Class_Civilian_Cruiser	ILH-KK Citadel-Class Civilian Cruiser	entity-page	1	1	no			wiki:Starship_Modifications
3969	DP20_Corellian_Frigate	DP20 Corellian Frigate	entity-page	1	1	no			wiki:Starship_Modifications
3970	Dreadnaught-Class_Heavy_Cruiser	Dreadnaught-Class Heavy Cruiser	entity-page	1	1	no			wiki:Starship_Modifications
3971	Firespray-31_Patrol_Craft	Firespray-31 Patrol Craft	entity-page	1	1	no			wiki:Starship_Modifications
3972	Ghtroc_720_Freighter	Ghtroc 720 Freighter	entity-page	1	1	no			wiki:Starship_Modifications
3973	J-Type_Star_Skiff	J-Type Star Skiff	entity-page	1	1	no			wiki:Starship_Modifications
3974	Corellian_Consular-Class_Cruiser	Corellian Consular-Class Cruiser	entity-page	1	1	no			wiki:Starship_Modifications
3975	Star_Galleon-Class_Frigate	Star Galleon-Class Frigate	entity-page	1	1	no			wiki:Starship_Modifications
3976	Stava_Expertise	Stava Expertise	entity-page	1	1	no			wiki:Stava_Training
3977	Sword_of_the_Empire	Sword of the Empire	entity-page	1	1	no			wiki:Stereb
3978	Advanced_Cybernetic	Advanced Cybernetic	entity-page	1	1	no			wiki:Subcutaneous_Comlink
3979	Running_Start	Running Start	entity-page	1	1	no			wiki:Surge
3980	Fortitude_Defenses	Fortitude Defenses	entity-page	1	1	no			wiki:Survivor_of_Ryloth
3981	Swarm	Swarm	entity-page	1	1	no			wiki:Swarm_Attack
3982	Tae-Jitsu_Expertise	Tae-Jitsu Expertise	entity-page	1	1	no			wiki:Tae-Jitsu_Training
3983	Fencing_Talent_Tree	Fencing Talent Tree	entity-page	1	1	yes			wiki:Talents
3984	Jedi_Organizations	Jedi Organizations	entity-page	1	1	no	wiki:The_Jedi	variant-name(-1)	wiki:Talents
3985	Enforcement_Talent_Tree	Enforcement Talent Tree	entity-page	1	1	yes			wiki:Talents
3986	Droid_Commander_Talent_Tree	Droid Commander Talent Tree	rules-term	1	1	yes			wiki:Talents
3987	Akk_Dog	Akk Dog	entity-page	1	1	no			wiki:Talents
3988	Espionage_Talent_Tree	Espionage Talent Tree	entity-page	1	1	yes			wiki:Talents
3989	Exile_Talent_Tree	Exile Talent Tree	entity-page	1	1	yes			wiki:Talents
3990	Swoop_Bikes	Swoop Bikes	entity-page	1	1	no			wiki:Taris
3991	Rakghouls	Rakghouls	entity-page	1	1	no			wiki:Taris
3992	Roon	Roon	entity-page	1	1	no			wiki:Taung
3993	Droidification	Droidification	rules-term	1	1	no			wiki:Tech_Specialist
3994	Sniper_Switch	Sniper Switch	entity-page	1	1	no	wiki:Sniper	variant-name(-1)	wiki:Tech_Specialist
3995	Learn_News_and_Rumors	Learn News and Rumors	entity-page	1	1	no			wiki:Telepath_Talent_Tree
3996	Ter%C3%A4s_K%C3%A4si_Basics	Ter%C3%A4s K%C3%A4si Basics	entity-page	1	1	no			wiki:Ter%C3%A4s_K%C3%A4si_Training
3997	Thakwaa	Thakwaa	entity-page	1	1	no			wiki:Thakwaash
3998	Exocron	Exocron	entity-page	1	1	no			wiki:The_Aing-Tii_Monks
3999	Demonsgate	Demonsgate	entity-page	1	1	no			wiki:The_Aing-Tii_Monks
4000	Living_Starships	Living Starships	entity-page	1	1	no			wiki:The_Aing-Tii_Monks
4001	Kohlma	Kohlma	entity-page	1	1	no			wiki:The_Bando_Gora
4002	Komari_Vosa	Komari Vosa	entity-page	1	1	no			wiki:The_Bando_Gora
4003	Motion_of_the_Future	Motion of the Future	entity-page	1	1	no			wiki:The_Baran_Do_Sages
4004	Caarite	Caarite	entity-page	1	1	no			wiki:The_Believers
4005	The_Metatheran_Cartel	The Metatheran Cartel	rules-term	1	1	no			wiki:The_Believers
4006	Sith_Artifact	Sith Artifact	entity-page	1	1	no	wiki:The_Sith	variant-name(-1)	wiki:The_Believers
4007	Len_Markus	Len Markus	entity-page	1	1	no			wiki:The_Believers
4008	Believer_Cultist	Believer Cultist	entity-page	1	1	no	wiki:The_Believers	variant-name(-1)	wiki:The_Believers
4009	Dark_Lizard	Dark Lizard	entity-page	1	1	no			wiki:The_Believers
4010	Believer_Cultist_Leader	Believer Cultist Leader	entity-page	1	1	no	wiki:The_Believers	variant-name(-2)	wiki:The_Believers
4011	Believer_Zealot	Believer Zealot	entity-page	1	1	no	wiki:The_Believers	variant-name(-1)	wiki:The_Believers
4012	Dark_Lizard_Alpha	Dark Lizard Alpha	entity-page	1	1	no			wiki:The_Believers
4013	Sarlaccs	Sarlaccs	entity-page	1	1	no			wiki:The_Felucian_Shamans
4014	Felucian_Chief	Felucian Chief	entity-page	1	1	no			wiki:The_Felucian_Shamans
4015	Gelagrub	Gelagrub	entity-page	1	1	no			wiki:The_Felucian_Shamans
4016	He_Galactic_Empire	He Galactic Empire	entity-page	1	1	no			wiki:The_Force
4017	Force_Power_Mastery	Force Power Mastery	entity-page	1	1	no	wiki:Force_Powers	variant-name(-1)	wiki:The_Force
4018	Cure_Disease	Cure Disease	entity-page	1	1	no			wiki:The_Force
4019	Extended_Blind	Extended Blind	entity-page	1	1	no			wiki:The_Force
4020	Extended_Force_Disarm	Extended Force Disarm	entity-page	1	1	no			wiki:The_Force
4021	Extended_Force_Grip	Extended Force Grip	entity-page	1	1	no			wiki:The_Force
4022	Extended_Force_Thrust	Extended Force Thrust	entity-page	1	1	no			wiki:The_Force
4023	Extended_Move_Object	Extended Move Object	entity-page	1	1	no			wiki:The_Force
4024	Improved_Convection	Improved Convection	entity-page	1	1	no			wiki:The_Force
4025	Improved_Crucitorn	Improved Crucitorn	entity-page	1	1	no			wiki:The_Force
4026	Improved_Cryokinesis	Improved Cryokinesis	entity-page	1	1	no			wiki:The_Force
4027	Improved_Fold_Space	Improved Fold Space	entity-page	1	1	no			wiki:The_Force
4028	Improved_Force_Light	Improved Force Light	entity-page	1	1	no			wiki:The_Force
4029	Improved_Force_Storm	Improved Force Storm	entity-page	1	1	no			wiki:The_Force
4030	Improved_Plant_Surge	Improved Plant Surge	entity-page	1	1	no			wiki:The_Force
4031	Improved_Thought_Bomb	Improved Thought Bomb	entity-page	1	1	no			wiki:The_Force
4032	Holocron_Loremaster	Holocron Loremaster	entity-page	1	1	no			wiki:The_Force
4033	Awaken_Force_Sensitivity	Awaken Force Sensitivity	entity-page	1	1	no			wiki:The_Force
4034	Eyes_of_the_Force	Eyes of the Force	entity-page	1	1	no			wiki:The_Force
4035	Oxygen_Bottle	Oxygen Bottle	entity-page	1	1	no			wiki:The_Force
4036	Quiet_the_Mind	Quiet the Mind	entity-page	1	1	no			wiki:The_Force
4037	Telekinetic_Practice	Telekinetic Practice	entity-page	1	1	no			wiki:The_Force
4038	Sparring_Practice	Sparring Practice	entity-page	1	1	no			wiki:The_Force
4039	Training_Remote	Training Remote	entity-page	1	1	no			wiki:The_Force
4040	Vo'ren's_First_Cadence	Vo'ren's First Cadence	entity-page	1	1	no			wiki:The_Force
4041	Vo'ren's_Second_Cadence	Vo'ren's Second Cadence	entity-page	1	1	no			wiki:The_Force
4042	Vo'ren's_Third_Cadence	Vo'ren's Third Cadence	entity-page	1	1	no			wiki:The_Force
4043	Vo'ren's_Fourth_Cadence	Vo'ren's Fourth Cadence	entity-page	1	1	no			wiki:The_Force
4044	Vo'ren's_Fifth_Cadence	Vo'ren's Fifth Cadence	entity-page	1	1	no			wiki:The_Force
4045	The_Native_Tribes	The Native Tribes	rules-term	1	1	no			wiki:The_Forest_Moon_of_Endor
4046	Auxiliary_Inquisitor	Auxiliary Inquisitor	entity-page	1	1	no			wiki:The_Inquisitorius
4047	Inquisitor_Apprentice	Inquisitor Apprentice	entity-page	1	1	no			wiki:The_Inquisitorius
4048	Citadel_Watchman	Citadel Watchman	entity-page	1	1	no			wiki:The_Inquisitorius
4049	Citadel_Guardsman	Citadel Guardsman	entity-page	1	1	no			wiki:The_Inquisitorius
4050	Inquisitorius_Recruit	Inquisitorius Recruit	entity-page	1	1	no	wiki:The_Inquisitorius	variant-name(-1)	wiki:The_Inquisitorius
4051	Citadel_Inquisitor	Citadel Inquisitor	entity-page	1	1	no			wiki:The_Inquisitorius
4052	Raik_Muun	Raik Muun	entity-page	1	1	no			wiki:The_Inquisitorius
4053	Jorad	Jorad	entity-page	1	1	no			wiki:The_Inquisitorius
4054	Nolor	Nolor	entity-page	1	1	no			wiki:The_Inquisitorius
4055	Valin_Draco,_High_Inquisitor	Valin Draco, High Inquisitor	entity-page	1	1	no			wiki:The_Inquisitorius
4056	Dweem	Dweem	entity-page	1	1	no			wiki:The_Iron_Knights
4057	Dark_Side_Nexus	Dark Side Nexus	entity-page	1	1	no			wiki:The_Jal_Shey
4058	Ganner_Rhysode	Ganner Rhysode	entity-page	1	1	no			wiki:The_Jedi
4059	Jedi_Master_Holocron_Gatekeeper	Jedi Master Holocron Gatekeeper	entity-page	1	1	no	wiki:Jedi_Master	variant-name(-2)	wiki:The_Jedi
4060	Jedi_Battlemaster	Jedi Battlemaster	entity-page	1	1	no	wiki:The_Jedi	variant-name(-1)	wiki:The_Jedi
4061	Jedi_Crusader_Squad	Jedi Crusader Squad	entity-page	1	1	no	wiki:The_Jedi	variant-name(-2)	wiki:The_Jedi
4062	Jedi_Knight_Squad	Jedi Knight Squad	entity-page	1	1	no	wiki:Jedi_Knight	variant-name(-1)	wiki:The_Jedi
4063	7-A39	7-A39	entity-page	1	1	no			wiki:The_Jedi
4064	Duqua_Dar	Duqua Dar	entity-page	1	1	no			wiki:The_Jedi
4065	Shoaneb_Culu	Shoaneb Culu	entity-page	1	1	no			wiki:The_Jedi
4066	Dace_Diath	Dace Diath	entity-page	1	1	no			wiki:The_Jedi
4067	Kieran_Halcyon	Kieran Halcyon	entity-page	1	1	no			wiki:The_Jedi
4068	The_Great_Peace	The Great Peace	rules-term	1	1	no			wiki:The_Jedi
4069	Tott_Doneeta	Tott Doneeta	entity-page	1	1	no			wiki:The_Jedi
4070	Amar_Cros	Amar Cros	entity-page	1	1	no			wiki:The_Jedi
4071	Cilghal	Cilghal	entity-page	1	1	no			wiki:The_Jedi
4072	Vhiin_Thorla	Vhiin Thorla	entity-page	1	1	no			wiki:The_Jedi
4073	Denia	Denia	entity-page	1	1	no			wiki:The_Jedi
4074	Ooroo	Ooroo	entity-page	1	1	no			wiki:The_Jedi
4075	Thon	Thon	entity-page	1	1	no			wiki:The_Jedi
4076	Anoon_Bondara	Anoon Bondara	entity-page	1	1	no			wiki:The_Jedi
4077	Kreia	Kreia	entity-page	1	1	no			wiki:The_Jedi
4078	Chu'unthor	Chu'unthor	entity-page	1	1	no			wiki:The_Jedi
4079	Outbound_Flight	Outbound Flight	entity-page	1	1	no			wiki:The_Jedi
4080	Jedi_Crusader_Battalion	Jedi Crusader Battalion	entity-page	1	1	no	wiki:The_Jedi	variant-name(-2)	wiki:The_Jedi
4081	Jedi_Knight_Battalion	Jedi Knight Battalion	entity-page	1	1	no	wiki:Jedi_Knight	variant-name(-1)	wiki:The_Jedi
4082	Nikkos_Tyris	Nikkos Tyris	entity-page	1	1	no			wiki:The_Jensaarai
4083	Darok-Tho	Darok-Tho	entity-page	1	1	no			wiki:The_Keetael
4084	Grassers	Grassers	entity-page	1	1	no			wiki:The_Korunnai
4085	Depa_Billaba	Depa Billaba	entity-page	1	1	no			wiki:The_Korunnai
4086	King_Ommin	King Ommin	entity-page	1	1	no			wiki:The_Krath
4087	Krath_War_Droids	Krath War Droids	entity-page	1	1	no	wiki:The_Krath	variant-name(-2)	wiki:The_Krath
4088	Clay_Qel-Droma	Clay Qel-Droma	entity-page	1	1	no			wiki:The_Krath
4089	Sith_Spirits	Sith Spirits	entity-page	1	1	no	wiki:The_Sith	variant-name(-1)	wiki:The_Krath
4090	Krath_Warrior_Squad	Krath Warrior Squad	entity-page	1	1	no	wiki:The_Krath	variant-name(-2)	wiki:The_Krath
4091	Krath_Adept_Squad	Krath Adept Squad	entity-page	1	1	no	wiki:The_Krath	variant-name(-2)	wiki:The_Krath
4092	Krath_War_Droid_Squad	Krath War Droid Squad	entity-page	1	1	no	wiki:The_Krath	variant-name(-3)	wiki:The_Krath
4093	Krath_Warrior_Battalion	Krath Warrior Battalion	entity-page	1	1	no	wiki:The_Krath	variant-name(-2)	wiki:The_Krath
4094	Krath_Adept_Battalion	Krath Adept Battalion	entity-page	1	1	no	wiki:The_Krath	variant-name(-2)	wiki:The_Krath
4095	Krath_War_Droid_Battalion	Krath War Droid Battalion	entity-page	1	1	no	wiki:The_Krath	variant-name(-3)	wiki:The_Krath
4096	Jirany_Sha	Jirany Sha	entity-page	1	1	no			wiki:The_Luka_Sene
4097	Mandalorian_Neo-Crusader_Squad	Mandalorian Neo-Crusader Squad	entity-page	1	1	no	wiki:The_Mandalorians	variant-name(-3)	wiki:The_Mandalorians
4098	Neo-Crusader_Mercenary	Neo-Crusader Mercenary	entity-page	1	1	no			wiki:The_Mandalorians
4099	Mandalorian_Crusader_Squad	Mandalorian Crusader Squad	entity-page	1	1	no	wiki:The_Mandalorians	variant-name(-2)	wiki:The_Mandalorians
4100	Mandalorian_Trooper_Squad	Mandalorian Trooper Squad	entity-page	1	1	no	wiki:The_Mandalorians	variant-name(-2)	wiki:The_Mandalorians
4101	Neo-Crusader_Mercenary_Squad	Neo-Crusader Mercenary Squad	entity-page	1	1	no			wiki:The_Mandalorians
4102	Neo-Crusader_Shock_Trooper_Squad	Neo-Crusader Shock Trooper Squad	entity-page	1	1	no			wiki:The_Mandalorians
4103	Mandalorian_Marauder_Squad	Mandalorian Marauder Squad	entity-page	1	1	no	wiki:The_Mandalorians	variant-name(-2)	wiki:The_Mandalorians
4104	Mandalorian_Neo-Crusader_Battalion	Mandalorian Neo-Crusader Battalion	entity-page	1	1	no	wiki:The_Mandalorians	variant-name(-3)	wiki:The_Mandalorians
4105	Mandalorian_Crusader_Battalion	Mandalorian Crusader Battalion	entity-page	1	1	no	wiki:The_Mandalorians	variant-name(-2)	wiki:The_Mandalorians
4106	Mandalorian_Trooper_Battalion	Mandalorian Trooper Battalion	entity-page	1	1	no	wiki:The_Mandalorians	variant-name(-2)	wiki:The_Mandalorians
4107	Neo-Crusader_Mercenary_Battalion	Neo-Crusader Mercenary Battalion	entity-page	1	1	no			wiki:The_Mandalorians
4108	Neo-Crusader_Shock_Trooper_Battalion	Neo-Crusader Shock Trooper Battalion	entity-page	1	1	no			wiki:The_Mandalorians
4109	Mandalorian_Marauder_Battalion	Mandalorian Marauder Battalion	entity-page	1	1	no	wiki:The_Mandalorians	variant-name(-2)	wiki:The_Mandalorians
4110	Karvoss_II	Karvoss II	entity-page	1	1	no			wiki:The_Matukai
4111	SpecForce_Marine_Squad	SpecForce Marine Squad	entity-page	1	1	no			wiki:The_New_Republic
4112	SpecForce_Commando_Pathfinder_Squad	SpecForce Commando Pathfinder Squad	entity-page	1	1	no			wiki:The_New_Republic
4113	YVH-Series_Battle_Droid_Squad	YVH-Series Battle Droid Squad	entity-page	1	1	no			wiki:The_New_Republic
4114	SpecForce_Elite_Soldier_Squad	SpecForce Elite Soldier Squad	entity-page	1	1	no			wiki:The_New_Republic
4115	SD-6_"Hulk"_Infantry_Droid_Squad	SD-6 "Hulk" Infantry Droid Squad	entity-page	1	1	no			wiki:The_New_Republic
4116	SD-9-Series_Battle_Droid	SD-9-Series Battle Droid	entity-page	1	1	no			wiki:The_New_Republic
4117	Too-Onebee	Too-Onebee	entity-page	1	1	no			wiki:The_New_Republic
4118	Mirax_Terrik_Horn	Mirax Terrik Horn	entity-page	1	1	no			wiki:The_New_Republic
4119	A-Wing_Starfighter	A-Wing Starfighter	entity-page	1	1	no			wiki:The_New_Republic
4120	T-65BR_X-Wing_Starfighter	T-65BR X-Wing Starfighter	entity-page	1	1	no			wiki:The_New_Republic
4121	B-Wing_Shuttle	B-Wing Shuttle	entity-page	1	1	no			wiki:The_New_Republic
4122	B-Wing_Starfighter	B-Wing Starfighter	entity-page	1	1	no			wiki:The_New_Republic
4123	Y-Wing_Starfighter	Y-Wing Starfighter	entity-page	1	1	no			wiki:The_New_Republic
4124	B-Wing/E2_Starfighter	B-Wing/E2 Starfighter	entity-page	1	1	no			wiki:The_New_Republic
4125	E-Wing_Escort_Starfighter	E-Wing Escort Starfighter	entity-page	1	1	no			wiki:The_New_Republic
4126	K-Wing_Assault_Starfighter	K-Wing Assault Starfighter	entity-page	1	1	no			wiki:The_New_Republic
4127	Nebulon-B_Escort_Frigate	Nebulon-B Escort Frigate	entity-page	1	1	no			wiki:The_New_Republic
4128	Rebel_Assault_Frigate_Mark_I	Rebel Assault Frigate Mark I	entity-page	1	1	no			wiki:The_New_Republic
4129	Rebel_Assault_Frigate_Mark_II	Rebel Assault Frigate Mark II	entity-page	1	1	no			wiki:The_New_Republic
4130	MC80a_Star_Cruiser	MC80a Star Cruiser	entity-page	1	1	no			wiki:The_New_Republic
4131	Endurance-Class_Fleet_Carrier	Endurance-Class Fleet Carrier	entity-page	1	1	no			wiki:The_New_Republic
4132	Nebula-Class_Star_Destroyer	Nebula-Class Star Destroyer	entity-page	1	1	no			wiki:The_New_Republic
4133	The_Lusankya	The Lusankya	rules-term	1	1	no			wiki:The_New_Republic
4134	Viscount-Class_Star_Defender	Viscount-Class Star Defender	entity-page	1	1	no			wiki:The_New_Republic
4135	SpecForce_Marine_Battalion	SpecForce Marine Battalion	entity-page	1	1	no			wiki:The_New_Republic
4136	SpecForce_Commando_Pathfinder_Battalion	SpecForce Commando Pathfinder Battalion	entity-page	1	1	no			wiki:The_New_Republic
4137	YVH-Series_Battle_Droid_Battalion	YVH-Series Battle Droid Battalion	entity-page	1	1	no			wiki:The_New_Republic
4138	SpecForce_Elite_Soldier_Battalion	SpecForce Elite Soldier Battalion	entity-page	1	1	no			wiki:The_New_Republic
4139	SD-6_"Hulk"_Infantry_Droid_Battalion	SD-6 "Hulk" Infantry Droid Battalion	entity-page	1	1	no			wiki:The_New_Republic
4140	The_Mallif	The Mallif	rules-term	1	1	no			wiki:The_Seyugi_Dervishes
4141	Force_Harmony	Force Harmony	entity-page	1	1	no	wiki:The_Force	variant-name(-1)	wiki:The_Shapers_of_Kro_Var
4142	Sith_Descendant	Sith Descendant	entity-page	1	1	no	wiki:The_Sith	variant-name(-1)	wiki:The_Sith
4143	Tuk'ata	Tuk'ata	entity-page	1	1	no			wiki:The_Sith
4144	Sith_Lord_Holocron_Gatekeeper	Sith Lord Holocron Gatekeeper	entity-page	1	1	no	wiki:Sith_Lord	variant-name(-2)	wiki:The_Sith
4145	Sith_Student_Squad	Sith Student Squad	entity-page	1	1	no	wiki:The_Sith	variant-name(-2)	wiki:The_Sith
4146	Sith_Elite_Warbot_Squad	Sith Elite Warbot Squad	entity-page	1	1	no	wiki:The_Sith	variant-name(-3)	wiki:The_Sith
4147	Sith_Warbird	Sith Warbird	entity-page	1	1	no	wiki:The_Sith	variant-name(-1)	wiki:The_Sith
4148	Silooth	Silooth	entity-page	1	1	no			wiki:The_Sith
4149	Massassi_Abomination	Massassi Abomination	entity-page	1	1	no	wiki:Massassi	variant-name(-1)	wiki:The_Sith
4150	Sith_Apprentice_Squad	Sith Apprentice Squad	entity-page	1	1	no	wiki:Sith_Apprentice	variant-name(-1)	wiki:The_Sith
4151	Darth_Sidious,_Holocron_Gatekeeper	Darth Sidious, Holocron Gatekeeper	entity-page	1	1	no			wiki:The_Sith
4152	Pol_Virten	Pol Virten	entity-page	1	1	no			wiki:The_Sith
4153	Acaadi	Acaadi	entity-page	1	1	no			wiki:The_Sith
4154	Darth_Rivan's_Holocron_Gatekeeper	Darth Rivan's Holocron Gatekeeper	entity-page	1	1	no			wiki:The_Sith
4155	Darth_Voren	Darth Voren	entity-page	1	1	no			wiki:The_Sith
4156	Freedon_Nadd,_Dark_Side_Spirit	Freedon Nadd, Dark Side Spirit	entity-page	1	1	no			wiki:The_Sith
4157	The_Republic_Dark_Age	The Republic Dark Age	rules-term	1	1	no			wiki:The_Sith
4158	Darth_Sidious,_Dark_Side_Spirit	Darth Sidious, Dark Side Spirit	entity-page	1	1	no			wiki:The_Sith
4159	Sith_Student_Battalion	Sith Student Battalion	entity-page	1	1	no	wiki:The_Sith	variant-name(-2)	wiki:The_Sith
4160	Sith_Elite_Warbot_Battalion	Sith Elite Warbot Battalion	entity-page	1	1	no	wiki:The_Sith	variant-name(-3)	wiki:The_Sith
4161	Sith_Apprentice_Battalion	Sith Apprentice Battalion	entity-page	1	1	no	wiki:Sith_Apprentice	variant-name(-1)	wiki:The_Sith
4162	Rally	Rally	entity-page	1	1	no			wiki:The_Tyia
4163	Disruptive	Disruptive	entity-page	1	1	no			wiki:The_Tyia
4164	Walk_the_Line	Walk the Line	entity-page	1	1	no			wiki:The_Tyia
4165	Dathomiri_Rancors	Dathomiri Rancors	entity-page	1	1	no			wiki:The_Witches_of_Dathomir
4166	Nightsister_of_Dathomir	Nightsister of Dathomir	entity-page	1	1	no			wiki:The_Witches_of_Dathomir
4167	Tamith_Kai	Tamith Kai	entity-page	1	1	no			wiki:The_Witches_of_Dathomir
4168	The_Tof_Kingdom	The Tof Kingdom	rules-term	1	1	no	wiki:Tof	variant-name(-1)	wiki:Tof
4169	Tof,_Planet	Tof, Planet	entity-page	1	1	no	wiki:Tof	variant-name(-1)	wiki:Tof
4170	Mosgoth	Mosgoth	entity-page	1	1	no			wiki:Togorian
4171	Thimiars	Thimiars	entity-page	1	1	no			wiki:Togruta
4172	Probes	Probes	entity-page	1	1	no			wiki:Tool_Frenzy
4173	Living_Vehicle	Living Vehicle	entity-page	1	1	no			wiki:Treat_Injury
4174	Trian	Trian	entity-page	1	1	no			wiki:Trianii
4175	Massiffs	Massiffs	entity-page	1	1	no			wiki:Tusken_Raider
4176	Slugthrower_Rifles	Slugthrower Rifles	entity-page	1	1	no			wiki:Tusken_Raider
4177	Umbara	Umbara	entity-page	1	1	no			wiki:Umbaran
4178	Weapon_Specialization_(Simple_Weapons)	Weapon Specialization (Simple Weapons)	entity-page	1	1	no	wiki:Category:Weapons	variant-name(-3)	wiki:Unarmed_Attacks
4179	Skirmisher	Skirmisher	entity-page	1	1	no			wiki:Unleashed_Abilities
4180	Improvised_Connection	Improvised Connection	entity-page	1	1	no			wiki:Use_Computer
4181	Cloaking_Devices	Cloaking Devices	entity-page	1	1	no			wiki:Use_Computer
4182	Jamming_Suites	Jamming Suites	entity-page	1	1	no			wiki:Use_Computer
4183	Dark_Side_Scores	Dark Side Scores	entity-page	1	1	no			wiki:Use_the_Force
4184	The_Ebruchi_Fleet	The Ebruchi Fleet	rules-term	1	1	no			wiki:Vagaari
4185	Vagar_Praxut	Vagar Praxut	entity-page	1	1	no			wiki:Vagaari
4186	Avoid_Collisions	Avoid Collisions	entity-page	1	1	no			wiki:Vehicle_Pilot
4187	Ram	Ram	entity-page	1	1	no			wiki:Vehicle_Pilot
4188	Roche_Asteroid_Field	Roche Asteroid Field	entity-page	1	1	no			wiki:Verpine
4189	Multispectrum_Searchlight	Multispectrum Searchlight	entity-page	1	1	no			wiki:Visibility
4190	Toola	Toola	entity-page	1	1	no			wiki:Whiphid
4191	Threatened_Areas	Threatened Areas	entity-page	1	1	no			wiki:Withdraw
4192	Wroona	Wroona	entity-page	1	1	no			wiki:Wroonian
4193	Wrruushi_Expertise	Wrruushi Expertise	entity-page	1	1	no			wiki:Wrruushi_Training
4194	Nom_Anor	Nom Anor	entity-page	1	1	no			wiki:Yuuzhan_Vong
4195	Yomin_Carr	Yomin Carr	entity-page	1	1	no			wiki:Yuuzhan_Vong
4196	Amphistaff	Amphistaff	entity-page	1	1	no			wiki:Yuuzhan_Vong_Biotech_Talent_Tree
4197	Concealed	Concealed	entity-page	1	1	no			wiki:Yuuzhan_Vong_Biotech_Talent_Tree
4198	Zygerria	Zygerria	entity-page	1	1	no			wiki:Zygerrian
